time,algoritimo,server,carId, CoordX, CoordY, idObj,SizeObj,obDetect,prioridadeVideo,deadline,coordObjX,coordObjY,
28301,2,server1,28,30.1258,779.8,10,1.60367,2,2,94126,-49.8864,962959,
28322,2,server1,12,208602,779.8,14,2.89338,2,2,79803,303368,530572,
41156,2,server1,28,172416,779.8,14,2.89338,2,2,92637,303368,530572,
38612,2,server1,30,770.2,96797,33,1.22719,2,1,79969,596687,341138,
29322,2,server1,26,770.2,41.5339,41,1.0145,2,2,112462,919767,298792,
29406,2,server1,14,770.2,213942,42,0.407018,2,2,133602,1057.2,300631,
38.41,2,server1,22,770.2,214655,42,0.407018,2,2,142606,1057.2,300631,
42258,2,server1,26,770.2,214738,42,0.407018,2,2,146454,1057.2,300631,
48.91,2,server1,30,770.2,213651,42,0.407018,2,2,153106,1057.2,300631,
28322,2,server1,12,208602,779.8,43,2.19979,2,1,82.64,351853,1023.81,
36322,2,server1,20,196149,779.8,43,2.19979,2,1,90.64,351853,1023.81,
38.31,2,server1,24,188155,779.8,43,2.19979,2,1,92628,351853,1023.81,
41516,2,server1,28,178676,779.8,43,2.19979,2,1,95834,351853,1023.81,
28301,2,server1,28,30.1258,779.8,44,1.87482,2,1,81623,145474,556451,
96326,2,server1,1,327928,770.2,52,0.482587,2,2,192.67,94.8239,882335,
28322,2,server1,12,208602,779.8,56,2.36056,2,1,83199,174993,1076.39,
41156,2,server1,28,172416,779.8,56,2.36056,2,1,96033,174993,1076.39,
28322,2,server1,12,208602,779.8,64,1.25105,2,1,86594,345276,609383,
37292,2,server1,28,111516,779.8,64,1.25105,2,1,95564,345276,609383,
30211,2,server1,18,770.2,164832,67,1.77855,2,1,74337,910429,429.85,
39166,2,server1,26,770.2,169241,67,1.77855,2,1,83292,910429,429.85,
29608,2,server1,18,770.2,154992,70,0.436246,2,2,99723,787217,454036,
38119,2,server1,26,770.2,154559,70,0.436246,2,2,108234,787217,454036,
43708,2,server1,30,770.2,154596,70,0.436246,2,2,113823,787217,454036,
36013,2,server1,22,770.2,179979,73,2.35363,1,1,74193,486259,275997,
30011,2,server1,18,770.2,161555,74,1.35769,2,2,100246,899611,432135,
39166,2,server1,26,770.2,169241,74,1.35769,2,2,109401,899611,432135,
44.41,2,server1,30,770.2,162533,74,1.35769,2,2,114645,899611,432135,
38019,2,server1,28,124007,779.8,85,0.787776,2,1,100338,282533,526.07,
36117,2,server1,30,770.2,68.4628,86,0.537476,2,2,150226,766008,367734,
35809,2,server1,30,770.2,65.0603,87,0.923729,2,2,149918,855427,352112,
38716,2,server1,30,770.2,97.9256,88,0.659116,2,2,123843,864679,382659,
28322,2,server1,12,208602,779.8,91,0.784749,2,2,135553,255.74,488.36,
36322,2,server1,20,196149,779.8,91,0.784749,2,2,143553,255.74,488.36,
38.31,2,server1,24,188155,779.8,91,0.784749,2,2,145541,255.74,488.36,
41916,2,server1,28,184916,779.8,91,0.784749,2,2,149147,255.74,488.36,
89142,2,server1,5,430593,773.4,94,1.11527,2,2,196711,206883,740774,
28322,2,server1,12,208602,779.8,96,0.992116,2,0,67446,376766,654.2,
37292,2,server1,28,111516,779.8,96,0.992116,2,0,76416,376766,654.2,
36131,2,server1,4,381.84,779.8,101,0.511464,2,2,116425,448228,1064.92,
35299,2,server1,8,405289,776.6,101,0.511464,2,2,115593,448228,1064.92,
40308,2,server1,12,377603,779.8,101,0.511464,2,2,120602,448228,1064.92,
45289,2,server1,16,411001,779.8,101,0.511464,2,2,125583,448228,1064.92,
50.26,2,server1,20,370602,779.8,101,0.511464,2,2,130554,448228,1064.92,
56325,2,server1,24,458452,776.6,101,0.511464,2,2,136619,448228,1064.92,
61313,2,server1,28,483279,776.6,101,0.511464,2,2,141607,448228,1064.92,
28322,2,server1,12,208602,779.8,103,1.45038,2,0,68.01,46.9185,907148,
96326,2,server1,1,327928,770.2,110,0.536229,2,2,207602,79.1558,772979,
28322,2,server1,12,208602,779.8,110,0.536229,2,2,139598,79.1558,772979,
89142,2,server1,5,430593,773.4,112,0.830054,2,2,200865,410311,957862,
28322,2,server1,12,208602,779.8,112,0.830054,2,2,140045,410311,957862,
36322,2,server1,20,196149,779.8,112,0.830054,2,2,148045,410311,957862,
38.31,2,server1,24,188155,779.8,112,0.830054,2,2,150033,410311,957862,
41156,2,server1,28,172416,779.8,112,0.830054,2,2,152879,410311,957862,
39818,2,server1,30,770.2,110406,114,0.685534,2,1,101937,892815,383165,
35719,2,server1,26,770.2,119342,115,0.753068,1,1,102.86,955.62,354.3,
40609,2,server1,30,770.2,119485,115,0.753068,1,1,107.75,955.62,354.3,
29.61,2,server1,22,770.2,87.5056,116,2.54379,1,1,83903,571977,312.32,
38266,2,server1,30,770.2,92.2651,116,2.54379,1,1,92559,571977,312.32,
89142,2,server1,5,430593,773.4,117,1.43841,2,2,204445,279.3,597083,
28322,2,server1,12,208602,779.8,117,1.43841,2,2,143625,279.3,597083,
28322,2,server1,12,208602,779.8,122,0.578645,1,1,100469,53.7769,1017.62,
28322,2,server1,12,208602,779.8,125,0.57969,2,2,141.89,124456,705.78,
28322,2,server1,12,208602,779.8,125,0.582554,2,1,100857,3.32613,945.42,
30012,2,server1,22,770.2,93.2908,132,0.531563,2,2,161.15,798401,391411,
38317,2,server1,30,770.2,93.3969,132,0.531563,2,2,169455,798401,391411,
28322,2,server1,12,208602,779.8,135,2.05047,2,0,74508,47.1027,850.47,
28301,2,server1,28,30.1258,779.8,135,2.05047,2,0,74487,47.1027,850.47,
89142,2,server1,5,430593,773.4,138,1.18191,2,2,205402,215469,740.17,
28322,2,server1,12,208602,779.8,138,1.18191,2,2,144582,215469,740.17,
39309,2,server1,30,770.2,104721,139,0.617643,2,2,145848,678996,389414,
29.29,2,server1,4,298358,779.8,140,1.32362,2,0,79602,307376,1074.62,
28322,2,server1,12,208602,779.8,140,1.86455,2,2,127954,22.1477,612879,
38217,2,server1,16,306209,779.8,140,1.32362,2,0,88529,307376,1074.62,
40819,2,server1,20,252586,779.8,140,1.32362,2,0,91131,307376,1074.62,
48.17,2,server1,24,334421,776.6,140,1.32362,2,0,98482,307376,1074.62,
28301,2,server1,28,30.1258,779.8,140,1.86455,2,2,127933,22.1477,612879,
89142,2,server1,5,430593,773.4,141,0.789722,2,2,189586,337494,614361,
28322,2,server1,12,208602,779.8,141,0.789722,2,2,128766,337494,614361,
37292,2,server1,28,111516,779.8,141,0.789722,2,2,137736,337494,614361,
30247,2,server1,6,770.2,318461,144,0.402842,1,1,106368,531285,220717,
29322,2,server1,26,770.2,41.5339,144,0.402842,1,1,105443,531285,220717,
30247,2,server1,6,770.2,318461,145,0.476208,2,1,106368,586306,341,
39309,2,server1,30,770.2,104721,145,0.476208,2,1,115.43,586306,341,
36013,2,server1,22,770.2,179979,146,1.16688,2,2,155145,1004.16,366959,
39.82,2,server1,26,770.2,179514,146,1.16688,2,2,158952,1004.16,366959,
45912,2,server1,30,770.2,179564,146,1.16688,2,2,165044,1004.16,366959,
29.29,2,server1,4,298358,779.8,147,1.48576,2,2,129429,222.9,1046.31,
28322,2,server1,12,208602,779.8,147,1.48576,2,2,128461,222.9,1046.31,
37292,2,server1,28,111516,779.8,147,1.48576,2,2,137431,222.9,1046.31,
30247,2,server1,6,770.2,318461,148,0.451286,2,2,145408,591847,306094,
35809,2,server1,30,770.2,65.0603,148,0.451286,2,2,150.97,591847,306094,
39179,2,server1,14,770.2,369321,149,1.19491,2,2,158407,490479,335061,
46151,2,server1,22,770.2,325938,149,1.19491,2,2,165379,490479,335061,
44135,2,server1,26,770.2,242641,149,1.19491,2,2,163363,490479,335061,
51203,2,server1,30,770.2,238635,149,1.19491,2,2,170431,490479,335061,
29.29,2,server1,4,298358,779.8,150,0.420465,1,1,83581,541734,848427,
38217,2,server1,16,306209,779.8,150,0.420465,1,1,92508,541734,848427,
40634,2,server1,20,250084,779.8,150,0.420465,1,1,94925,541734,848427,
42622,2,server1,24,251311,776.6,150,0.420465,1,1,96913,541734,848427,
29.29,2,server1,4,298358,779.8,151,1.81728,2,2,129864,224588,1030.56,
28322,2,server1,12,208602,779.8,151,1.81728,2,2,128896,224588,1030.56,
37292,2,server1,28,111516,779.8,151,1.81728,2,2,137866,224588,1030.56,
28301,2,server1,28,30.1258,779.8,155,2.58017,2,2,133183,-107.16,758734,
30247,2,server1,6,770.2,318461,156,1.13318,2,1,88.5,581175,211377,
30247,2,server1,6,770.2,318461,157,0.524337,2,2,171377,819407,254247,
29.29,2,server1,4,298358,779.8,160,0.407354,2,1,95513,163501,877767,
29.29,2,server1,4,298358,779.8,160,1.62003,2,1,95733,307554,668327,
28322,2,server1,12,208602,779.8,160,0.407354,2,1,94545,163501,877767,
28322,2,server1,12,208602,779.8,160,1.62003,2,1,94765,307554,668327,
28301,2,server1,28,30.1258,779.8,160,1.62003,2,1,94744,307554,668327,
30247,2,server1,6,770.2,318461,163,0.718927,2,2,142361,880201,389531,
39.91,2,server1,30,770.2,111545,163,0.718927,2,2,152024,880201,389531,
30247,2,server1,6,770.2,318461,166,0.597915,1,2,160388,949593,318727,
37.01,2,server1,30,770.2,78.6573,166,0.597915,1,2,167151,949593,318727,
29.29,2,server1,4,298358,779.8,167,1.99066,2,1,111447,255.52,697704,
28322,2,server1,12,208602,779.8,167,1.99066,2,1,110479,255.52,697704,
28301,2,server1,28,30.1258,779.8,167,1.99066,2,1,110458,255.52,697704,
29.29,2,server1,4,298358,779.8,168,1.18514,2,1,108474,120144,755826,
28322,2,server1,12,208602,779.8,168,1.18514,2,1,107506,120144,755826,
30247,2,server1,6,770.2,318461,169,0.681025,2,2,129548,536847,248747,
35.42,2,server1,30,770.2,60533,169,0.681025,2,2,134721,536847,248747,
39414,2,server1,30,770.2,105862,169,1.61966,2,0,93628,1032.78,250838,
29.29,2,server1,4,298358,779.8,170,1.71888,2,0,85558,433213,859316,
28322,2,server1,12,208602,779.8,170,1.71888,2,0,84.59,433213,859316,
37807,2,server1,18,770.2,289551,170,2.12398,2,2,137165,471179,313163,
46151,2,server1,22,770.2,325938,170,2.12398,2,2,145509,471179,313163,
38.31,2,server1,24,188155,779.8,170,1.71888,2,0,94578,433213,859316,
47.31,2,server1,26,770.2,289608,170,2.12398,2,2,146668,471179,313163,
41156,2,server1,28,172416,779.8,170,1.71888,2,0,97424,433213,859316,
30247,2,server1,6,770.2,318461,172,0.635427,2,2,135372,1016.24,337356,
29288,2,server1,14,770.2,210739,172,0.635427,2,2,134413,1016.24,337356,
39166,2,server1,26,770.2,169241,172,0.635427,2,2,144291,1016.24,337356,
44711,2,server1,30,770.2,165946,172,0.635427,2,2,149836,1016.24,337356,
29.29,2,server1,4,298358,779.8,173,2.45616,1,1,101545,371583,654811,
28322,2,server1,12,208602,779.8,173,2.45616,1,1,100577,371583,654811,
37292,2,server1,28,111516,779.8,173,2.45616,1,1,109547,371583,654811,
29.29,2,server1,4,298358,779.8,174,1.57001,2,2,150591,239883,836434,
89142,2,server1,5,430593,773.4,174,1.57001,2,2,210443,239883,836434,
28305,2,server1,8,290124,776.6,174,1.57001,2,2,149606,239883,836434,
28322,2,server1,12,208602,779.8,174,1.57001,2,2,149623,239883,836434,
28324,2,server1,24,49.0886,779.8,174,1.57001,2,2,149625,239883,836434,
29.29,2,server1,4,298358,779.8,175,0.608646,1,2,152612,195.36,789.77,
89142,2,server1,5,430593,773.4,175,0.608646,1,2,212464,195.36,789.77,
28323,2,server1,8,291764,776.6,175,0.608646,1,2,151645,195.36,789.77,
28324,2,server1,24,49.0886,779.8,175,0.608646,1,2,151646,195.36,789.77,
28326,2,server1,28,30.1772,779.8,175,0.608646,1,2,151648,195.36,789.77,
29277,2,server1,18,770.2,148429,176,0.994387,2,2,168853,615676,-51551,
28577,2,server1,22,770.2,72.3345,176,0.994387,2,2,168153,615676,-51551,
29277,2,server1,18,770.2,148429,177,1.15244,2,2,168859,916798,-113228,
28583,2,server1,22,770.2,72.3345,177,1.15244,2,2,168165,916798,-113228,
28883,2,server1,24,52.7736,779.8,178,2.37167,2,2,143592,-57.8737,792346,
28712,2,server1,28,30.4755,779.8,178,2.37167,2,2,143421,-57.8737,792346,
29.29,2,server1,4,298358,779.8,179,2.78211,1,2,151166,310164,494831,
89818,2,server1,5,421129,773.4,179,2.78211,1,2,211694,310164,494831,
28881,2,server1,8,299995,776.6,179,2.78211,1,2,150757,310164,494831,
28882,2,server1,12,217.05,779.8,179,2.78211,1,2,150758,310164,494831,
40244,2,server1,20,245061,779.8,179,2.78211,1,2,162.12,310164,494831,
42144,2,server1,24,244338,779.8,179,2.78211,1,2,164.02,310164,494831,
29.29,2,server1,4,298358,779.8,180,0.826744,2,2,132173,178795,534641,
28887,2,server1,8,299995,776.6,180,0.826744,2,2,131.77,178795,534641,
28893,2,server1,12,217.05,779.8,180,0.826744,2,2,131776,178795,534641,
28888,2,server1,28,30.7925,779.8,180,0.826744,2,2,131771,178795,534641,
30247,2,server1,6,770.2,318461,181,0.986711,2,1,119.42,738904,207496,
29288,2,server1,14,770.2,210739,181,0.986711,2,1,118461,738904,207496,
29277,2,server1,18,770.2,148429,181,0.986711,2,1,118.45,738904,207496,
29322,2,server1,26,770.2,41.5339,181,0.986711,2,1,118495,738904,207496,
29217,2,server1,24,54.7291,779.8,182,0.83833,2,2,171.39,-95405,699944,
29288,2,server1,14,770.2,210739,183,1.28448,2,1,118466,521.69,363501,
40911,2,server1,26,770.2,195671,183,1.28448,2,1,130089,521.69,363501,
48255,2,server1,30,770.2,205695,183,1.28448,2,1,137433,521.69,363501,
29288,2,server1,14,770.2,210739,184,1.1722,2,2,149565,947502,13.9785,
29277,2,server1,22,770.2,81.7531,184,1.1722,2,2,149554,947502,13.9785,
29322,2,server1,26,770.2,41.5339,184,1.1722,2,2,149599,947502,13.9785,
30247,2,server1,6,770.2,318461,185,0.442833,2,2,148535,629526,368387,
29.29,2,server1,18,770.2,148429,185,0.442833,2,2,147578,629526,368387,
39205,2,server1,30,770.2,103588,185,0.442833,2,2,157493,629526,368387,
50317,2,server1,2,770.2,599924,186,1.95448,0,2,155607,553.32,720413,
89142,2,server1,5,430593,773.4,186,1.95448,0,2,194432,553.32,720413,
53201,2,server1,6,773.4,634.27,186,1.95448,0,2,158491,553.32,720413,
35299,2,server1,8,405289,776.6,186,1.95448,0,2,140589,553.32,720413,
61274,2,server1,10,770.2,712998,186,1.95448,0,2,166564,553.32,720413,
59141,2,server1,14,773.4,687492,186,1.95448,0,2,164431,553.32,720413,
38217,2,server1,16,306209,779.8,186,1.95448,0,2,143507,553.32,720.4,
52.27,2,server1,18,770.2,525929,186,1.95448,0,2,157.56,553.32,720413,
50.26,2,server1,20,370602,779.8,186,1.95448,0,2,155.55,553.32,720413,
66302,2,server1,22,770.2,616399,186,1.95448,0,2,171592,553.32,720413,
48.17,2,server1,24,334421,776.6,186,1.95448,0,2,153.46,553.32,720413,
71299,2,server1,26,770.2,640476,186,1.95448,0,2,176589,553.32,720413,
61313,2,server1,28,483279,776.6,186,1.95448,0,2,166603,553.32,720413,
77295,2,server1,30,770.2,534787,186,1.95448,0,2,182585,553.32,720413,
29326,2,server1,22,770.2,83.1754,187,0.721849,2,0,90648,837141,-203899,
30247,2,server1,6,770.2,318461,188,0.794283,1,0,91658,562776,228096,
29419,2,server1,14,770.2,213942,188,0.794283,1,0,90.83,562776,228096,
29415,2,server1,18,770.2,151709,188,0.794283,1,0,90826,562776,228096,
29413,2,server1,22,770.2,83.1754,188,0.794283,1,0,90824,562776,228096,
29474,2,server1,18,770.2,151709,189,0.500424,2,2,147944,508686,126.87,
29473,2,server1,22,770.2,84.6119,189,0.500424,2,2,147943,508686,126.87,
29475,2,server1,26,770.2,42.2189,189,0.500424,2,2,147945,508686,126.87,
30114,2,server1,18,770.2,163194,190,1.20584,2,2,150226,518418,19.2087,
30112,2,server1,26,770.2,46748,190,1.20584,2,2,150224,518418,19.2087,
30247,2,server1,6,770.2,318461,191,0.600166,2,1,103373,548.39,162681,
30128,2,server1,22,770.2,94.7373,191,0.600166,2,1,103254,548.39,162681,
30129,2,server1,26,770.2,47.5744,191,0.600166,2,1,103255,548.39,162681,
30247,2,server1,6,770.2,318461,192,0.71146,1,0,91376,638074,324824,
39179,2,server1,14,770.2,369321,192,0.71146,1,0,100308,638074,324824,
30131,2,server1,18,770.2,163194,192,0.71146,1,0,91.26,638074,324824,
30133,2,server1,22,770.2,94.7373,192,0.71146,1,0,91262,638074,324824,
30151,2,server1,18,770.2,163194,193,1.19049,2,0,91301,824394,-90.6852,
30155,2,server1,22,770.2,94.7373,193,1.19049,2,0,91305,824394,-90.6852,
38716,2,server1,30,770.2,97.9256,195,1.20523,2,1,132963,1055.29,190.33,
36015,2,server1,26,770.2,123744,196,1.85736,2,2,142268,1049.65,232845,
41007,2,server1,30,770.2,124012,196,1.85736,2,2,147.26,1049.65,232845,
39179,2,server1,14,770.2,369321,197,0.656558,2,1,112441,917988,426349,
39166,2,server1,26,770.2,169241,197,0.656558,2,1,112428,917988,426349,
44711,2,server1,30,770.2,165946,197,0.656558,2,1,117973,917988,426349,
39179,2,server1,14,770.2,369321,200,0.438783,2,2,175296,999506,297416,
39309,2,server1,30,770.2,104721,200,0.438783,2,2,175426,999506,297416,
39179,2,server1,14,770.2,369321,202,1.34399,2,2,175302,758783,245748,
39179,2,server1,14,770.2,369321,203,0.854088,1,2,142303,791488,298747,
36131,2,server1,4,381.84,779.8,204,0.545698,2,2,186293,182.37,595556,
89619,2,server1,5,423838,773.4,204,0.545698,2,2,239781,182.37,595556,
35299,2,server1,8,405289,776.6,204,0.545698,2,2,185461,182.37,595556,
39179,2,server1,14,770.2,369321,205,1.8413,2,2,160411,627162,276714,
91224,2,server1,14,773.4,756764,205,1.28305,2,1,284731,544357,677025,
96326,2,server1,1,327928,770.2,206,0.422112,2,2,318.55,562141,864215,
89188,2,server1,5,430593,773.4,206,0.808705,2,2,332373,636377,960174,
39179,2,server1,14,770.2,369321,206,0.403289,2,2,190479,567173,409467,
91224,2,server1,14,773.4,756764,206,0.808705,2,2,334409,636377,960174,
36619,2,server1,22,770.2,188644,206,0.403289,2,2,187919,567173,409467,
90287,2,server1,22,773.4,748597,206,0.808705,2,2,333472,636377,960174,
40512,2,server1,26,770.2,189798,206,0.403289,2,2,191812,567173,409467,
46717,2,server1,30,770.2,188654,206,0.403289,2,2,198017,567173,409467,
37.15,2,server1,10,770.2,367971,211,2.42829,2,2,136429,908.43,307376,
39179,2,server1,14,770.2,369321,211,2.42829,2,2,138458,908.43,307376,
37.15,2,server1,10,770.2,367971,212,0.687381,2,0,106.26,928217,333107,
39179,2,server1,14,770.2,369321,212,0.687381,2,0,108289,928217,333107,
37292,2,server1,28,111516,779.8,212,1.21369,2,2,153503,-82.4768,764468,
37.01,2,server1,30,770.2,78.6573,212,0.687381,2,0,106.12,928217,333107,
37.15,2,server1,10,770.2,367971,213,0.483109,2,1,128406,672838,470921,
37.15,2,server1,10,770.2,367971,213,1.20834,2,1,134378,605.87,285697,
39179,2,server1,14,770.2,369321,213,0.483109,2,1,130435,672838,470921,
39179,2,server1,14,770.2,369321,213,1.20834,2,1,136407,605.87,285697,
36.51,2,server1,22,770.2,187204,213,0.483109,2,1,127766,672838,470921,
40417,2,server1,26,770.2,188.33,213,0.483109,2,1,131673,672838,470921,
46616,2,server1,30,770.2,187524,213,0.483109,2,1,137872,672838,470921,
36131,2,server1,4,381.84,779.8,214,1.08592,2,0,107374,202778,828,
36131,2,server1,4,381.84,779.8,214,1.17858,2,2,153405,435776,751881,
35299,2,server1,8,405289,776.6,214,1.08592,2,0,106542,202778,828,
35299,2,server1,8,405289,776.6,214,1.17858,2,2,152573,435776,751881,
37.15,2,server1,10,770.2,367971,214,0.805825,2,2,162462,562.53,341.45,
39179,2,server1,14,770.2,369321,214,0.805825,2,2,164491,562.53,341.45,
38217,2,server1,16,306209,779.8,214,1.08592,2,0,109.46,202778,828,
38217,2,server1,16,306209,779.8,214,1.17858,2,2,155491,435776,751881,
36322,2,server1,20,196149,779.8,214,1.08592,2,0,107565,202778,828,
36322,2,server1,20,196149,779.8,214,1.17858,2,2,153596,435776,751881,
36135,2,server1,26,770.2,125212,214,0.805825,2,2,161447,562.53,341.45,
37292,2,server1,28,111516,779.8,214,1.08592,2,0,108535,202778,828,
41156,2,server1,28,172416,779.8,214,1.17858,2,2,158.43,435776,751881,
41116,2,server1,30,770.2,125144,214,0.805825,2,2,166428,562.53,341.45,
36131,2,server1,4,381.84,779.8,215,1.78746,2,0,107.41,232918,583729,
35299,2,server1,8,405289,776.6,215,1.78746,2,0,106578,232918,583729,
38217,2,server1,16,306209,779.8,215,1.78746,2,0,109496,232918,583729,
36322,2,server1,20,196149,779.8,215,1.78746,2,0,107601,232918,583729,
37292,2,server1,28,111516,779.8,215,1.78746,2,0,108571,232918,583729,
44211,2,server1,4,479855,779.8,216,1.37001,2,1,139495,609864,571007,
89142,2,server1,5,430593,773.4,216,1.37001,2,1,184426,609864,571007,
35299,2,server1,8,405289,776.6,216,1.37001,2,1,130583,609864,571007,
37.15,2,server1,10,770.2,367971,216,1.37001,2,1,132434,609864,571007,
52274,2,server1,12,546569,779.8,216,1.37001,2,1,147558,609864,571007,
39179,2,server1,14,770.2,369321,216,1.37001,2,1,134463,609864,571007,
45289,2,server1,16,411001,779.8,216,1.37001,2,1,140573,609864,571007,
40317,2,server1,18,770.2,330574,216,1.37001,2,1,135601,609864,571007,
58141,2,server1,20,469772,779.8,216,1.37001,2,1,153425,609864,571007,
46151,2,server1,22,770.2,325938,216,1.37001,2,1,141435,609864,571007,
56325,2,server1,24,458452,776.6,216,1.37001,2,1,151609,609864,571007,
50.29,2,server1,26,770.2,332186,216,1.37001,2,1,145574,609864,571007,
61313,2,server1,28,483279,776.6,216,1.37001,2,1,156597,609864,571007,
61149,2,server1,30,770.2,352109,216,1.37001,2,1,156433,609864,571007,
41296,2,server1,2,770.2,485032,217,1.15549,2,1,122418,835621,337699,
37.15,2,server1,10,770.2,367971,217,0.503232,2,1,115272,487999,366595,
37.15,2,server1,10,770.2,367971,217,1.15549,2,1,118272,835621,337699,
39179,2,server1,14,770.2,369321,217,0.503232,2,1,117301,487999,366595,
39179,2,server1,14,770.2,369321,217,1.15549,2,1,120301,835621,337699,
37186,2,server1,18,770.2,278063,217,0.503232,2,1,115308,487999,366595,
37186,2,server1,18,770.2,278063,217,1.15549,2,1,118308,835621,337699,
46151,2,server1,22,770.2,325938,217,0.503232,2,1,124273,487999,366595,
54155,2,server1,30,770.2,272661,217,0.503232,2,1,132277,487999,366595,
37.15,2,server1,10,770.2,367971,218,1.6096,2,1,118278,1016.73,250907,
39179,2,server1,14,770.2,369321,218,1.6096,2,1,120307,1016.73,250907,
37186,2,server1,18,770.2,278063,218,1.6096,2,1,118314,1016.73,250907,
37212,2,server1,30,770.2,80.9155,218,1.6096,2,1,118.34,1016.73,250907,
37.15,2,server1,10,770.2,367971,219,2.16862,2,1,115278,965257,143934,
39179,2,server1,14,770.2,369321,219,2.16862,2,1,117307,965257,143934,
37186,2,server1,18,770.2,278063,219,2.16862,2,1,115314,965257,143934,
48297,2,server1,0,653594,779.8,220,0.443848,2,1,152466,542908,550.22,
41296,2,server1,2,770.2,485032,220,0.443848,2,1,145465,542908,550.22,
36131,2,server1,4,381.84,779.8,220,0.443848,2,1,140.3,542908,550.22,
89142,2,server1,5,430593,773.4,220,0.443848,2,1,193311,542908,550.22,
35299,2,server1,8,405289,776.6,220,0.443848,2,1,139468,542908,550.22,
37.15,2,server1,10,770.2,367971,220,0.443848,2,1,141319,542908,550.22,
40308,2,server1,12,377603,779.8,220,0.443848,2,1,144477,542908,550.22,
39179,2,server1,14,770.2,369321,220,0.443848,2,1,143348,542908,550.22,
45289,2,server1,16,411001,779.8,220,0.443848,2,1,149458,542908,550.22,
44233,2,server1,18,770.2,394585,220,0.443848,2,1,148402,542908,550.22,
50.26,2,server1,20,370602,779.8,220,0.443848,2,1,154429,542908,550.22,
50206,2,server1,22,770.2,383763,220,0.443848,2,1,154375,542908,550.22,
48913,2,server1,24,346535,776.6,220,0.443848,2,1,153082,542908,550.22,
55228,2,server1,26,770.2,405566,220,0.443848,2,1,159397,542908,550.22,
61313,2,server1,28,483279,776.6,220,0.443848,2,1,165482,542908,550.22,
61411,2,server1,30,770.2,355513,220,0.443848,2,1,165.58,542908,550.22,
36131,2,server1,4,381.84,779.8,221,0.708731,2,1,113366,382662,969575,
35299,2,server1,8,405289,776.6,221,0.708731,2,1,112534,382662,969575,
38217,2,server1,16,306209,779.8,221,0.708731,2,1,115452,382662,969575,
36322,2,server1,20,196149,779.8,221,0.708731,2,1,113557,382662,969575,
38.31,2,server1,24,188155,779.8,221,0.708731,2,1,115545,382662,969575,
41156,2,server1,28,172416,779.8,221,0.708731,2,1,118391,382662,969575,
41296,2,server1,2,770.2,485032,222,0.407232,2,1,133.54,815588,239659,
35248,2,server1,6,770.2,386795,222,0.407232,2,1,127492,815588,239659,
37.15,2,server1,10,770.2,367971,222,0.407232,2,1,129394,815588,239659,
39179,2,server1,14,770.2,369321,222,0.407232,2,1,131423,815588,239659,
37186,2,server1,18,770.2,278063,222,0.407232,2,1,129.43,815588,239659,
35249,2,server1,26,770.2,112011,222,0.407232,2,1,127493,815588,239659,
35304,2,server1,12,307185,779.8,223,0.643762,2,2,169603,236216,502178,
38217,2,server1,16,306209,779.8,223,0.643762,2,2,172516,236216,502178,
36322,2,server1,20,196149,779.8,223,0.643762,2,2,170621,236216,502178,
38.31,2,server1,24,188155,779.8,223,0.643762,2,2,172609,236216,502178,
38019,2,server1,28,124007,779.8,223,0.643762,2,2,172318,236216,502178,
36127,2,server1,22,770.2,181425,224,0.731144,2,1,128249,948701,-28.9386,
36135,2,server1,26,770.2,123744,224,0.731144,2,1,128257,948701,-28.9386,
48297,2,server1,0,653594,779.8,225,1.1737,2,1,141428,655833,487905,
41296,2,server1,2,770.2,485032,225,1.1737,2,1,134427,655833,487905,
43273,2,server1,6,773.4,496492,225,1.1737,2,1,136404,655833,487905,
52185,2,server1,8,683226,776.6,225,1.1737,2,1,145316,655833,487905,
37.15,2,server1,10,770.2,367971,225,1.1737,2,1,130281,655833,487905,
64167,2,server1,12,711095,776.6,225,1.1737,2,1,157298,655833,487905,
39179,2,server1,14,770.2,369321,225,1.1737,2,1,132.31,655833,487905,
37186,2,server1,18,770.2,278063,225,1.1737,2,1,130317,655833,487905,
69283,2,server1,20,609079,779.8,225,1.1737,2,1,162414,655833,487905,
38291,2,server1,22,770.2,211765,225,1.1737,2,1,131422,655833,487905,
64.81,2,server1,24,587.03,779.8,225,1.1737,2,1,157941,655833,487905,
42258,2,server1,26,770.2,214738,225,1.1737,2,1,135389,655833,487905,
67213,2,server1,28,575159,776.6,225,1.1737,2,1,160344,655833,487905,
48712,2,server1,30,770.2,211381,225,1.1737,2,1,141843,655833,487905,
41296,2,server1,2,770.2,485032,226,1.44231,2,2,159437,800621,370096,
89142,2,server1,5,430593,773.4,226,1.27784,2,1,182279,281171,655665,
43273,2,server1,6,773.4,496492,226,1.44231,2,2,161414,800621,370096,
41.15,2,server1,8,502301,776.6,226,1.27784,2,1,134287,281171,655665,
37.15,2,server1,10,770.2,367971,226,1.44231,2,2,155291,800621,370096,
40308,2,server1,12,377603,779.8,226,1.27784,2,1,133445,281171,655665,
39179,2,server1,14,770.2,369321,226,1.44231,2,2,157.32,800621,370096,
80309,2,server1,14,773.4,756098,226,1.01496,2,1,258617,1010.48,836558,
38217,2,server1,16,306209,779.8,226,1.27784,2,1,131354,281171,655665,
37186,2,server1,18,770.2,278063,226,1.44231,2,2,155327,800621,370096,
36322,2,server1,20,196149,779.8,226,1.27784,2,1,129459,281171,655665,
36143,2,server1,22,770.2,181425,226,1.44231,2,2,154284,800621,370096,
90287,2,server1,22,773.4,748597,226,1.01496,2,1,268595,1010.48,836558,
38.31,2,server1,24,188155,779.8,226,1.27784,2,1,131447,281171,655665,
37292,2,server1,28,111516,779.8,226,1.27784,2,1,130429,281171,655665,
36415,2,server1,30,770.2,71.8651,226,1.44231,2,2,154556,800621,370096,
89185,2,server1,30,770.2,669861,226,1.01496,2,1,267493,1010.48,836558,
37.15,2,server1,10,770.2,367971,227,0.471855,2,1,119299,563216,176499,
39179,2,server1,14,770.2,369321,227,0.471855,2,1,121328,563216,176499,
37186,2,server1,18,770.2,278063,227,0.471855,2,1,119335,563216,176499,
36152,2,server1,26,770.2,125212,227,0.471855,2,1,118301,563216,176499,
36149,2,server1,30,770.2,68.4628,227,0.471855,2,1,118298,563216,176499,
36196,2,server1,26,770.2,125212,228,0.716918,2,1,118388,989091,63604,
36.2,2,server1,30,770.2,68.4628,228,0.716918,2,1,118392,989091,63604,
48297,2,server1,0,653594,779.8,229,0.925911,2,1,127619,431601,632999,
48297,2,server1,0,653594,779.8,229,1.46639,2,1,127656,443394,693784,
36327,2,server1,4,384261,779.8,229,0.925911,2,1,115649,431601,632999,
36.36,2,server1,4,384261,779.8,229,1.46639,2,1,115719,443394,693784,
41.15,2,server1,8,502301,776.6,229,0.925911,2,1,120472,431601,632999,
41.15,2,server1,8,502301,776.6,229,1.46639,2,1,120509,443394,693784,
40308,2,server1,12,377603,779.8,229,0.925911,2,1,119.63,431601,632999,
40308,2,server1,12,377603,779.8,229,1.46639,2,1,119667,443394,693784,
38217,2,server1,16,306209,779.8,229,0.925911,2,1,117539,431601,632999,
38217,2,server1,16,306209,779.8,229,1.46639,2,1,117576,443394,693784,
38.31,2,server1,24,188155,779.8,229,0.925911,2,1,117632,431601,632999,
38.31,2,server1,24,188155,779.8,229,1.46639,2,1,117669,443394,693784,
41156,2,server1,28,172416,779.8,229,0.925911,2,1,120478,431601,632999,
41156,2,server1,28,172416,779.8,229,1.46639,2,1,120515,443394,693784,
41296,2,server1,2,770.2,485032,230,2.87646,1,2,179414,767734,193028,
37.15,2,server1,10,770.2,367971,230,2.87646,1,2,175268,767734,193028,
39179,2,server1,14,770.2,369321,230,2.87646,1,2,177297,767734,193028,
37186,2,server1,18,770.2,278063,230,2.87646,1,2,175304,767734,193028,
38291,2,server1,22,770.2,211765,230,2.87646,1,2,176409,767734,193028,
90287,2,server1,22,773.4,748597,230,1.94129,2,1,274427,707.81,478997,
37123,2,server1,26,770.2,139872,230,2.87646,1,2,175241,767734,193028,
80308,2,server1,26,770.2,738.87,230,1.94129,2,1,264448,707.81,478997,
89185,2,server1,30,770.2,669861,230,1.94129,2,1,273325,707.81,478997,
37143,2,server1,30,770.2,79.7873,231,0.410005,2,1,143283,1049.3,74.5728,
48297,2,server1,0,653594,779.8,232,0.744162,2,2,179447,625045,501663,
41296,2,server1,2,770.2,485032,232,0.744162,2,2,172446,625045,501663,
62295,2,server1,4,697611,779.8,232,0.744162,2,2,193445,625045,501663,
43273,2,server1,6,773.4,496492,232,0.744162,2,2,174423,625045,501663,
41.31,2,server1,8,505586,776.6,232,0.744162,2,2,172.46,625045,501663,
52274,2,server1,12,546569,779.8,232,0.744162,2,2,183424,625045,501663,
39179,2,server1,14,770.2,369321,232,0.744162,2,2,170329,625045,501663,
55239,2,server1,16,560638,779.8,232,0.744162,2,2,186389,625045,501663,
37186,2,server1,18,770.2,278063,232,0.744162,2,2,168336,625045,501663,
69283,2,server1,20,609079,779.8,232,0.744162,2,2,200433,625045,501663,
46151,2,server1,22,770.2,325938,232,0.744162,2,2,177301,625045,501663,
64166,2,server1,24,576445,779.8,232,0.744162,2,2,195316,625045,501663,
44135,2,server1,26,770.2,242641,232,0.744162,2,2,175285,625045,501663,
67213,2,server1,28,575159,776.6,232,0.744162,2,2,198363,625045,501663,
51214,2,server1,30,770.2,239776,232,0.744162,2,2,182364,625045,501663,
41296,2,server1,2,770.2,485032,233,0.439418,2,2,194482,688.15,437.94,
43273,2,server1,6,773.4,496492,233,0.439418,2,2,196459,688.15,437.94,
39179,2,server1,14,770.2,369321,233,0.439418,2,2,192365,688.15,437.94,
38291,2,server1,22,770.2,211765,233,0.439418,2,2,191477,688.15,437.94,
37809,2,server1,26,770.2,150155,233,0.439418,2,2,190995,688.15,437.94,
43308,2,server1,30,770.2,150.06,233,0.439418,2,2,196494,688.15,437.94,
80.14,2,server1,14,773.4,756098,234,1.31796,2,1,271439,863527,589954,
90287,2,server1,22,773.4,748597,234,1.31796,2,1,281586,863527,589954,
80308,2,server1,26,770.2,738.87,234,1.31796,2,1,271607,863527,589954,
37189,2,server1,30,770.2,79.7873,234,0.429134,2,1,143378,517485,48.1569,
89185,2,server1,30,770.2,669861,234,1.31796,2,1,280484,863527,589954,
41296,2,server1,2,770.2,485032,235,0.440693,2,2,194549,712585,431576,
43273,2,server1,6,773.4,496492,235,0.440693,2,2,196526,712585,431576,
38227,2,server1,10,770.2,383767,235,0.440693,2,2,191.48,712585,431576,
39179,2,server1,14,770.2,369321,235,0.440693,2,2,192432,712585,431576,
80.14,2,server1,14,773.4,756098,235,0.914316,2,2,303449,770821,771272,
79299,2,server1,18,770.2,748597,235,0.914316,2,2,302608,770821,771272,
38291,2,server1,22,770.2,211765,235,0.440693,2,2,191544,712585,431576,
90287,2,server1,22,773.4,748597,235,0.914316,2,2,313596,770821,771272,
37.26,2,server1,26,770.2,141341,235,0.440693,2,2,190513,712585,431576,
80308,2,server1,26,770.2,738.87,235,0.914316,2,2,303617,770821,771272,
42212,2,server1,30,770.2,137593,235,0.440693,2,2,195465,712585,431576,
38.31,2,server1,24,188155,779.8,236,0.4348,2,2,164602,-64.3591,721282,
38217,2,server1,16,306209,779.8,237,0.687117,2,2,154.67,269987,482164,
40244,2,server1,20,245061,779.8,237,0.687117,2,2,156697,269987,482164,
42144,2,server1,24,244338,779.8,237,0.687117,2,2,158597,269987,482164,
41296,2,server1,2,770.2,485032,238,1.89482,2,1,131432,571269,272622,
38227,2,server1,10,770.2,383767,238,1.89482,2,1,128363,571269,272622,
39179,2,server1,14,770.2,369321,238,1.89482,2,1,129315,571269,272622,
40317,2,server1,18,770.2,330574,238,1.89482,2,1,130453,571269,272622,
38291,2,server1,22,770.2,211765,238,1.89482,2,1,128427,571269,272622,
38266,2,server1,30,770.2,92.2651,238,1.89482,2,1,128402,571269,272622,
41296,2,server1,2,770.2,485032,239,1.04057,2,0,118523,973903,644585,
44211,2,server1,4,479855,779.8,239,0.529604,2,0,121428,396363,519656,
63.01,2,server1,4,707296,779.8,239,1.04057,2,0,140237,973903,644585,
43273,2,server1,6,773.4,496492,239,1.04057,2,0,120.5,973903,644585,
41.15,2,server1,8,502301,776.6,239,0.529604,2,0,118367,396363,519656,
40308,2,server1,12,377603,779.8,239,0.529604,2,0,117525,396363,519656,
64167,2,server1,12,711095,776.6,239,1.04057,2,0,141394,973903,644585,
43282,2,server1,14,773.4,432058,239,1.04057,2,0,120509,973903,644585,
52.27,2,server1,18,770.2,525929,239,1.04057,2,0,129497,973903,644585,
40423,2,server1,20,247576,779.8,239,0.529604,2,0,117.64,396363,519656,
66302,2,server1,22,770.2,616399,239,1.04057,2,0,143529,973903,644585,
42219,2,server1,24,245.7,776.6,239,0.529604,2,0,119436,396363,519656,
71299,2,server1,26,770.2,640476,239,1.04057,2,0,148526,973903,644585,
45915,2,server1,28,247436,779.8,239,0.529604,2,0,123132,396363,519656,
40244,2,server1,20,245061,779.8,240,1.30926,1,0,117481,135354,583049,
38.31,2,server1,24,188155,779.8,240,1.30926,1,0,115547,135354,583049,
41156,2,server1,28,172416,779.8,240,1.30926,1,0,118393,135354,583049,
38291,2,server1,22,770.2,211765,241,0.972218,2,0,115557,642648,-36.5767,
38269,2,server1,26,770.2,156023,241,0.972218,2,0,115535,642648,-36.5767,
38291,2,server1,26,770.2,156023,242,0.69707,2,2,154582,622571,60.5595,
38294,2,server1,30,770.2,92.2651,242,0.69707,2,2,154585,622571,60.5595,
44211,2,server1,4,479855,779.8,243,0.802387,2,2,178521,430907,526794,
89142,2,server1,5,430593,773.4,243,0.802387,2,2,223452,430907,526794,
41.15,2,server1,8,502301,776.6,243,0.802387,2,2,175.46,430907,526794,
40308,2,server1,12,377603,779.8,243,0.802387,2,2,174618,430907,526794,
38312,2,server1,16,307705,779.8,243,0.802387,2,2,172622,430907,526794,
50.26,2,server1,20,370602,779.8,243,0.802387,2,2,184.57,430907,526794,
61313,2,server1,28,483279,776.6,243,0.802387,2,2,195623,430907,526794,
41296,2,server1,2,770.2,485032,244,0.908478,2,2,158.05,850522,505557,
43273,2,server1,6,773.4,496492,244,0.908478,2,2,160027,850522,505557,
38.76,2,server1,10,770.2,390934,244,0.908478,2,2,155514,850522,505557,
64923,2,server1,12,722356,776.6,244,0.908478,2,2,181677,850522,505557,
39179,2,server1,14,770.2,369321,244,0.908478,2,2,155933,850522,505557,
40317,2,server1,18,770.2,330574,244,0.908478,2,2,157071,850522,505557,
38743,2,server1,22,770.2,218992,244,1.00838,2,0,116484,901937,-43.2579,
39166,2,server1,26,770.2,169241,244,1.00838,2,0,116907,901937,-43.2579,
42.41,2,server1,26,770.2,217.67,244,0.908478,2,2,159164,850522,505557,
51203,2,server1,30,770.2,238635,244,0.908478,2,2,167957,850522,505557,
39179,2,server1,14,770.2,369321,245,2.07869,2,0,116972,478367,396677,
40317,2,server1,18,770.2,330574,245,2.07869,2,0,118.11,478367,396677,
46211,2,server1,22,770.2,327389,245,2.07869,2,0,124004,478367,396677,
50.29,2,server1,26,770.2,332186,245,2.07869,2,0,128083,478367,396677,
61149,2,server1,30,770.2,352109,245,2.07869,2,0,138942,478367,396677,
39166,2,server1,26,770.2,169241,246,0.697245,2,1,124283,956.17,36.5972,
41296,2,server1,2,770.2,485032,247,1.55864,2,1,126.43,608539,295169,
43273,2,server1,6,773.4,496492,247,1.55864,2,1,128407,608539,295169,
39179,2,server1,14,770.2,369321,247,1.55864,2,1,124313,608539,295169,
40317,2,server1,18,770.2,330574,247,1.55864,2,1,125451,608539,295169,
46151,2,server1,22,770.2,325938,247,1.55864,2,1,131285,608539,295169,
39166,2,server1,26,770.2,169241,247,1.55864,2,1,124.3,608539,295169,
39166,2,server1,30,770.2,102454,247,0.734423,2,2,160332,597586,48.0533,
41296,2,server1,2,770.2,485032,248,0.702435,2,0,121408,724302,337775,
41296,2,server1,2,770.2,485032,248,0.919434,2,1,147475,860118,427344,
43273,2,server1,6,773.4,496492,248,0.702435,2,0,123385,724302,337775,
43273,2,server1,6,773.4,496492,248,0.919434,2,1,149452,860118,427344,
61274,2,server1,10,770.2,712998,248,0.919434,2,1,167453,860118,427344,
43282,2,server1,14,773.4,432058,248,0.702435,2,0,123394,724302,337775,
40317,2,server1,18,770.2,330574,248,0.702435,2,0,120429,724302,337775,
40317,2,server1,18,770.2,330574,248,0.919434,2,1,146496,860118,427344,
40317,2,server1,18,770.2,330574,248,1.01871,2,2,162014,1055.83,240331,
46151,2,server1,22,770.2,325938,248,0.702435,2,0,126263,724302,337775,
46151,2,server1,22,770.2,325938,248,0.919434,2,1,152.33,860118,427344,
46151,2,server1,22,770.2,325938,248,1.01871,2,2,167848,1055.83,240331,
39189,2,server1,26,770.2,169241,248,0.919434,2,1,145368,860118,427344,
40.12,2,server1,30,770.2,113819,248,0.702435,2,0,120232,724302,337775,
42609,2,server1,30,770.2,142132,248,0.919434,2,1,148788,860118,427344,
43.21,2,server1,30,770.2,148921,248,1.01871,2,2,164907,1055.83,240331,
48297,2,server1,0,653594,779.8,249,1.6804,2,1,154869,696087,489315,
41296,2,server1,2,770.2,485032,249,1.6804,2,1,147868,696087,489315,
62295,2,server1,4,697611,779.8,249,1.6804,2,1,168867,696087,489315,
43273,2,server1,6,773.4,496492,249,1.6804,2,1,149845,696087,489315,
52185,2,server1,8,683226,776.6,249,1.6804,2,1,158757,696087,489315,
61274,2,server1,10,770.2,712998,249,1.6804,2,1,167846,696087,489315,
71775,2,server1,10,770.2,756088,249,1.67672,2,1,234547,739923,779118,
64167,2,server1,12,711095,776.6,249,1.6804,2,1,170739,696087,489315,
80.14,2,server1,14,773.4,756098,249,1.67672,2,1,242912,739923,779118,
40317,2,server1,18,770.2,330574,249,0.819175,2,1,148453,876268,141559,
40317,2,server1,18,770.2,330574,249,1.6804,2,1,146889,696087,489315,
79299,2,server1,18,770.2,748597,249,1.67672,2,1,242071,739923,779118,
46151,2,server1,22,770.2,325938,249,0.819175,2,1,154287,876268,141559,
46151,2,server1,22,770.2,325938,249,1.6804,2,1,152723,696087,489315,
76311,2,server1,22,773.4,742002,249,1.67672,2,1,239083,739923,779118,
71232,2,server1,24,683826,779.8,249,1.6804,2,1,177804,696087,489315,
40141,2,server1,26,770.2,183916,249,0.819175,2,1,148277,876268,141559,
42258,2,server1,26,770.2,214738,249,1.6804,2,1,148.83,696087,489315,
71784,2,server1,26,770.2,647807,249,1.67672,2,1,234556,739923,779118,
48255,2,server1,30,770.2,205695,249,1.6804,2,1,154827,696087,489315,
77295,2,server1,30,770.2,534787,249,1.67672,2,1,240067,739923,779118,
80.14,2,server1,14,773.4,756098,250,1.25343,2,2,286968,937033,851481,
40317,2,server1,18,770.2,330574,250,0.977004,2,1,148513,697095,99.0555,
79299,2,server1,18,770.2,748597,250,1.25343,2,2,286127,937033,851481,
46151,2,server1,22,770.2,325938,250,0.977004,2,1,154347,697095,99.0555,
76311,2,server1,22,773.4,742002,250,1.25343,2,2,283139,937033,851481,
71.83,2,server1,24,692908,779.8,250,1.25343,2,2,278658,937033,851481,
40202,2,server1,26,770.2,183916,250,0.977004,2,1,148398,697095,99.0555,
71844,2,server1,26,770.2,649.28,250,1.25343,2,2,278672,937033,851481,
89185,2,server1,30,770.2,669861,250,1.25343,2,2,296013,937033,851481,
44211,2,server1,4,479855,779.8,251,1.49842,2,1,150455,305265,696889,
89142,2,server1,5,430593,773.4,251,1.49842,2,1,195386,305265,696889,
41.15,2,server1,8,502301,776.6,251,1.49842,2,1,147394,305265,696889,
40308,2,server1,12,377603,779.8,251,1.49842,2,1,146552,305265,696889,
80.14,2,server1,14,773.4,756098,251,1.1353,2,1,263451,668049,972.58,
45289,2,server1,16,411001,779.8,251,1.49842,2,1,151533,305265,696889,
79299,2,server1,18,770.2,748597,251,1.1353,2,1,262.61,668049,972.58,
42144,2,server1,24,244338,779.8,251,1.49842,2,1,148388,305265,696889,
80308,2,server1,26,770.2,738.87,251,1.1353,2,1,263619,668049,972.58,
41156,2,server1,28,172416,779.8,251,1.49842,2,1,147.4,305265,696889,
48297,2,server1,0,653594,779.8,252,1.71773,2,1,154599,468027,750525,
44211,2,server1,4,479855,779.8,252,1.71773,2,1,150513,468027,750525,
89142,2,server1,5,430593,773.4,252,1.71773,2,1,195444,468027,750525,
41.15,2,server1,8,502301,776.6,252,1.71773,2,1,147452,468027,750525,
40308,2,server1,12,377603,779.8,252,1.71773,2,1,146.61,468027,750525,
45289,2,server1,16,411001,779.8,252,1.71773,2,1,151591,468027,750525,
42144,2,server1,24,244338,779.8,252,1.71773,2,1,148446,468027,750525,
41156,2,server1,28,172416,779.8,252,1.71773,2,1,147458,468027,750525,
44211,2,server1,4,479855,779.8,253,0.588663,2,1,155519,312172,588.17,
89142,2,server1,5,430593,773.4,253,0.588663,2,1,200.45,312172,588.17,
89142,2,server1,5,430593,773.4,253,1.11958,1,2,282441,512727,677493,
41.15,2,server1,8,502301,776.6,253,0.588663,2,1,152458,312172,588.17,
71302,2,server1,10,770.2,756081,253,1.11958,1,2,264601,512727,677493,
80.14,2,server1,14,773.4,756098,253,1.11958,1,2,273439,512727,677493,
45289,2,server1,16,411001,779.8,253,0.588663,2,1,156597,312172,588.17,
79299,2,server1,18,770.2,748597,253,1.11958,1,2,272598,512727,677493,
40308,2,server1,20,245061,779.8,253,0.588663,2,1,151616,312172,588.17,
76311,2,server1,22,773.4,742002,253,1.11958,1,2,269.61,512727,677493,
42144,2,server1,24,244338,779.8,253,0.588663,2,1,153452,312172,588.17,
71301,2,server1,24,683826,779.8,253,1.11958,1,2,264.6,512727,677493,
41156,2,server1,28,172416,779.8,253,0.588663,2,1,152464,312172,588.17,
77295,2,server1,30,770.2,534787,253,0.973177,2,1,247438,1035.23,495205,
77295,2,server1,30,770.2,534787,253,1.11958,1,2,270594,512727,677493,
71237,2,server1,10,770.2,756081,254,1.0556,2,1,233469,846.51,822218,
80.14,2,server1,14,773.4,756098,254,1.0556,2,1,242372,846.51,822218,
80.14,2,server1,14,773.4,756098,254,1.22335,2,2,286304,1035.77,865066,
79299,2,server1,18,770.2,748597,254,1.0556,2,1,241531,846.51,822218,
79299,2,server1,18,770.2,748597,254,1.22335,2,2,285463,1035.77,865066,
46151,2,server1,22,770.2,325938,254,1.75391,2,1,133468,904164,72.8235,
76311,2,server1,22,773.4,742002,254,1.0556,2,1,238543,846.51,822218,
76311,2,server1,22,773.4,742002,254,1.22335,2,2,282475,1035.77,865066,
71299,2,server1,26,770.2,640476,254,1.0556,2,1,233531,846.51,822218,
80308,2,server1,26,770.2,738.87,254,1.22335,2,2,286472,1035.77,865066,
40317,2,server1,30,770.2,116088,254,1.75391,2,1,127634,904164,72.8235,
77295,2,server1,30,770.2,534787,254,1.0556,2,1,239527,846.51,822218,
41296,2,server1,2,770.2,485032,255,1.36901,2,2,163412,557031,337456,
43273,2,server1,6,773.4,496492,255,1.36901,2,2,165389,557031,337456,
43282,2,server1,14,773.4,432058,255,1.36901,2,2,165398,557031,337456,
44233,2,server1,18,770.2,394585,255,1.36901,2,2,166349,557031,337456,
46151,2,server1,22,770.2,325938,255,1.36901,2,2,168267,557031,337456,
42258,2,server1,26,770.2,214738,255,1.36901,2,2,164374,557031,337456,
41296,2,server1,2,770.2,485032,256,1.51839,2,2,163424,875255,344036,
43273,2,server1,6,773.4,496492,256,1.51839,2,2,165401,875255,344036,
43282,2,server1,14,773.4,432058,256,1.51839,2,2,165.41,875255,344036,
44233,2,server1,18,770.2,394585,256,1.51839,2,2,166361,875255,344036,
46151,2,server1,22,770.2,325938,256,1.51839,2,2,168279,875255,344036,
42258,2,server1,26,770.2,214738,256,1.51839,2,2,164386,875255,344036,
48297,2,server1,0,653594,779.8,257,0.677489,2,1,140447,512019,940957,
44211,2,server1,4,479855,779.8,257,0.677489,2,1,136361,512019,940957,
89142,2,server1,5,430593,773.4,257,0.677489,2,1,181292,512019,940957,
52274,2,server1,12,546569,779.8,257,0.677489,2,1,144424,512019,940957,
45289,2,server1,16,411001,779.8,257,0.677489,2,1,137439,512019,940957,
50.26,2,server1,20,370602,779.8,257,0.677489,2,1,142.41,512019,940957,
48.17,2,server1,24,334421,776.6,257,0.677489,2,1,140.32,512019,940957,
61313,2,server1,28,483279,776.6,257,0.677489,2,1,153463,512019,940957,
44211,2,server1,4,479855,779.8,258,0.573672,2,2,190367,200208,692248,
89142,2,server1,5,430593,773.4,258,0.573672,2,2,235298,200208,692248,
45289,2,server1,16,411001,779.8,258,0.573672,2,2,191445,200208,692248,
50.26,2,server1,20,370602,779.8,258,0.573672,2,2,196416,200208,692248,
42144,2,server1,24,244338,779.8,258,0.573672,2,2,188.3,200208,692248,
89142,2,server1,5,430593,773.4,259,0.583116,2,1,257533,471858,938234,
43273,2,server1,6,773.4,496492,259,2.10443,2,1,142569,700678,307677,
43282,2,server1,14,773.4,432058,259,2.10443,2,1,142578,700678,307677,
44233,2,server1,18,770.2,394585,259,2.10443,2,1,143529,700678,307677,
69283,2,server1,20,609079,779.8,259,0.583116,2,1,237674,471858,938234,
46151,2,server1,22,770.2,325938,259,2.10443,2,1,145447,700678,307677,
71232,2,server1,24,683826,779.8,259,0.583116,2,1,239623,471858,938234,
42258,2,server1,26,770.2,214738,259,0.764491,2,1,158378,749233,-37.9034,
42258,2,server1,26,770.2,214738,259,2.10443,2,1,141554,700678,307677,
41299,2,server1,30,770.2,126278,259,2.10443,2,1,140595,700678,307677,
50317,2,server1,2,770.2,599924,260,0.690969,2,1,166431,958451,427724,
89142,2,server1,5,430593,773.4,260,0.52743,2,1,249425,656936,816243,
43273,2,server1,6,773.4,496492,260,0.690969,2,1,159387,958451,427724,
71164,2,server1,10,770.2,756079,260,0.52743,2,1,231447,656936,816243,
43282,2,server1,14,773.4,432058,260,0.690969,2,1,159396,958451,427724,
70127,2,server1,14,773.4,756068,260,0.52743,2,1,230.41,656936,816243,
44233,2,server1,18,770.2,394585,260,0.690969,2,1,160347,958451,427724,
79299,2,server1,18,770.2,748597,260,0.52743,2,1,239582,656936,816243,
46151,2,server1,22,770.2,325938,260,0.690969,2,1,162265,958451,427724,
46151,2,server1,22,770.2,325938,260,1.90923,2,1,140421,875897,66.8171,
76311,2,server1,22,773.4,742002,260,0.52743,2,1,236594,656936,816243,
71232,2,server1,24,683826,779.8,260,0.52743,2,1,231515,656936,816243,
42258,2,server1,26,770.2,214738,260,0.690969,2,1,158372,958451,427724,
71299,2,server1,26,770.2,640476,260,0.52743,2,1,231582,656936,816243,
42.26,2,server1,30,770.2,137593,260,0.492932,2,1,136518,680334,-53.8583,
42272,2,server1,30,770.2,137593,260,1.90923,2,1,136542,875897,66.8171,
77606,2,server1,30,770.2,539.34,260,0.52743,2,1,237889,656936,816243,
43282,2,server1,14,773.4,432058,262,0.752055,2,1,143555,1041.93,409953,
44233,2,server1,18,770.2,394585,262,0.752055,2,1,144506,1041.93,409953,
46151,2,server1,22,770.2,325938,262,0.752055,2,1,146424,1041.93,409953,
47208,2,server1,26,770.2,286676,262,0.752055,2,1,147481,1041.93,409953,
55012,2,server1,30,770.2,282859,262,0.752055,2,1,155285,1041.93,409953,
77295,2,server1,30,770.2,534787,262,2.3556,2,0,210672,496895,432403,
50317,2,server1,2,770.2,599924,263,1.78832,2,1,170599,923906,491.82,
43292,2,server1,6,773.4,496492,263,1.78832,2,1,163574,923906,491.82,
61274,2,server1,10,770.2,712998,263,1.78832,2,1,181556,923906,491.82,
71164,2,server1,10,770.2,756079,263,0.473461,2,1,239377,734692,933757,
70127,2,server1,14,773.4,756068,263,0.473461,2,1,238.34,734692,933757,
44233,2,server1,18,770.2,394585,263,1.78832,2,1,164515,923906,491.82,
79299,2,server1,18,770.2,748597,263,0.473461,2,1,247512,734692,933757,
69283,2,server1,20,609079,779.8,263,0.473461,2,1,237496,734692,933757,
46151,2,server1,22,770.2,325938,263,1.78832,2,1,166433,923906,491.82,
76311,2,server1,22,773.4,742002,263,0.473461,2,1,244524,734692,933757,
71232,2,server1,24,683826,779.8,263,0.473461,2,1,239445,734692,933757,
44135,2,server1,26,770.2,242641,263,1.78832,2,1,164417,923906,491.82,
71299,2,server1,26,770.2,640476,263,0.473461,2,1,239512,734692,933757,
51203,2,server1,30,770.2,238635,263,1.78832,2,1,171485,923906,491.82,
89185,2,server1,30,770.2,669861,263,0.473461,2,1,257398,734692,933757,
50317,2,server1,2,770.2,599924,264,2.66254,2,1,171352,815731,504023,
62314,2,server1,4,698823,779.8,264,2.66254,2,1,183349,815731,504023,
44036,2,server1,6,773.4,507624,264,2.66254,2,1,165071,815731,504023,
52616,2,server1,8,691453,776.6,264,2.66254,2,1,173651,815731,504023,
61274,2,server1,10,770.2,712998,264,2.66254,2,1,182309,815731,504023,
64167,2,server1,12,711095,776.6,264,2.66254,2,1,185202,815731,504023,
44233,2,server1,18,770.2,394585,264,2.66254,2,1,165268,815731,504023,
46151,2,server1,22,770.2,325938,264,2.66254,2,1,167186,815731,504023,
44135,2,server1,26,770.2,242641,264,2.66254,2,1,165.17,815731,504023,
48407,2,server1,30,770.2,207963,264,2.66254,2,1,169442,815731,504023,
50317,2,server1,2,770.2,599924,265,1.24621,2,1,151431,662381,359153,
53201,2,server1,6,773.4,634.27,265,1.24621,2,1,154315,662381,359153,
44233,2,server1,18,770.2,394585,265,1.24621,2,1,145347,662381,359153,
46151,2,server1,22,770.2,325938,265,1.24621,2,1,147265,662381,359153,
44135,2,server1,26,770.2,242641,265,1.24621,2,1,145249,662381,359153,
50317,2,server1,2,770.2,599924,266,0.765595,2,2,208.55,736798,416645,
53201,2,server1,6,773.4,634.27,266,0.765595,2,2,211434,736798,416645,
61274,2,server1,10,770.2,712998,266,0.765595,2,2,219507,736798,416645,
71164,2,server1,10,770.2,756079,266,1.52428,2,2,279331,854005,892448,
59141,2,server1,14,773.4,687492,266,0.765595,2,2,217374,736798,416645,
70127,2,server1,14,773.4,756068,266,1.52428,2,2,278294,854005,892448,
79299,2,server1,18,770.2,748597,266,1.52428,2,2,287466,854005,892448,
69283,2,server1,20,609079,779.8,266,1.52428,2,2,277.45,854005,892448,
46151,2,server1,22,770.2,325938,266,0.765595,2,2,204384,736798,416645,
66302,2,server1,22,770.2,616399,266,1.52428,2,2,274469,854005,892448,
64171,2,server1,24,576445,779.8,266,1.52428,2,2,272338,854005,892448,
44235,2,server1,26,770.2,244109,266,0.765595,2,2,202468,736798,416645,
71299,2,server1,26,770.2,640476,266,1.52428,2,2,279466,854005,892448,
67332,2,server1,28,578295,776.6,266,1.52428,2,2,275499,854005,892448,
44235,2,server1,30,770.2,160268,266,0.765595,2,2,202468,736798,416645,
89185,2,server1,30,770.2,669861,266,1.52428,2,2,297352,854005,892448,
48297,2,server1,0,653594,779.8,267,0.505589,2,1,162508,589419,607808,
48297,2,server1,0,653594,779.8,267,0.519724,2,1,162807,490481,877555,
96326,2,server1,1,327928,770.2,267,0.519724,2,1,210836,490481,877555,
50317,2,server1,2,770.2,599924,267,0.505589,2,1,164528,589419,607808,
89142,2,server1,5,430593,773.4,267,0.505589,2,1,203353,589419,607808,
89142,2,server1,5,430593,773.4,267,0.519724,2,1,203652,490481,877555,
53201,2,server1,6,773.4,634.27,267,0.505589,2,1,167412,589419,607808,
52185,2,server1,8,683226,776.6,267,0.505589,2,1,166396,589419,607808,
52185,2,server1,8,683226,776.6,267,0.519724,2,1,166695,490481,877555,
61274,2,server1,10,770.2,712998,267,0.505589,2,1,175485,589419,607808,
52274,2,server1,12,546569,779.8,267,0.505589,2,1,166485,589419,607808,
52274,2,server1,12,546569,779.8,267,0.519724,2,1,166784,490481,877555,
59141,2,server1,14,773.4,687492,267,0.505589,2,1,173352,589419,607808,
45289,2,server1,16,411001,779.8,267,0.505589,2,1,159.5,589419,607808,
45289,2,server1,16,411001,779.8,267,0.519724,2,1,159799,490481,877555,
44233,2,server1,18,770.2,394585,267,0.505589,2,1,158444,589419,607808,
50.26,2,server1,20,370602,779.8,267,0.505589,2,1,164471,589419,607808,
50.26,2,server1,20,370602,779.8,267,0.519724,2,1,164.77,490481,877555,
46151,2,server1,22,770.2,325938,267,1.70919,2,2,220286,665386,73842,
50206,2,server1,22,770.2,383763,267,0.505589,2,1,164417,589419,607808,
48.17,2,server1,24,334421,776.6,267,0.519724,2,1,162.68,490481,877555,
48624,2,server1,24,341989,776.6,267,0.505589,2,1,162835,589419,607808,
55228,2,server1,26,770.2,405566,267,0.505589,2,1,169439,589419,607808,
71299,2,server1,26,770.2,640476,267,0.747377,2,0,204601,824485,414711,
45237,2,server1,28,236494,779.8,267,0.519724,2,1,159747,490481,877555,
61313,2,server1,28,483279,776.6,267,0.505589,2,1,175524,589419,607808,
44136,2,server1,30,770.2,159136,267,1.70919,2,2,218271,665386,73842,
77295,2,server1,30,770.2,534787,267,0.505589,2,1,191506,589419,607808,
77295,2,server1,30,770.2,534787,267,0.747377,2,0,210597,824485,414711,
96326,2,server1,1,327928,770.2,268,0.492348,2,2,268492,368912,489149,
89142,2,server1,5,430593,773.4,268,0.492348,2,2,261308,368912,489149,
89142,2,server1,5,430593,773.4,268,1.11071,2,2,216652,254881,781093,
71164,2,server1,10,770.2,756079,268,1.06917,2,2,255522,765007,518105,
52274,2,server1,12,546569,779.8,268,1.11071,2,2,179784,254881,781093,
64167,2,server1,12,711095,776.6,268,1.06917,2,2,248525,765007,518105,
70127,2,server1,14,773.4,756068,268,1.06917,2,2,254485,765007,518105,
45289,2,server1,16,411001,779.8,268,1.11071,2,2,172799,254881,781093,
79299,2,server1,18,770.2,748597,268,1.06917,2,2,263657,765007,518105,
50.26,2,server1,20,370602,779.8,268,1.11071,2,2,177.77,254881,781093,
70.02,2,server1,20,619097,779.8,268,1.06917,2,2,254378,765007,518105,
66302,2,server1,22,770.2,616399,268,1.06917,2,2,250.66,765007,518105,
48.17,2,server1,24,334421,776.6,268,1.11071,2,2,175.68,254881,781093,
71232,2,server1,24,683826,779.8,268,1.06917,2,2,255.59,765007,518105,
71299,2,server1,26,770.2,640476,268,1.06917,2,2,255657,765007,518105,
45224,2,server1,28,186477,779.8,268,1.11071,2,2,172734,254881,781093,
77295,2,server1,30,770.2,534787,268,1.06917,2,2,261653,765007,518105,
62295,2,server1,4,697611,779.8,269,0.744574,2,2,229579,954535,835.38,
61287,2,server1,10,770.2,712998,269,0.744574,2,2,228571,954535,835.38,
64167,2,server1,12,711095,776.6,269,0.744574,2,2,231451,954535,835.38,
70127,2,server1,14,773.4,756068,269,0.744574,2,2,237411,954535,835.38,
66302,2,server1,22,770.2,616399,269,0.744574,2,2,233586,954535,835.38,
71232,2,server1,24,683826,779.8,269,0.744574,2,2,238516,954535,835.38,
71299,2,server1,26,770.2,640476,269,0.744574,2,2,238583,954535,835.38,
89185,2,server1,30,770.2,669861,269,0.744574,2,2,256469,954535,835.38,
62295,2,server1,4,697611,779.8,270,0.54495,2,2,236569,499908,781278,
62419,2,server1,4,700033,779.8,270,0.573056,2,1,199732,761678,486326,
89142,2,server1,5,430593,773.4,270,0.54495,2,2,263416,499908,781278,
61319,2,server1,10,770.2,712998,270,0.573056,2,1,198632,761678,486326,
64167,2,server1,12,711095,776.6,270,0.54495,2,2,238441,499908,781278,
64167,2,server1,12,711095,776.6,270,0.573056,2,1,201.48,761678,486326,
70127,2,server1,14,773.4,756068,270,0.54495,2,2,244401,499908,781278,
70127,2,server1,14,773.4,756068,270,0.573056,2,1,207.44,761678,486326,
61284,2,server1,18,770.2,673709,270,0.54495,2,2,235558,499908,781278,
61317,2,server1,18,770.2,675354,270,0.573056,2,1,198.63,761678,486326,
69283,2,server1,20,609079,779.8,270,0.54495,2,2,243557,499908,781278,
46151,2,server1,22,770.2,325938,270,0.580199,2,1,148286,846.07,138185,
66302,2,server1,22,770.2,616399,270,0.573056,2,1,203615,761678,486326,
76311,2,server1,22,773.4,742002,270,0.54495,2,2,250585,499908,781278,
64166,2,server1,24,576445,779.8,270,0.54495,2,2,238.44,499908,781278,
47208,2,server1,26,770.2,286676,270,0.580199,2,1,149343,846.07,138185,
71299,2,server1,26,770.2,640476,270,0.573056,2,1,208612,761678,486326,
72013,2,server1,26,770.2,652215,270,0.54495,2,2,246287,499908,781278,
61313,2,server1,28,483279,776.6,270,0.54495,2,2,235587,499908,781278,
61314,2,server1,30,770.2,354378,270,0.573056,2,1,198627,761678,486326,
89185,2,server1,30,770.2,669861,270,0.54495,2,2,263459,499908,781278,
48297,2,server1,0,653594,779.8,271,0.928046,1,1,152534,472679,673138,
96326,2,server1,1,327928,770.2,271,0.494555,2,2,280621,420411,1034.89,
62295,2,server1,4,697611,779.8,271,0.85749,1,2,236634,782465,586306,
62295,2,server1,4,697611,779.8,271,0.928046,1,1,166532,472679,673138,
89142,2,server1,5,430593,773.4,271,0.494555,2,2,273437,420411,1034.89,
89142,2,server1,5,430593,773.4,271,0.928046,1,1,193379,472679,673138,
52185,2,server1,8,683226,776.6,271,0.928046,1,1,156422,472679,673138,
52274,2,server1,12,546569,779.8,271,0.928046,1,1,156511,472679,673138,
64167,2,server1,12,711095,776.6,271,0.85749,1,2,238506,782465,586306,
70127,2,server1,14,773.4,756068,271,0.85749,1,2,244466,782465,586306,
45289,2,server1,16,411001,779.8,271,0.928046,1,1,149526,472679,673138,
61284,2,server1,18,770.2,673709,271,0.928046,1,1,165521,472679,673138,
61342,2,server1,18,770.2,675354,271,0.85749,1,2,235681,782465,586306,
50.26,2,server1,20,370602,779.8,271,0.928046,1,1,154497,472679,673138,
69283,2,server1,20,609079,779.8,271,0.85749,1,2,243622,782465,586306,
66302,2,server1,22,770.2,616399,271,0.85749,1,2,240641,782465,586306,
48.17,2,server1,24,334421,776.6,271,0.928046,1,1,152407,472679,673138,
64166,2,server1,24,576445,779.8,271,0.494555,2,2,248461,420411,1034.89,
64166,2,server1,24,576445,779.8,271,0.85749,1,2,238505,782465,586306,
71299,2,server1,26,770.2,640476,271,0.85749,1,2,245638,782465,586306,
71299,2,server1,26,770.2,640476,271,0.928046,1,1,175536,472679,673138,
67213,2,server1,28,575159,776.6,271,0.85749,1,2,241552,782465,586306,
61347,2,server1,30,770.2,354378,271,0.85749,1,2,235686,782465,586306,
89185,2,server1,30,770.2,669861,271,0.928046,1,1,193422,472679,673138,
48297,2,server1,0,653594,779.8,272,1.63383,2,1,157586,612206,776796,
50317,2,server1,2,770.2,599924,272,1.63383,2,1,159606,612206,776796,
62295,2,server1,4,697611,779.8,272,1.63383,2,1,171584,612206,776796,
89142,2,server1,5,430593,773.4,272,1.63383,2,1,198431,612206,776796,
53201,2,server1,6,773.4,634.27,272,1.63383,2,1,162.49,612206,776796,
52185,2,server1,8,683226,776.6,272,1.63383,2,1,161474,612206,776796,
61274,2,server1,10,770.2,712998,272,1.63383,2,1,170563,612206,776796,
52274,2,server1,12,546569,779.8,272,1.63383,2,1,161563,612206,776796,
59141,2,server1,14,773.4,687492,272,1.63383,2,1,168.43,612206,776796,
52.27,2,server1,18,770.2,525929,272,1.63383,2,1,161559,612206,776796,
50.26,2,server1,20,370602,779.8,272,1.63383,2,1,159549,612206,776796,
66302,2,server1,22,770.2,616399,272,1.63383,2,1,175591,612206,776796,
48.17,2,server1,24,334421,776.6,272,1.63383,2,1,157459,612206,776796,
71299,2,server1,26,770.2,640476,272,1.63383,2,1,180588,612206,776796,
61313,2,server1,28,483279,776.6,272,1.63383,2,1,170602,612206,776796,
77295,2,server1,30,770.2,534787,272,1.63383,2,1,186584,612206,776796,
62295,2,server1,4,697611,779.8,274,0.844205,2,2,247534,680194,650932,
89142,2,server1,5,430593,773.4,274,0.77389,2,1,226566,338612,678443,
89142,2,server1,5,430593,773.4,274,0.844205,2,2,274381,680194,650932,
89142,2,server1,5,430593,773.4,274,1.32821,2,2,282333,234135,775369,
89142,2,server1,5,430593,773.4,274,1.75203,2,1,199124,161.15,890246,
61274,2,server1,10,770.2,712998,274,0.844205,2,2,246513,680194,650932,
64167,2,server1,12,711095,776.6,274,0.844205,2,2,249406,680194,650932,
59141,2,server1,14,773.4,687492,274,0.844205,2,2,244.38,680194,650932,
61284,2,server1,18,770.2,673709,274,0.844205,2,2,246523,680194,650932,
50.26,2,server1,20,370602,779.8,274,1.75203,2,1,160242,161.15,890246,
58141,2,server1,20,469772,779.8,274,0.77389,2,1,195565,338612,678443,
58141,2,server1,20,469772,779.8,274,0.844205,2,2,243.38,680194,650932,
66302,2,server1,22,770.2,616399,274,0.844205,2,2,251541,680194,650932,
48.17,2,server1,24,334421,776.6,274,1.75203,2,1,158152,161.15,890246,
56325,2,server1,24,458452,776.6,274,0.844205,2,2,241564,680194,650932,
55243,2,server1,26,770.2,405566,274,0.844205,2,2,240482,680194,650932,
45984,2,server1,28,247436,779.8,274,1.75203,2,1,155966,161.15,890246,
61313,2,server1,28,483279,776.6,274,0.77389,2,1,198737,338612,678443,
61313,2,server1,28,483279,776.6,274,0.844205,2,2,246552,680194,650932,
61313,2,server1,28,483279,776.6,274,1.32821,2,2,254504,234135,775369,
77295,2,server1,30,770.2,534787,274,0.844205,2,2,262534,680194,650932,
62295,2,server1,4,697611,779.8,275,0.457665,2,2,210523,569895,580811,
62295,2,server1,4,697611,779.8,275,0.471332,2,2,225436,706088,985003,
62295,2,server1,4,697611,779.8,275,1.22837,2,2,255436,585611,770.31,
89142,2,server1,5,430593,773.4,275,0.457665,2,2,237.37,569895,580811,
89142,2,server1,5,430593,773.4,275,1.22837,2,2,282283,585611,770.31,
89142,2,server1,5,430593,773.4,275,1.37376,2,2,274721,318657,619329,
61274,2,server1,10,770.2,712998,275,0.457665,2,2,209502,569895,580811,
61274,2,server1,10,770.2,712998,275,0.471332,2,2,224415,706088,985003,
61274,2,server1,10,770.2,712998,275,1.22837,2,2,254415,585611,770.31,
64167,2,server1,12,711095,776.6,275,0.457665,2,2,212395,569895,580811,
64167,2,server1,12,711095,776.6,275,0.471332,2,2,227308,706088,985003,
64167,2,server1,12,711095,776.6,275,1.22837,2,2,257308,585611,770.31,
59141,2,server1,14,773.4,687492,275,0.457665,2,2,207369,569895,580811,
59141,2,server1,14,773.4,687492,275,1.22837,2,2,252282,585611,770.31,
55239,2,server1,16,560638,779.8,275,0.457665,2,2,203467,569895,580811,
61284,2,server1,18,770.2,673709,275,0.457665,2,2,209512,569895,580811,
61284,2,server1,18,770.2,673709,275,1.22837,2,2,254425,585611,770.31,
79299,2,server1,18,770.2,748597,275,0.471332,2,2,242.44,706088,985003,
58141,2,server1,20,469772,779.8,275,0.457665,2,2,206369,569895,580811,
58141,2,server1,20,469772,779.8,275,1.37376,2,2,243.72,318657,619329,
69283,2,server1,20,609079,779.8,275,0.471332,2,2,232424,706088,985003,
66302,2,server1,22,770.2,616399,275,0.457665,2,2,214.53,569895,580811,
66302,2,server1,22,770.2,616399,275,1.22837,2,2,259443,585611,770.31,
76311,2,server1,22,773.4,742002,275,0.471332,2,2,239452,706088,985003,
56325,2,server1,24,458452,776.6,275,0.457665,2,2,204553,569895,580811,
56325,2,server1,24,458452,776.6,275,1.37376,2,2,241904,318657,619329,
64166,2,server1,24,576445,779.8,275,0.471332,2,2,227307,706088,985003,
64166,2,server1,24,576445,779.8,275,1.22837,2,2,257307,585611,770.31,
71299,2,server1,26,770.2,640476,275,1.22837,2,2,264.44,585611,770.31,
80308,2,server1,26,770.2,738.87,275,0.471332,2,2,243449,706088,985003,
61313,2,server1,28,483279,776.6,275,0.457665,2,2,209541,569895,580811,
61313,2,server1,28,483279,776.6,275,1.22837,2,2,254454,585611,770.31,
61313,2,server1,28,483279,776.6,275,1.37376,2,2,246892,318657,619329,
61712,2,server1,28,490799,776.6,275,0.471332,2,2,224853,706088,985003,
61609,2,server1,30,770.2,357781,275,0.457665,2,2,209837,569895,580811,
77295,2,server1,30,770.2,534787,275,1.22837,2,2,270436,585611,770.31,
58141,2,server1,20,469772,779.8,276,0.737046,2,1,195466,528502,1066.2,
47208,2,server1,26,770.2,286676,276,0.818917,2,0,140359,970889,105352,
61313,2,server1,28,483279,776.6,276,0.737046,2,1,198638,528502,1066.2,
46151,2,server1,30,770.2,181842,276,0.818917,2,0,139302,970889,105352,
50317,2,server1,2,770.2,599924,277,0.514017,1,1,157525,863019,483585,
53201,2,server1,6,773.4,634.27,277,0.514017,1,1,160409,863019,483585,
61274,2,server1,10,770.2,712998,277,0.514017,1,1,168482,863019,483585,
59141,2,server1,14,773.4,687492,277,0.514017,1,1,166349,863019,483585,
52.27,2,server1,18,770.2,525929,277,0.514017,1,1,159478,863019,483585,
52.27,2,server1,18,770.2,525929,277,0.842922,2,0,145.52,1011.29,390529,
50206,2,server1,22,770.2,383763,277,0.514017,1,1,157414,863019,483585,
47208,2,server1,26,770.2,286676,277,0.842922,2,0,140458,1011.29,390529,
48255,2,server1,30,770.2,205695,277,0.514017,1,1,155463,863019,483585,
48811,2,server1,30,770.2,212.52,277,0.842922,2,0,142061,1011.29,390529,
48297,2,server1,0,653594,779.8,278,1.65676,2,2,209467,374559,702.69,
89142,2,server1,5,430593,773.4,278,1.65676,2,2,250312,374559,702.69,
52274,2,server1,12,546569,779.8,278,1.65676,2,2,213444,374559,702.69,
55239,2,server1,16,560638,779.8,278,1.65676,2,2,216409,374559,702.69,
50.26,2,server1,20,370602,779.8,278,1.65676,2,2,211.43,374559,702.69,
55228,2,server1,26,770.2,405566,278,0.699587,2,1,183498,590.46,312127,
61313,2,server1,28,483279,776.6,278,1.65676,2,2,222483,374559,702.69,
54155,2,server1,30,770.2,272661,278,0.699587,2,1,182425,590.46,312127,
48297,2,server1,0,653594,779.8,279,1.69291,2,2,209487,523537,766641,
50317,2,server1,2,770.2,599924,279,1.69291,2,2,211507,523537,766641,
62295,2,server1,4,697611,779.8,279,1.69291,2,2,223485,523537,766641,
89142,2,server1,5,430593,773.4,279,0.905686,2,2,285297,488.46,533576,
89142,2,server1,5,430593,773.4,279,1.46149,2,2,236416,275435,718002,
89142,2,server1,5,430593,773.4,279,1.69291,2,2,250332,523537,766641,
53201,2,server1,6,773.4,634.27,279,1.69291,2,2,214391,523537,766641,
52185,2,server1,8,683226,776.6,279,1.69291,2,2,213375,523537,766641,
61274,2,server1,10,770.2,712998,279,1.69291,2,2,222464,523537,766641,
52274,2,server1,12,546569,779.8,279,1.69291,2,2,213464,523537,766641,
59141,2,server1,14,773.4,687492,279,1.69291,2,2,220331,523537,766641,
55239,2,server1,16,560638,779.8,279,0.905686,2,2,251394,488.46,533576,
55239,2,server1,16,560638,779.8,279,1.46149,2,2,202513,275435,718002,
55239,2,server1,16,560638,779.8,279,1.69291,2,2,216429,523537,766641,
61284,2,server1,18,770.2,673709,279,1.69291,2,2,222474,523537,766641,
50.26,2,server1,20,370602,779.8,279,1.69291,2,2,211.45,523537,766641,
58141,2,server1,20,469772,779.8,279,0.905686,2,2,254296,488.46,533576,
58141,2,server1,20,469772,779.8,279,1.46149,2,2,205415,275435,718002,
66302,2,server1,22,770.2,616399,279,0.905686,2,2,262457,488.46,533576,
66302,2,server1,22,770.2,616399,279,1.69291,2,2,227492,523537,766641,
56325,2,server1,24,458452,776.6,279,0.905686,2,2,252.48,488.46,533576,
56325,2,server1,24,458452,776.6,279,1.46149,2,2,203599,275435,718002,
71299,2,server1,26,770.2,640476,279,1.69291,2,2,232489,523537,766641,
61313,2,server1,28,483279,776.6,279,0.905686,2,2,257468,488.46,533576,
61313,2,server1,28,483279,776.6,279,1.46149,2,2,208587,275435,718002,
61313,2,server1,28,483279,776.6,279,1.69291,2,2,222503,523537,766641,
89185,2,server1,30,770.2,669861,279,1.69291,2,2,250375,523537,766641,
50317,2,server1,2,770.2,599924,280,1.24535,2,2,216572,691125,455.69,
62295,2,server1,4,697611,779.8,280,0.658827,2,2,247496,701648,766958,
89142,2,server1,5,430593,773.4,280,0.658827,2,2,274343,701648,766958,
53201,2,server1,6,773.4,634.27,280,1.24535,2,2,219456,691125,455.69,
61274,2,server1,10,770.2,712998,280,0.658827,2,2,246475,701648,766958,
61274,2,server1,10,770.2,712998,280,1.24535,2,2,227529,691125,455.69,
64167,2,server1,12,711095,776.6,280,0.658827,2,2,249368,701648,766958,
59141,2,server1,14,773.4,687492,280,0.658827,2,2,244342,701648,766958,
59141,2,server1,14,773.4,687492,280,1.24535,2,2,225396,691125,455.69,
55239,2,server1,16,560638,779.8,280,0.658827,2,2,240.44,701648,766958,
52.27,2,server1,18,770.2,525929,280,1.24535,2,2,218525,691125,455.69,
61284,2,server1,18,770.2,673709,280,0.658827,2,2,246485,701648,766958,
58141,2,server1,20,469772,779.8,280,0.658827,2,2,243342,701648,766958,
50206,2,server1,22,770.2,383763,280,1.24535,2,2,216461,691125,455.69,
66302,2,server1,22,770.2,616399,280,0.658827,2,2,251503,701648,766958,
56325,2,server1,24,458452,776.6,280,0.658827,2,2,241526,701648,766958,
50.29,2,server1,26,770.2,332186,280,1.24535,2,2,216545,691125,455.69,
71299,2,server1,26,770.2,640476,280,0.658827,2,2,256.5,701648,766958,
61313,2,server1,28,483279,776.6,280,0.658827,2,2,246514,701648,766958,
77295,2,server1,30,770.2,534787,280,0.658827,2,2,262496,701648,766958,
96326,2,server1,1,327928,770.2,281,0.400006,2,1,225586,446949,897114,
50317,2,server1,2,770.2,599924,281,0.840905,1,2,225614,660386,789707,
62295,2,server1,4,697611,779.8,281,0.400006,2,1,191555,446949,897114,
62295,2,server1,4,697611,779.8,281,0.840905,1,2,237592,660386,789707,
89142,2,server1,5,430593,773.4,281,0.400006,2,1,218402,446949,897114,
89142,2,server1,5,430593,773.4,281,0.840905,1,2,264439,660386,789707,
53201,2,server1,6,773.4,634.27,281,0.840905,1,2,228498,660386,789707,
52185,2,server1,8,683226,776.6,281,0.400006,2,1,181445,446949,897114,
52185,2,server1,8,683226,776.6,281,0.840905,1,2,227482,660386,789707,
61274,2,server1,10,770.2,712998,281,0.840905,1,2,236571,660386,789707,
52274,2,server1,12,546569,779.8,281,0.400006,2,1,181534,446949,897114,
52274,2,server1,12,546569,779.8,281,0.840905,1,2,227571,660386,789707,
59141,2,server1,14,773.4,687492,281,0.840905,1,2,234438,660386,789707,
55239,2,server1,16,560638,779.8,281,0.400006,2,1,184499,446949,897114,
55239,2,server1,16,560638,779.8,281,0.840905,1,2,230536,660386,789707,
52.27,2,server1,18,770.2,525929,281,0.840905,1,2,227567,660386,789707,
50.26,2,server1,20,370602,779.8,281,0.840905,1,2,225557,660386,789707,
66302,2,server1,22,770.2,616399,281,0.840905,1,2,241599,660386,789707,
56325,2,server1,24,458452,776.6,281,0.400006,2,1,185585,446949,897114,
56325,2,server1,24,458452,776.6,281,0.840905,1,2,231622,660386,789707,
71299,2,server1,26,770.2,640476,281,0.840905,1,2,246596,660386,789707,
61313,2,server1,28,483279,776.6,281,0.400006,2,1,190573,446949,897114,
61313,2,server1,28,483279,776.6,281,0.840905,1,2,236.61,660386,789707,
77295,2,server1,30,770.2,534787,281,0.840905,1,2,252592,660386,789707,
50317,2,server1,2,770.2,599924,282,0.686755,2,2,234607,741098,434.32,
62295,2,server1,4,697611,779.8,282,0.798888,2,2,203612,662963,619537,
89142,2,server1,5,430593,773.4,282,0.798888,2,2,230459,662963,619537,
53201,2,server1,6,773.4,634.27,282,0.686755,2,2,237491,741098,434.32,
53201,2,server1,6,773.4,634.27,282,0.798888,2,2,194518,662963,619537,
52185,2,server1,8,683226,776.6,282,0.798888,2,2,193502,662963,619537,
61274,2,server1,10,770.2,712998,282,0.686755,2,2,245564,741098,434.32,
61274,2,server1,10,770.2,712998,282,0.798888,2,2,202591,662963,619537,
52274,2,server1,12,546569,779.8,282,0.798888,2,2,193591,662963,619537,
59141,2,server1,14,773.4,687492,282,0.686755,2,2,243431,741098,434.32,
59141,2,server1,14,773.4,687492,282,0.798888,2,2,200458,662963,619537,
55239,2,server1,16,560638,779.8,282,0.798888,2,2,196556,662963,619537,
52.27,2,server1,18,770.2,525929,282,0.686755,2,2,236.56,741098,434.32,
52.27,2,server1,18,770.2,525929,282,0.798888,2,2,193587,662963,619537,
52.27,2,server1,18,770.2,525929,282,1.36254,2,1,174476,588.27,342871,
58141,2,server1,20,469772,779.8,282,0.798888,2,2,199458,662963,619537,
50305,2,server1,22,770.2,385214,282,0.686755,2,2,234595,741098,434.32,
50318,2,server1,22,770.2,386.66,282,0.798888,2,2,191635,662963,619537,
56325,2,server1,24,458452,776.6,282,0.798888,2,2,197642,662963,619537,
50.29,2,server1,26,770.2,332186,282,1.36254,2,1,172496,588.27,342871,
50712,2,server1,26,770.2,339526,282,0.798888,2,2,192029,662963,619537,
61313,2,server1,28,483279,776.6,282,0.798888,2,2,202.63,662963,619537,
51203,2,server1,30,770.2,238635,282,0.686755,2,2,235493,741098,434.32,
51203,2,server1,30,770.2,238635,282,1.36254,2,1,173409,588.27,342871,
61149,2,server1,30,770.2,352109,282,0.798888,2,2,202466,662963,619537,
62295,2,server1,4,697611,779.8,283,0.913928,2,1,175.48,721576,1042.7,
71164,2,server1,10,770.2,756079,283,0.913928,2,1,184349,721576,1042.7,
64167,2,server1,12,711095,776.6,283,0.913928,2,1,177352,721576,1042.7,
70127,2,server1,14,773.4,756068,283,0.913928,2,1,183312,721576,1042.7,
79299,2,server1,18,770.2,748597,283,0.913928,2,1,192484,721576,1042.7,
69283,2,server1,20,609079,779.8,283,0.913928,2,1,182468,721576,1042.7,
90287,2,server1,22,773.4,748597,283,0.913928,2,1,203472,721576,1042.7,
64219,2,server1,24,577955,779.8,283,0.913928,2,1,177404,721576,1042.7,
67713,2,server1,28,584548,776.6,283,0.913928,2,1,180898,721576,1042.7,
40322,2,server1,26,7,777982,973571,,,,,,,
5.29,2,server2,5,1519.87,770.2,2,0.867496,2,1,37481,1690.94,980.64,
10.19,2,server2,9,1518.63,770.2,2,0.867496,2,1,42381,1690.94,980.64,
14305,2,server2,13,1518.34,770.2,2,0.867496,2,1,46496,1690.94,980.64,
23291,2,server2,21,1515.07,770.2,2,0.867496,2,1,55482,1690.94,980.64,
5.29,2,server2,5,1519.87,770.2,3,0.684874,2,2,70111,1747.04,640918,
10.19,2,server2,9,1518.63,770.2,3,0.684874,2,2,75011,1747.04,640918,
14305,2,server2,13,1518.34,770.2,3,0.684874,2,2,79126,1747.04,640918,
23291,2,server2,21,1515.07,770.2,3,0.684874,2,2,88112,1747.04,640918,
10.19,2,server2,9,1518.63,770.2,4,0.627269,2,2,93413,1631.99,919752,
14305,2,server2,13,1518.34,770.2,4,0.627269,2,2,97528,1631.99,919752,
23291,2,server2,21,1515.07,770.2,4,0.627269,2,2,106514,1631.99,919752,
12.28,2,server2,11,779.8,1518.34,6,0.601789,2,2,74744,671941,1295.55,
15242,2,server2,15,779.8,1519.88,6,0.601789,2,2,77706,671941,1295.55,
19278,2,server2,19,779.8,1519.87,6,0.601789,2,2,81742,671941,1295.55,
24234,2,server2,23,779.8,1518.62,6,0.601789,2,2,86698,671941,1295.55,
27262,2,server2,27,779.8,1519.87,6,0.601789,2,2,89726,671941,1295.55,
5.29,2,server2,5,1519.87,770.2,7,0.767912,2,1,38851,1596.29,856.76,
10.19,2,server2,9,1518.63,770.2,7,0.767912,2,1,43751,1596.29,856.76,
14305,2,server2,13,1518.34,770.2,7,0.767912,2,1,47866,1596.29,856.76,
23291,2,server2,21,1515.07,770.2,7,0.767912,2,1,56852,1596.29,856.76,
5.29,2,server2,5,1519.87,770.2,8,1.70967,2,1,39354,1260.97,825793,
10.19,2,server2,9,1518.63,770.2,8,1.70967,2,1,44254,1260.97,825793,
14305,2,server2,13,1518.34,770.2,8,1.70967,2,1,48369,1260.97,825793,
23291,2,server2,21,1515.07,770.2,8,1.70967,2,1,57355,1260.97,825793,
30163,2,server2,29,1518.59,770.2,8,1.70967,2,1,64227,1260.97,825793,
12.28,2,server2,11,779.8,1518.34,10,0.768187,2,1,39599,820797,1413.05,
15242,2,server2,15,779.8,1519.88,10,0.768187,2,1,42561,820797,1413.05,
19278,2,server2,19,779.8,1519.87,10,0.768187,2,1,46597,820797,1413.05,
24234,2,server2,23,779.8,1518.62,10,0.768187,2,1,51553,820797,1413.05,
27262,2,server2,27,779.8,1519.87,10,0.768187,2,1,54581,820797,1413.05,
7329,2,server2,1,1497.78,770.2,11,1.22583,2,1,45524,1600.08,769426,
10.19,2,server2,9,1518.63,770.2,11,1.22583,2,1,48385,1600.08,769426,
14305,2,server2,13,1518.34,770.2,11,1.22583,2,1,52.5,1600.08,769426,
23291,2,server2,21,1515.07,770.2,11,1.22583,2,1,61486,1600.08,769426,
30163,2,server2,29,1518.59,770.2,11,1.22583,2,1,68358,1600.08,769426,
12.28,2,server2,11,779.8,1518.34,12,0.491453,2,2,88711,533399,1621.56,
15242,2,server2,15,779.8,1519.88,12,0.491453,2,2,91673,533399,1621.56,
19278,2,server2,19,779.8,1519.87,12,0.491453,2,2,95709,533399,1621.56,
24234,2,server2,23,779.8,1518.62,12,0.491453,2,2,100665,533399,1621.56,
27262,2,server2,27,779.8,1519.87,12,0.491453,2,2,103693,533399,1621.56,
12.28,2,server2,11,779.8,1518.34,13,1.37716,2,2,89082,673722,1334.89,
15242,2,server2,15,779.8,1519.88,13,1.37716,2,2,92044,673722,1334.89,
19278,2,server2,19,779.8,1519.87,13,1.37716,2,2,96.08,673722,1334.89,
24234,2,server2,23,779.8,1518.62,13,1.37716,2,2,101036,673722,1334.89,
27262,2,server2,27,779.8,1519.87,13,1.37716,2,2,104064,673722,1334.89,
7447,2,server2,5,1514.41,770.2,14,0.410325,2,2,97777,1342.66,826374,
79484,2,server2,8,1046.85,779.8,14,0.410325,2,2,169814,1342.66,826374,
10.19,2,server2,9,1518.63,770.2,14,0.410325,2,2,100.52,1342.66,826374,
14305,2,server2,13,1518.34,770.2,14,0.410325,2,2,104635,1342.66,826374,
23291,2,server2,21,1515.07,770.2,14,0.410325,2,2,113621,1342.66,826374,
26603,2,server2,5,1274.5,770.2,15,1.64969,2,1,68952,1213.69,1063.93,
7448,2,server2,1,1479.28,770.2,16,0.46594,2,2,73895,1409.5,761413,
10.19,2,server2,9,1518.63,770.2,16,0.46594,2,2,76637,1409.5,761413,
14305,2,server2,13,1518.34,770.2,16,0.46594,2,2,80752,1409.5,761413,
23291,2,server2,21,1515.07,770.2,16,0.46594,2,2,89738,1409.5,761413,
12.28,2,server2,11,779.8,1518.34,17,0.610835,2,1,47.76,920408,1388.38,
15242,2,server2,15,779.8,1519.88,17,0.610835,2,1,50722,920408,1388.38,
19278,2,server2,19,779.8,1519.87,17,0.610835,2,1,54758,920408,1388.38,
24234,2,server2,23,779.8,1518.62,17,0.610835,2,1,59714,920408,1388.38,
27262,2,server2,27,779.8,1519.87,17,0.610835,2,1,62742,920408,1388.38,
12.28,2,server2,11,779.8,1518.34,18,0.826426,2,1,48149,734218,1722.5,
15242,2,server2,15,779.8,1519.88,18,0.826426,2,1,51111,734218,1722.5,
19278,2,server2,19,779.8,1519.87,18,0.826426,2,1,55147,734218,1722.5,
24234,2,server2,23,779.8,1518.62,18,0.826426,2,1,60103,734218,1722.5,
27262,2,server2,27,779.8,1519.87,18,0.826426,2,1,63131,734218,1722.5,
10.19,2,server2,9,1518.63,770.2,19,1.08602,1,2,102355,1677.6,543374,
14305,2,server2,13,1518.34,770.2,19,1.08602,1,2,106.47,1677.6,543374,
23291,2,server2,21,1515.07,770.2,19,1.08602,1,2,115456,1677.6,543374,
30163,2,server2,29,1518.59,770.2,19,1.08602,1,2,122328,1677.6,543374,
12.28,2,server2,11,779.8,1518.34,20,1.99494,1,2,97607,855.2,1739.48,
15242,2,server2,15,779.8,1519.88,20,1.99494,1,2,100569,855.2,1739.48,
19278,2,server2,19,779.8,1519.87,20,1.99494,1,2,104605,855.2,1739.48,
24234,2,server2,23,779.8,1518.62,20,1.99494,1,2,109561,855.2,1739.48,
27262,2,server2,27,779.8,1519.87,20,1.99494,1,2,112589,855.2,1739.48,
8929,2,server2,5,1507.35,770.2,21,0.401097,2,1,46466,1360.65,803242,
10.19,2,server2,9,1518.63,770.2,21,0.401097,2,1,47727,1360.65,803242,
14305,2,server2,13,1518.34,770.2,21,0.401097,2,1,51842,1360.65,803242,
23291,2,server2,21,1515.07,770.2,21,0.401097,2,1,60828,1360.65,803242,
8929,2,server2,5,1507.35,770.2,23,1.83583,2,1,50468,1393.53,767.32,
10.19,2,server2,9,1518.63,770.2,23,1.83583,2,1,51729,1393.53,767.32,
14305,2,server2,13,1518.34,770.2,23,1.83583,2,1,55844,1393.53,767.32,
23291,2,server2,21,1515.07,770.2,23,1.83583,2,1,64.83,1393.53,767.32,
30163,2,server2,29,1518.59,770.2,23,1.83583,2,1,71702,1393.53,767.32,
12.28,2,server2,11,779.8,1518.34,24,1.00093,2,1,53566,736496,1577.57,
15242,2,server2,15,779.8,1519.88,24,1.00093,2,1,56528,736496,1577.57,
19278,2,server2,19,779.8,1519.87,24,1.00093,2,1,60564,736496,1577.57,
24234,2,server2,23,779.8,1518.62,24,1.00093,2,1,65.52,736496,1577.57,
27262,2,server2,27,779.8,1519.87,24,1.00093,2,1,68548,736496,1577.57,
9447,2,server2,1,1454.73,770.2,25,1.0394,2,2,75883,1489.01,936539,
10.19,2,server2,9,1518.63,770.2,25,1.0394,2,2,76626,1489.01,936539,
14305,2,server2,13,1518.34,770.2,25,1.0394,2,2,80741,1489.01,936539,
23291,2,server2,21,1515.07,770.2,25,1.0394,2,2,89727,1489.01,936539,
30163,2,server2,29,1518.59,770.2,25,1.0394,2,2,96599,1489.01,936539,
9454,2,server2,1,1453.44,770.2,27,2.18197,2,2,75903,1217.55,622493,
15539,2,server2,9,1477.8,770.2,27,2.18197,2,2,81988,1217.55,622493,
19596,2,server2,13,1477.62,770.2,27,2.18197,2,2,86045,1217.55,622493,
12.28,2,server2,11,779.8,1518.34,28,1.98074,2,1,54.08,884846,1381.86,
15242,2,server2,15,779.8,1519.88,28,1.98074,2,1,57042,884846,1381.86,
19278,2,server2,19,779.8,1519.87,28,1.98074,2,1,61078,884846,1381.86,
24234,2,server2,23,779.8,1518.62,28,1.98074,2,1,66034,884846,1381.86,
27262,2,server2,27,779.8,1519.87,28,1.98074,2,1,69062,884846,1381.86,
10331,2,server2,1,1444.37,770.2,29,0.421552,2,1,40521,1430.77,734051,
10198,2,server2,5,1493.5,770.2,29,0.421552,2,1,40388,1430.77,734051,
14305,2,server2,13,1518.34,770.2,29,0.421552,2,1,44495,1430.77,734051,
23291,2,server2,21,1515.07,770.2,29,0.421552,2,1,53481,1430.77,734051,
10331,2,server2,1,1444.37,770.2,30,0.483599,2,1,64534,1413.64,690269,
10209,2,server2,9,1518.63,770.2,30,0.483599,2,1,64412,1413.64,690269,
14305,2,server2,13,1518.34,770.2,30,0.483599,2,1,68508,1413.64,690269,
23291,2,server2,21,1515.07,770.2,30,0.483599,2,1,77494,1413.64,690269,
10357,2,server2,5,1491.43,770.2,31,0.423833,2,2,100704,1333.79,792334,
78956,2,server2,8,1035.34,779.8,31,0.423833,2,2,169303,1333.79,792334,
10361,2,server2,9,1518.11,770.2,31,0.423833,2,2,100708,1333.79,792334,
14305,2,server2,13,1518.34,770.2,31,0.423833,2,2,104652,1333.79,792334,
23291,2,server2,21,1515.07,770.2,31,0.423833,2,2,113638,1333.79,792334,
18773,2,server2,5,1379.96,770.2,32,0.467113,2,2,109137,1257.33,496419,
24095,2,server2,9,1379.85,770.2,32,0.467113,2,2,114459,1257.33,496419,
85855,2,server2,21,1378.93,770.2,32,0.467113,2,2,176219,1257.33,496419,
10725,2,server2,1,1441.77,770.2,33,0.508184,2,2,102266,1456.9,654869,
10545,2,server2,5,1490.36,770.2,33,0.508184,2,2,102086,1456.9,654869,
14305,2,server2,13,1518.34,770.2,33,0.508184,2,2,105846,1456.9,654869,
23291,2,server2,21,1515.07,770.2,33,0.508184,2,2,114832,1456.9,654869,
14205,2,server2,11,779.8,1510.15,34,0.946047,2,2,114909,715047,1217.24,
18.13,2,server2,15,779.8,1510.15,34,0.946047,2,2,118834,715047,1217.24,
22145,2,server2,19,779.8,1509.57,34,0.946047,2,2,122849,715047,1217.24,
26915,2,server2,23,779.8,1510.06,34,0.946047,2,2,127619,715047,1217.24,
73758,2,server2,0,961871,779.8,35,0.748886,2,2,161896,1243.65,880.11,
11.15,2,server2,1,1431.41,770.2,35,0.748886,2,2,99288,1243.65,880.11,
76144,2,server2,8,962952,776.6,35,0.748886,2,2,164282,1243.65,880.11,
11305,2,server2,9,1514.8,770.2,35,0.748886,2,2,99443,1243.65,880.11,
14305,2,server2,13,1518.34,770.2,35,0.748886,2,2,102443,1243.65,880.11,
23291,2,server2,21,1515.07,770.2,35,0.748886,2,2,111429,1243.65,880.11,
11179,2,server2,5,1482.26,770.2,36,0.858267,2,1,64349,1408.47,672384,
11305,2,server2,9,1514.8,770.2,36,0.858267,2,1,64475,1408.47,672384,
14305,2,server2,13,1518.34,770.2,36,0.858267,2,1,67475,1408.47,672384,
23291,2,server2,21,1515.07,770.2,36,0.858267,2,1,76461,1408.47,672384,
11223,2,server2,1,1431.41,770.2,37,0.806088,2,2,99422,1534.17,1006.65,
11305,2,server2,9,1514.8,770.2,37,0.806088,2,2,99504,1534.17,1006.65,
14305,2,server2,13,1518.34,770.2,37,0.806088,2,2,102504,1534.17,1006.65,
23291,2,server2,21,1515.07,770.2,37,0.806088,2,2,111.49,1534.17,1006.65,
11307,2,server2,1,1430.12,770.2,38,0.866482,2,0,36612,1420.48,936905,
11374,2,server2,5,1481.03,770.2,38,0.866482,2,0,36679,1420.48,936905,
14305,2,server2,13,1518.34,770.2,38,0.866482,2,0,39.61,1420.48,936905,
23291,2,server2,21,1515.07,770.2,38,0.866482,2,0,48596,1420.48,936905,
12.28,2,server2,11,779.8,1518.34,39,0.964797,2,2,118881,779522,1549.04,
15242,2,server2,15,779.8,1519.88,39,0.964797,2,2,121843,779522,1549.04,
19278,2,server2,19,779.8,1519.87,39,0.964797,2,2,125879,779522,1549.04,
24234,2,server2,23,779.8,1518.62,39,0.964797,2,2,130835,779522,1549.04,
27262,2,server2,27,779.8,1519.87,39,0.964797,2,2,133863,779522,1549.04,
12.28,2,server2,11,779.8,1518.34,40,0.997583,2,2,119276,1002.8,1716.06,
15242,2,server2,15,779.8,1519.88,40,0.997583,2,2,122238,1002.8,1716.06,
19278,2,server2,19,779.8,1519.87,40,0.997583,2,2,126274,1002.8,1716.06,
24234,2,server2,23,779.8,1518.62,40,0.997583,2,2,131.23,1002.8,1716.06,
27262,2,server2,27,779.8,1519.87,40,0.997583,2,2,134258,1002.8,1716.06,
12188,2,server2,1,1418.47,770.2,42,0.881968,2,2,105369,1501.2,666493,
12.19,2,server2,9,1509.88,770.2,42,0.881968,2,2,105371,1501.2,666493,
14305,2,server2,13,1518.34,770.2,42,0.881968,2,2,107486,1501.2,666493,
23291,2,server2,21,1515.07,770.2,42,0.881968,2,2,116472,1501.2,666493,
69682,2,server2,0,913053,779.8,43,0.763095,2,2,169876,1212.01,783375,
12221,2,server2,5,1469.18,770.2,43,0.763095,2,2,112415,1212.01,783375,
72962,2,server2,8,913608,776.6,43,0.763095,2,2,173156,1212.01,783375,
12195,2,server2,9,1509.88,770.2,43,0.763095,2,2,112389,1212.01,783375,
92096,2,server2,12,1104.08,779.8,43,0.763095,2,2,192.29,1212.01,783375,
15823,2,server2,13,1511.42,770.2,43,0.763095,2,2,116017,1212.01,783375,
90194,2,server2,16,912268,776.6,43,0.763095,2,2,190388,1212.01,783375,
99052,2,server2,20,983173,779.8,43,0.763095,2,2,199246,1212.01,783375,
90325,2,server2,24,912369,779.8,43,0.763095,2,2,190519,1212.01,783375,
95241,2,server2,28,1014.17,779.8,43,0.763095,2,2,195435,1212.01,783375,
94552,2,server2,0,1048.33,779.8,44,0.527726,2,2,206762,1345.95,811139,
12223,2,server2,1,1418.47,770.2,44,0.527726,2,2,124433,1345.95,811139,
103967,2,server2,4,1201.86,779.8,44,0.527726,2,2,216177,1345.95,811139,
12221,2,server2,5,1469.18,770.2,44,0.527726,2,2,124431,1345.95,811139,
80225,2,server2,8,1048.49,779.8,44,0.527726,2,2,192435,1345.95,811139,
92096,2,server2,12,1104.08,779.8,44,0.527726,2,2,204306,1345.95,811139,
14305,2,server2,13,1518.34,770.2,44,0.527726,2,2,126515,1345.95,811139,
100637,2,server2,16,1048.45,776.6,44,0.527726,2,2,212847,1345.95,811139,
23291,2,server2,21,1515.07,770.2,44,0.527726,2,2,135501,1345.95,811139,
105365,2,server2,24,1048.5,779.8,44,0.527726,2,2,217575,1345.95,811139,
12234,2,server2,5,1469.18,770.2,45,1.07687,2,2,112464,1384.13,797414,
80775,2,server2,8,1084.67,779.8,45,1.07687,2,2,181005,1384.13,797414,
12251,2,server2,9,1509.88,770.2,45,1.07687,2,2,112481,1384.13,797414,
92096,2,server2,12,1104.08,779.8,45,1.07687,2,2,192326,1384.13,797414,
14305,2,server2,13,1518.34,770.2,45,1.07687,2,2,114535,1384.13,797414,
23291,2,server2,21,1515.07,770.2,45,1.07687,2,2,123521,1384.13,797414,
30163,2,server2,29,1518.59,770.2,45,1.07687,2,2,130393,1384.13,797414,
12524,2,server2,11,779.8,1517.49,46,1.87339,2,2,87047,686515,1630,
15242,2,server2,15,779.8,1519.88,46,0.528309,2,1,61522,514578,1594.79,
15242,2,server2,15,779.8,1519.88,46,1.87339,2,2,89765,686515,1630,
19278,2,server2,19,779.8,1519.87,46,0.528309,2,1,65558,514578,1594.79,
19278,2,server2,19,779.8,1519.87,46,1.87339,2,2,93801,686515,1630,
24234,2,server2,23,779.8,1518.62,46,0.528309,2,1,70514,514578,1594.79,
24234,2,server2,23,779.8,1518.62,46,1.87339,2,2,98757,686515,1630,
27262,2,server2,27,779.8,1519.87,46,0.528309,2,1,73542,514578,1594.79,
27262,2,server2,27,779.8,1519.87,46,1.87339,2,2,101785,686515,1630,
12543,2,server2,3,779.8,1442.62,47,1.03387,2,1,59067,839518,1677.52,
15242,2,server2,15,779.8,1519.88,47,1.03387,2,1,61766,839518,1677.52,
19278,2,server2,19,779.8,1519.87,47,1.03387,2,1,65802,839518,1677.52,
24234,2,server2,23,779.8,1518.62,47,1.03387,2,1,70758,839518,1677.52,
27262,2,server2,27,779.8,1519.87,47,1.03387,2,1,73786,839518,1677.52,
12563,2,server2,3,779.8,1442.62,48,1.4241,2,2,124117,864959,1661.7,
15242,2,server2,15,779.8,1519.88,48,1.4241,2,2,126796,864959,1661.7,
19278,2,server2,19,779.8,1519.87,48,1.4241,2,2,130832,864959,1661.7,
24234,2,server2,23,779.8,1518.62,48,1.4241,2,2,135788,864959,1661.7,
27262,2,server2,27,779.8,1519.87,48,1.4241,2,2,138816,864959,1661.7,
13225,2,server2,9,1505,770.2,49,1.24386,2,2,112369,1670.06,591297,
14305,2,server2,13,1518.34,770.2,49,1.24386,2,2,113449,1670.06,591297,
23291,2,server2,21,1515.07,770.2,49,1.24386,2,2,122435,1670.06,591297,
30163,2,server2,29,1518.59,770.2,49,1.24386,2,2,129307,1670.06,591297,
13.19,2,server2,5,1455.66,770.2,50,0.613642,2,1,64371,1516.93,844151,
13225,2,server2,9,1505,770.2,50,0.613642,2,1,64406,1516.93,844151,
14305,2,server2,13,1518.34,770.2,50,0.613642,2,1,65486,1516.93,844151,
23291,2,server2,21,1515.07,770.2,50,0.613642,2,1,74472,1516.93,844151,
13201,2,server2,3,779.8,1435.39,51,1.34092,1,1,53384,656063,1681.5,
15242,2,server2,15,779.8,1519.88,51,1.34092,1,1,55425,656063,1681.5,
19278,2,server2,19,779.8,1519.87,51,1.34092,1,1,59461,656063,1681.5,
24234,2,server2,23,779.8,1518.62,51,1.34092,1,1,64417,656063,1681.5,
27262,2,server2,27,779.8,1519.87,51,1.34092,1,1,67445,656063,1681.5,
13.24,2,server2,11,779.8,1515.33,52,0.99544,2,1,54442,943569,1532.47,
15242,2,server2,15,779.8,1519.88,52,0.99544,2,1,56444,943569,1532.47,
19278,2,server2,19,779.8,1519.87,52,0.99544,2,1,60.48,943569,1532.47,
24234,2,server2,23,779.8,1518.62,52,0.99544,2,1,65436,943569,1532.47,
27262,2,server2,27,779.8,1519.87,52,0.99544,2,1,68464,943569,1532.47,
13271,2,server2,1,1405.52,770.2,53,1.03887,2,0,39506,1311.65,576488,
13236,2,server2,5,1454.31,770.2,53,1.03887,2,0,39471,1311.65,576488,
14305,2,server2,13,1518.34,770.2,53,1.03887,2,0,40.54,1311.65,576488,
23291,2,server2,21,1515.07,770.2,53,1.03887,2,0,49526,1311.65,576488,
14305,2,server2,13,1518.34,770.2,54,1.48102,2,0,40542,1720.85,921639,
23291,2,server2,21,1515.07,770.2,54,1.48102,2,0,49528,1720.85,921639,
28038,2,server2,11,779.8,1339.51,55,2.01606,2,1,69278,497759,1237.49,
32.42,2,server2,15,779.8,1339.05,55,2.01606,2,1,73.66,497759,1237.49,
34871,2,server2,19,779.8,1339.36,55,2.01606,2,1,76111,497759,1237.49,
14205,2,server2,11,779.8,1510.15,56,0.794567,0,2,98.34,664174,1263.83,
15242,2,server2,15,779.8,1519.88,56,0.794567,0,2,99377,664174,1263.83,
19278,2,server2,19,779.8,1519.87,56,0.794567,0,2,103413,664174,1263.83,
24234,2,server2,23,779.8,1518.62,56,0.794567,0,2,108369,664174,1263.83,
27262,2,server2,27,779.8,1519.87,56,0.794567,0,2,111397,664174,1263.83,
14148,2,server2,5,1442.16,770.2,57,0.541863,2,1,73296,1307.94,530506,
14629,2,server2,9,1488.2,770.2,57,0.541863,2,1,73777,1307.94,530506,
18651,2,server2,13,1488.19,770.2,57,0.541863,2,1,77799,1307.94,530506,
14159,2,server2,1,1392.58,770.2,58,0.604296,2,2,108307,1528.37,856437,
14151,2,server2,9,1493.46,770.2,58,0.604296,2,2,108299,1528.37,856437,
14305,2,server2,13,1518.34,770.2,58,0.604296,2,2,108453,1528.37,856437,
23291,2,server2,21,1515.07,770.2,58,0.604296,2,2,117439,1528.37,856437,
14.21,2,server2,3,779.8,1423.32,60,0.938913,2,1,68415,756265,1388.35,
15242,2,server2,15,779.8,1519.88,60,0.938913,2,1,69447,756265,1388.35,
19278,2,server2,19,779.8,1519.87,60,0.938913,2,1,73483,756265,1388.35,
24234,2,server2,23,779.8,1518.62,60,0.938913,2,1,78439,756265,1388.35,
27262,2,server2,27,779.8,1519.87,60,0.938913,2,1,81467,756265,1388.35,
14328,2,server2,1,1391.28,770.2,61,0.809435,2,2,95633,1520.55,850107,
14328,2,server2,5,1440.8,770.2,61,0.809435,2,2,95633,1520.55,850107,
14336,2,server2,9,1492.44,770.2,61,0.809435,2,2,95641,1520.55,850107,
23291,2,server2,21,1515.07,770.2,61,0.809435,2,2,104596,1520.55,850107,
14.46,2,server2,11,779.8,1508.18,62,1.20045,2,2,98885,1031.32,1555.92,
15242,2,server2,15,779.8,1519.88,62,1.20045,2,2,99667,1031.32,1555.92,
19278,2,server2,19,779.8,1519.87,62,1.20045,2,2,103703,1031.32,1555.92,
24234,2,server2,23,779.8,1518.62,62,1.20045,2,2,108659,1031.32,1555.92,
27262,2,server2,27,779.8,1519.87,62,1.20045,2,2,111687,1031.32,1555.92,
14473,2,server2,1,1388.7,770.2,63,1.22732,2,2,92937,1437.04,918363,
14469,2,server2,5,1438.1,770.2,63,1.22732,2,2,92933,1437.04,918363,
14464,2,server2,13,1517.78,770.2,63,1.22732,2,2,92928,1437.04,918363,
23291,2,server2,21,1515.07,770.2,63,1.22732,2,2,101755,1437.04,918363,
30163,2,server2,29,1518.59,770.2,63,1.22732,2,2,108627,1437.04,918363,
14637,2,server2,1,1386.1,770.2,64,1.17889,2,2,118.27,1297.24,521955,
14636,2,server2,5,1435.39,770.2,64,1.17889,2,2,118269,1297.24,521955,
98419,2,server2,8,1145.52,779.8,64,1.17889,2,2,202052,1297.24,521955,
16609,2,server2,9,1464.82,770.2,64,1.17889,2,2,120242,1297.24,521955,
51718,2,server2,21,1455.82,770.2,64,1.17889,2,2,155351,1297.24,521955,
25929,2,server2,3,779.8,1280.82,65,0.469518,2,1,66074,487429,1214.42,
15146,2,server2,3,779.8,1411.23,66,2.57686,2,1,55291,858583,1613.62,
15242,2,server2,15,779.8,1519.88,66,2.57686,2,1,55387,858583,1613.62,
19278,2,server2,19,779.8,1519.87,66,2.57686,2,1,59423,858583,1613.62,
24234,2,server2,23,779.8,1518.62,66,2.57686,2,1,64379,858583,1613.62,
27262,2,server2,27,779.8,1519.87,66,2.57686,2,1,67407,858583,1613.62,
15171,2,server2,5,1428.63,770.2,67,2.62315,1,1,68.32,1601.34,543829,
15.15,2,server2,9,1482.52,770.2,67,2.62315,1,1,68299,1601.34,543829,
15166,2,server2,13,1515.1,770.2,67,2.62315,1,1,68315,1601.34,543829,
23291,2,server2,21,1515.07,770.2,67,2.62315,1,1,76.44,1601.34,543829,
30163,2,server2,29,1518.59,770.2,67,2.62315,1,1,83312,1601.34,543829,
15164,2,server2,1,1379.63,770.2,68,1.15531,2,1,70323,1605.15,752644,
15171,2,server2,5,1428.63,770.2,68,1.15531,2,1,70.33,1605.15,752644,
15166,2,server2,13,1515.1,770.2,68,1.15531,2,1,70325,1605.15,752644,
23291,2,server2,21,1515.07,770.2,68,1.15531,2,1,78.45,1605.15,752644,
30163,2,server2,29,1518.59,770.2,68,1.15531,2,1,85322,1605.15,752644,
15213,2,server2,11,779.8,1502.84,69,1.29856,2,2,89374,726519,1640.69,
15242,2,server2,15,779.8,1519.88,69,1.29856,2,2,89403,726519,1640.69,
19278,2,server2,19,779.8,1519.87,69,1.29856,2,2,93439,726519,1640.69,
24234,2,server2,23,779.8,1518.62,69,1.29856,2,2,98395,726519,1640.69,
27262,2,server2,27,779.8,1519.87,69,1.29856,2,2,101423,726519,1640.69,
15171,2,server2,1,1379.63,770.2,70,0.430488,2,1,79337,1461.19,912338,
15171,2,server2,5,1428.63,770.2,70,0.430488,2,1,79337,1461.19,912338,
15167,2,server2,9,1482.52,770.2,70,0.430488,2,1,79333,1461.19,912338,
23291,2,server2,21,1515.07,770.2,70,0.430488,2,1,87457,1461.19,912338,
15172,2,server2,1,1379.63,770.2,71,0.450911,1,1,59343,1150.7,847221,
18737,2,server2,9,1440.05,770.2,71,0.450911,1,1,62908,1150.7,847221,
26044,2,server2,13,1439.63,770.2,71,0.450911,1,1,70215,1150.7,847221,
15.19,2,server2,1,1379.63,770.2,72,0.537842,2,1,79376,1263.33,737434,
15188,2,server2,5,1428.63,770.2,72,0.537842,2,1,79374,1263.33,737434,
15187,2,server2,9,1482.52,770.2,72,0.537842,2,1,79373,1263.33,737434,
23291,2,server2,21,1515.07,770.2,72,0.537842,2,1,87477,1263.33,737434,
15279,2,server2,11,779.8,1502.84,73,1.30407,2,2,89.52,934398,1513.54,
15242,2,server2,15,779.8,1519.88,73,1.30407,2,2,89483,934398,1513.54,
19278,2,server2,19,779.8,1519.87,73,1.30407,2,2,93519,934398,1513.54,
24234,2,server2,23,779.8,1518.62,73,1.30407,2,2,98475,934398,1513.54,
27262,2,server2,27,779.8,1519.87,73,1.30407,2,2,101503,934398,1513.54,
15246,2,server2,3,779.8,1410.02,74,1.11506,2,1,51488,605314,1475.52,
15279,2,server2,11,779.8,1502.84,74,1.11506,2,1,51521,605314,1475.52,
19278,2,server2,19,779.8,1519.87,74,1.11506,2,1,55.52,605314,1475.52,
24234,2,server2,23,779.8,1518.62,74,1.11506,2,1,60476,605314,1475.52,
27262,2,server2,27,779.8,1519.87,74,1.11506,2,1,63504,605314,1475.52,
15312,2,server2,1,1378.33,770.2,75,1.65848,2,1,70615,1564.39,853375,
15308,2,server2,5,1427.27,770.2,75,1.65848,2,1,70611,1564.39,853375,
15305,2,server2,13,1514.63,770.2,75,1.65848,2,1,70608,1564.39,853375,
23291,2,server2,21,1515.07,770.2,75,1.65848,2,1,78594,1564.39,853375,
30163,2,server2,29,1518.59,770.2,75,1.65848,2,1,85466,1564.39,853375,
16132,2,server2,1,1366.7,770.2,76,2.03699,2,1,78262,1483.49,540895,
16148,2,server2,5,1415.1,770.2,76,2.03699,2,1,78278,1483.49,540895,
16301,2,server2,9,1474.26,770.2,76,2.03699,2,1,78431,1483.49,540895,
23291,2,server2,21,1515.07,770.2,76,2.03699,2,1,85421,1483.49,540895,
30163,2,server2,29,1518.59,770.2,76,2.03699,2,1,92293,1483.49,540895,
16132,2,server2,1,1366.7,770.2,77,2.33021,2,1,78262,1423.12,1059.84,
16148,2,server2,5,1415.1,770.2,77,2.33021,2,1,78278,1423.12,1059.84,
16301,2,server2,9,1474.26,770.2,77,2.33021,2,1,78431,1423.12,1059.84,
16167,2,server2,11,779.8,1494.53,78,0.509804,2,2,90312,993473,1548.87,
16.3,2,server2,15,779.8,1518.38,78,0.509804,2,2,90445,993473,1548.87,
19278,2,server2,19,779.8,1519.87,78,0.509804,2,2,93423,993473,1548.87,
24234,2,server2,23,779.8,1518.62,78,0.509804,2,2,98379,993473,1548.87,
27262,2,server2,27,779.8,1519.87,78,0.509804,2,2,101407,993473,1548.87,
16166,2,server2,1,1366.7,770.2,79,0.797394,2,2,123314,1480.25,788831,
103967,2,server2,4,1201.86,779.8,79,0.797394,2,2,211115,1480.25,788831,
16301,2,server2,9,1474.26,770.2,79,0.797394,2,2,123449,1480.25,788831,
16148,2,server2,13,1509.52,770.2,79,0.797394,2,2,123296,1480.25,788831,
23291,2,server2,21,1515.07,770.2,79,0.797394,2,2,130439,1480.25,788831,
16177,2,server2,5,1415.1,770.2,80,0.717975,2,1,57343,1281.4,820726,
16301,2,server2,9,1474.26,770.2,80,0.717975,2,1,57467,1281.4,820726,
16171,2,server2,13,1509.52,770.2,80,0.717975,2,1,57337,1281.4,820726,
23291,2,server2,21,1515.07,770.2,80,0.717975,2,1,64457,1281.4,820726,
16203,2,server2,3,779.8,1399.16,81,2.16433,2,2,128405,651207,1395.87,
16.3,2,server2,15,779.8,1518.38,81,2.16433,2,2,128502,651207,1395.87,
19278,2,server2,19,779.8,1519.87,81,2.16433,2,2,131.48,651207,1395.87,
24234,2,server2,23,779.8,1518.62,81,2.16433,2,2,136436,651207,1395.87,
27262,2,server2,27,779.8,1519.87,81,2.16433,2,2,139464,651207,1395.87,
16301,2,server2,3,779.8,1397.95,82,0.70393,2,2,104601,1017.87,1358.07,
16.31,2,server2,11,779.8,1492.44,82,0.70393,2,2,104.61,1017.87,1358.07,1120.68
19278,2,server2,19,779.8,1519.87,82,0.70393,2,2,107578,1017.87,1358.07,
24234,2,server2,23,779.8,1518.62,82,0.70393,2,2,112534,1017.87,1358.07,
27262,2,server2,27,779.8,1519.87,82,0.70393,2,2,115562,1017.87,1358.07,
16444,2,server2,1,1364.11,770.2,83,0.520923,2,1,78.88,1621.01,652324,
16452,2,server2,5,1412.39,770.2,83,0.520923,2,1,78888,1621.01,652324,
16437,2,server2,13,1507.47,770.2,83,0.520923,2,1,78873,1621.01,652324,
23291,2,server2,21,1515.07,770.2,83,0.520923,2,1,85727,1621.01,652324,
16442,2,server2,13,1507.47,770.2,84,1.38396,2,1,78.88,1693.51,571245,
23291,2,server2,21,1515.07,770.2,84,1.38396,2,1,85729,1693.51,571245,
30163,2,server2,29,1518.59,770.2,84,1.38396,2,1,92601,1693.51,571245,
16566,2,server2,3,779.8,1394.33,85,0.839689,2,2,105125,529371,1272.45,
20615,2,server2,11,779.8,1436.47,85,0.839689,2,2,109174,529371,1272.45,
28231,2,server2,19,779.8,1437.17,85,0.839689,2,2,116.79,529371,1272.45,
32564,2,server2,23,779.8,1436.35,85,0.839689,2,2,121123,529371,1272.45,
16575,2,server2,5,1409.69,770.2,86,1.95426,2,1,58143,1581.67,941825,
16578,2,server2,9,1466.01,770.2,86,1.95426,2,1,58146,1581.67,941825,
16576,2,server2,13,1506.74,770.2,86,1.95426,2,1,58144,1581.67,941825,
23291,2,server2,21,1515.07,770.2,86,1.95426,2,1,64859,1581.67,941825,
30163,2,server2,29,1518.59,770.2,86,1.95426,2,1,71731,1581.67,941825,
66264,2,server2,0,903297,779.8,87,0.459653,2,1,133.39,1118.33,776147,
17.13,2,server2,1,1355.04,770.2,87,0.459653,2,1,84256,1118.33,776147,
63332,2,server2,8,865908,776.6,87,0.459653,2,1,130458,1118.33,776147,
21579,2,server2,9,1409.36,770.2,87,0.459653,2,1,88705,1118.33,776147,
26198,2,server2,13,1417.47,770.2,87,0.459653,2,1,93324,1118.33,776147,
17153,2,server2,1,1353.74,770.2,89,1.21749,1,1,60289,1544.3,757847,
17137,2,server2,5,1401.58,770.2,89,1.21749,1,1,60273,1544.3,757847,
17138,2,server2,9,1458.93,770.2,89,1.21749,1,1,60274,1544.3,757847,
23291,2,server2,21,1515.07,770.2,89,1.21749,1,1,66427,1544.3,757847,
30163,2,server2,29,1518.59,770.2,89,1.21749,1,1,73299,1544.3,757847,
17173,2,server2,5,1401.58,770.2,91,0.669221,2,2,130326,1503.14,593767,
17159,2,server2,9,1458.93,770.2,91,0.669221,2,2,130312,1503.14,593767,
17153,2,server2,13,1501.94,770.2,91,0.669221,2,2,130306,1503.14,593767,
23291,2,server2,21,1515.07,770.2,91,0.669221,2,2,136444,1503.14,593767,
17208,2,server2,13,1501.94,770.2,92,0.863682,2,1,84382,1677.44,986159,
23291,2,server2,21,1515.07,770.2,92,0.863682,2,1,90465,1677.44,986159,
17.41,2,server2,3,779.8,1384.68,94,0.901128,2,1,77807,689.18,1503.98,
17399,2,server2,11,779.8,1479.63,94,0.901128,2,1,77796,689.18,1503.98,
19278,2,server2,19,779.8,1519.87,94,0.901128,2,1,79675,689.18,1503.98,
24234,2,server2,23,779.8,1518.62,94,0.901128,2,1,84631,689.18,1503.98,
27262,2,server2,27,779.8,1519.87,94,0.901128,2,1,87659,689.18,1503.98,
17.41,2,server2,3,779.8,1384.68,95,0.683702,2,2,101809,618215,1252.02,
18947,2,server2,15,779.8,1504.64,95,0.683702,2,2,103346,618215,1252.02,
22828,2,server2,19,779.8,1504.59,95,0.683702,2,2,107227,618215,1252.02,
26935,2,server2,23,779.8,1504.43,95,0.683702,2,2,111334,618215,1252.02,
30911,2,server2,27,779.8,1504.16,95,0.683702,2,2,115.31,618215,1252.02,
17429,2,server2,3,779.8,1383.47,96,1.5893,1,1,77853,875787,1307.68,
17481,2,server2,11,779.8,1479.63,96,1.5893,1,1,77905,875787,1307.68,
19278,2,server2,19,779.8,1519.87,96,1.5893,1,1,79702,875787,1307.68,
24234,2,server2,23,779.8,1518.62,96,1.5893,1,1,84658,875787,1307.68,
27262,2,server2,27,779.8,1519.87,96,1.5893,1,1,87686,875787,1307.68,
18376,2,server2,13,1490.31,770.2,97,1.36419,2,2,129503,1706.84,614956,
23291,2,server2,21,1515.07,770.2,97,1.36419,2,2,134418,1706.84,614956,
30163,2,server2,29,1518.59,770.2,97,1.36419,2,2,141.29,1706.84,614956,
18133,2,server2,3,779.8,1375.02,98,0.5864,2,2,117263,856864,1269.9,
18138,2,server2,11,779.8,1469.19,98,0.5864,2,2,117268,856864,1269.9,
19278,2,server2,19,779.8,1519.87,98,0.5864,2,2,118408,856864,1269.9,
24234,2,server2,23,779.8,1518.62,98,0.5864,2,2,123364,856864,1269.9,
27262,2,server2,27,779.8,1519.87,98,0.5864,2,2,126392,856864,1269.9,
18135,2,server2,5,1389.41,770.2,99,0.434671,2,2,90268,1243.43,628537,
18133,2,server2,9,1447.13,770.2,99,0.434671,2,2,90266,1243.43,628537,
18376,2,server2,13,1490.31,770.2,99,0.434671,2,2,90509,1243.43,628537,
18.14,2,server2,3,779.8,1375.02,100,0.477743,1,2,123279,919679,1434.72,
18149,2,server2,15,779.8,1510.15,100,0.477743,1,2,123288,919679,1434.72,
19278,2,server2,19,779.8,1519.87,100,0.477743,1,2,124417,919679,1434.72,
24234,2,server2,23,779.8,1518.62,100,0.477743,1,2,129373,919679,1434.72,
27262,2,server2,27,779.8,1519.87,100,0.477743,1,2,132401,919679,1434.72,
18.15,2,server2,1,1340.8,770.2,101,0.45685,2,1,81297,1164.36,700042,
18149,2,server2,9,1447.13,770.2,101,0.45685,2,1,81296,1164.36,700042,
21629,2,server2,13,1455.45,770.2,101,0.45685,2,1,84776,1164.36,700042,
51718,2,server2,21,1455.82,770.2,101,0.45685,2,1,114865,1164.36,700042,
18197,2,server2,11,779.8,1469.19,102,0.993248,2,2,92348,549761,1436.85,
18168,2,server2,15,779.8,1510.15,102,0.993248,2,2,92319,549761,1436.85,
19278,2,server2,19,779.8,1519.87,102,0.993248,2,2,93429,549761,1436.85,
24234,2,server2,23,779.8,1518.62,102,0.993248,2,2,98385,549761,1436.85,
27262,2,server2,27,779.8,1519.87,102,0.993248,2,2,101413,549761,1436.85,
18156,2,server2,1,1340.8,770.2,103,0.632176,2,1,81.31,1465,717235,
18155,2,server2,9,1447.13,770.2,103,0.632176,2,1,81309,1465,717235,
18376,2,server2,13,1490.31,770.2,103,0.632176,2,1,81.53,1465,717235,
23291,2,server2,21,1515.07,770.2,103,0.632176,2,1,86445,1465,717235,
18379,2,server2,9,1444.77,770.2,104,1.31068,2,2,133755,1518.74,487666,
23291,2,server2,21,1515.07,770.2,104,1.31068,2,2,138667,1518.74,487666,
30163,2,server2,29,1518.59,770.2,104,1.31068,2,2,145539,1518.74,487666,
19237,2,server2,5,1373.19,770.2,105,2.20904,2,1,81366,1086.39,856556,
25239,2,server2,9,1372.77,770.2,105,2.20904,2,1,87368,1086.39,856556,
19132,2,server2,5,1375.9,770.2,106,2.58197,2,1,81261,1125.4,787.57,
20052,2,server2,9,1424.69,770.2,106,2.58197,2,1,82181,1125.4,787.57,
26162,2,server2,13,1424.85,770.2,106,2.58197,2,1,88291,1125.4,787.57,
19135,2,server2,1,1327.86,770.2,107,0.882324,2,0,61267,1241.41,835127,
19137,2,server2,9,1436.5,770.2,107,0.882324,2,0,61269,1241.41,835127,
19416,2,server2,13,1482.91,770.2,107,0.882324,2,0,61548,1241.41,835127,
23291,2,server2,21,1515.07,770.2,107,0.882324,2,0,65423,1241.41,835127,
19.15,2,server2,5,1374.55,770.2,108,0.587399,2,2,104298,1475.47,495628,
19416,2,server2,13,1482.91,770.2,108,0.587399,2,2,104564,1475.47,495628,
23291,2,server2,21,1515.07,770.2,108,0.587399,2,2,108439,1475.47,495628,
19165,2,server2,3,779.8,1362.94,109,1.48338,2,2,123328,614816,1434.76,
19184,2,server2,11,779.8,1457.41,109,1.48338,2,2,123347,614816,1434.76,
19278,2,server2,19,779.8,1519.87,109,1.48338,2,2,123441,614816,1434.76,
24234,2,server2,23,779.8,1518.62,109,1.48338,2,2,128397,614816,1434.76,
27262,2,server2,27,779.8,1519.87,109,1.48338,2,2,131425,614816,1434.76,
19171,2,server2,3,779.8,1362.94,110,2.47872,2,2,123341,705733,1270.37,
19184,2,server2,11,779.8,1457.41,110,2.47872,2,2,123354,705733,1270.37,
19278,2,server2,19,779.8,1519.87,110,2.47872,2,2,123448,705733,1270.37,
24234,2,server2,23,779.8,1518.62,110,2.47872,2,2,128404,705733,1270.37,
27262,2,server2,27,779.8,1519.87,110,2.47872,2,2,131432,705733,1270.37,
34754,2,server2,11,779.8,1251.8,111,1.40615,2,1,100925,1060,1144.99,
19189,2,server2,15,779.8,1503.08,112,0.874767,2,1,69373,1021.81,1555.4,
19278,2,server2,19,779.8,1519.87,112,0.874767,2,1,69462,1021.81,1555.4,
24234,2,server2,23,779.8,1518.62,112,0.874767,2,1,74418,1021.81,1555.4,
27262,2,server2,27,779.8,1519.87,112,0.874767,2,1,77446,1021.81,1555.4,
19.28,2,server2,3,779.8,1361.73,114,0.856061,2,1,76558,1026.13,1310.87,
19286,2,server2,11,779.8,1454.79,114,0.856061,2,1,76564,1026.13,1310.87,
21316,2,server2,15,779.8,1481.21,114,0.856061,2,1,78594,1026.13,1310.87,
30216,2,server2,23,779.8,1468.44,114,0.856061,2,1,87494,1026.13,1310.87,
19473,2,server2,1,1323.97,770.2,115,0.55692,2,2,127934,1396.78,912962,
103967,2,server2,4,1201.86,779.8,115,0.55692,2,2,212428,1396.78,912962,
19466,2,server2,5,1370.5,770.2,115,0.55692,2,2,127927,1396.78,912962,
91688,2,server2,8,1129.07,779.8,115,0.55692,2,2,200149,1396.78,912962,
19465,2,server2,9,1431.77,770.2,115,0.55692,2,2,127926,1396.78,912962,
23291,2,server2,21,1515.07,770.2,115,0.55692,2,2,131752,1396.78,912962,
66264,2,server2,0,903297,779.8,116,2.21739,2,2,180388,1111.11,601731,
20128,2,server2,1,1318.78,770.2,116,2.21739,2,2,134252,1111.11,601731,
103967,2,server2,4,1201.86,779.8,116,2.21739,2,2,218091,1111.11,601731,
63342,2,server2,8,867556,776.6,116,2.21739,2,2,177466,1111.11,601731,
25629,2,server2,9,1358.61,770.2,116,2.21739,2,2,139753,1111.11,601731,
92096,2,server2,12,1104.08,779.8,116,2.21739,2,2,206.22,1111.11,601731,
30837,2,server2,13,1358.36,770.2,116,2.21739,2,2,144961,1111.11,601731,
80651,2,server2,16,867849,776.6,116,2.21739,2,2,194775,1111.11,601731,
99052,2,server2,20,983173,779.8,116,2.21739,2,2,213176,1111.11,601731,
101676,2,server2,21,1358.76,770.2,116,2.21739,2,2,215.8,1111.11,601731,
85324,2,server2,24,895709,779.8,116,2.21739,2,2,199448,1111.11,601731,
95241,2,server2,28,1014.17,779.8,116,2.21739,2,2,209365,1111.11,601731,
20152,2,server2,1,1317.48,770.2,117,0.560388,2,2,141.3,1361.44,614927,
103967,2,server2,4,1201.86,779.8,117,0.560388,2,2,225115,1361.44,614927,
20.15,2,server2,5,1361.05,770.2,117,0.560388,2,2,141298,1361.44,614927,
86178,2,server2,8,1110.98,779.8,117,0.560388,2,2,207326,1361.44,614927,
105724,2,server2,12,1111.12,779.8,117,0.560388,2,2,226872,1361.44,614927,
20458,2,server2,13,1476.56,770.2,117,0.560388,2,2,141606,1361.44,614927,
23291,2,server2,21,1515.07,770.2,117,0.560388,2,2,144439,1361.44,614927,
69799,2,server2,0,915832,779.8,118,1.88253,2,2,190947,1215.37,787655,
20152,2,server2,1,1317.48,770.2,118,1.88253,2,2,141.3,1215.37,787655,
103967,2,server2,4,1201.86,779.8,118,1.88253,2,2,225115,1215.37,787655,
20.15,2,server2,5,1361.05,770.2,118,1.88253,2,2,141298,1215.37,787655,
72979,2,server2,8,916903,776.6,118,1.88253,2,2,194127,1215.37,787655,
92096,2,server2,12,1104.08,779.8,118,1.88253,2,2,213244,1215.37,787655,
20458,2,server2,13,1476.56,770.2,118,1.88253,2,2,141606,1215.37,787655,
90195,2,server2,16,916761,776.6,118,1.88253,2,2,211343,1215.37,787655,
99052,2,server2,20,983173,779.8,118,1.88253,2,2,220.2,1215.37,787655,
23.32,2,server2,21,1514.62,770.2,118,1.88253,2,2,144468,1215.37,787655,
90775,2,server2,24,916901,779.8,118,1.88253,2,2,211923,1215.37,787655,
95241,2,server2,28,1014.17,779.8,118,1.88253,2,2,216389,1215.37,787655,
22628,2,server2,11,779.8,1410.26,119,0.563537,2,1,89805,1019.52,1231.09,
26819,2,server2,15,779.8,1410.9,119,0.563537,2,1,93996,1019.52,1231.09,
34311,2,server2,23,779.8,1411.23,119,0.563537,2,1,101488,1019.52,1231.09,
20183,2,server2,3,779.8,1350.86,120,0.498179,2,1,69363,839012,1622.51,
20185,2,server2,15,779.8,1494.23,120,0.498179,2,1,69365,839012,1622.51,
20219,2,server2,19,779.8,1518.3,120,0.498179,2,1,69399,839012,1622.51,
24234,2,server2,23,779.8,1518.62,120,0.498179,2,1,73414,839012,1622.51,
27262,2,server2,27,779.8,1519.87,120,0.498179,2,1,76442,839012,1622.51,
20183,2,server2,3,779.8,1350.86,121,0.560426,2,1,69363,1045.54,1437.05,
20185,2,server2,15,779.8,1494.23,121,0.560426,2,1,69365,1045.54,1437.05,
20219,2,server2,19,779.8,1518.3,121,0.560426,2,1,69399,1045.54,1437.05,
24234,2,server2,23,779.8,1518.62,121,0.560426,2,1,73414,1045.54,1437.05,
27262,2,server2,27,779.8,1519.87,121,0.560426,2,1,76442,1045.54,1437.05,
20219,2,server2,19,779.8,1518.3,122,0.426991,2,2,140421,641257,1718.81,
24234,2,server2,23,779.8,1518.62,122,0.426991,2,2,144436,641257,1718.81,
27262,2,server2,27,779.8,1519.87,122,0.426991,2,2,147464,641257,1718.81,
66264,2,server2,0,903297,779.8,124,0.809337,1,2,186514,1077.03,997837,
103967,2,server2,4,1201.86,779.8,124,0.809337,1,2,224217,1077.03,997837,
26781,2,server2,5,1271.8,770.2,124,0.809337,1,2,147031,1077.03,997837,
67965,2,server2,8,875767,776.6,124,0.809337,1,2,188215,1077.03,997837,
51113,2,server2,11,779.8,1038.28,124,0.809337,1,2,171363,1077.03,997837,
92096,2,server2,12,1104.08,779.8,124,0.809337,1,2,212346,1077.03,997837,
55921,2,server2,15,779.8,1037.4,124,0.809337,1,2,176171,1077.03,997837,
81589,2,server2,16,874923,776.6,124,0.809337,1,2,201839,1077.03,997837,
99052,2,server2,20,983173,779.8,124,0.809337,1,2,219302,1077.03,997837,
61122,2,server2,23,779.8,1037.4,124,0.809337,1,2,181372,1077.03,997837,
85324,2,server2,24,895709,779.8,124,0.809337,1,2,205574,1077.03,997837,
95241,2,server2,28,1014.17,779.8,124,0.809337,1,2,215491,1077.03,997837,
53495,2,server2,29,1271.16,770.2,124,0.809337,1,2,173745,1077.03,997837,
20265,2,server2,11,779.8,1443.02,125,0.673895,2,1,87522,489121,1431.08,
20267,2,server2,15,779.8,1493.25,125,0.673895,2,1,87524,489121,1431.08,
22828,2,server2,19,779.8,1504.59,125,0.673895,2,1,90085,489121,1431.08,
26932,2,server2,23,779.8,1505.2,125,0.673895,2,1,94189,489121,1431.08,
30809,2,server2,27,779.8,1504.96,125,0.673895,2,1,98066,489121,1431.08,
20272,2,server2,3,779.8,1349.65,126,0.49635,2,2,140541,784.63,1475.62,
20.27,2,server2,11,779.8,1441.71,126,0.49635,2,2,140539,784.63,1475.62,
20278,2,server2,19,779.8,1518.3,126,0.49635,2,2,140547,784.63,1475.62,
24234,2,server2,23,779.8,1518.62,126,0.49635,2,2,144503,784.63,1475.62,
27262,2,server2,27,779.8,1519.87,126,0.49635,2,2,147531,784.63,1475.62,
20.67,2,server2,1,1309.71,770.2,127,1.75594,2,1,94318,1465.82,519875,
20655,2,server2,5,1359.69,770.2,127,1.75594,2,1,94303,1465.82,519875,
21579,2,server2,9,1409.36,770.2,127,1.75594,2,1,95227,1465.82,519875,
23291,2,server2,21,1515.07,770.2,127,1.75594,2,1,96939,1465.82,519875,
30163,2,server2,29,1518.59,770.2,127,1.75594,2,1,103811,1465.82,519875,
20.67,2,server2,1,1309.71,770.2,128,1.88579,2,1,94318,1273.48,888774,
20655,2,server2,5,1359.69,770.2,128,1.88579,2,1,94303,1273.48,888774,
21579,2,server2,9,1409.36,770.2,128,1.88579,2,1,95227,1273.48,888774,
23291,2,server2,21,1515.07,770.2,128,1.88579,2,1,96939,1273.48,888774,
30163,2,server2,29,1518.59,770.2,128,1.88579,2,1,103811,1273.48,888774,
23748,2,server2,11,779.8,1395.83,129,0.535075,2,1,90871,839922,1103.09,
27.91,2,server2,15,779.8,1396.8,129,0.535075,2,1,95033,839922,1103.09,
31029,2,server2,19,779.8,1395.68,129,0.535075,2,1,98152,839922,1103.09,
35412,2,server2,23,779.8,1395.89,129,0.535075,2,1,102535,839922,1103.09,
21135,2,server2,3,779.8,1338.77,130,2051,2,2,143259,948123,1343.67,
21128,2,server2,15,779.8,1484.72,130,2051,2,2,143252,948123,1343.67,
21133,2,server2,19,779.8,1515.03,130,2051,2,2,143257,948123,1343.67,
24234,2,server2,23,779.8,1518.62,130,2051,2,2,146358,948123,1343.67,
27262,2,server2,27,779.8,1519.87,130,2051,2,2,149386,948123,1343.67,
21231,2,server2,1,1309.71,770.2,131,0.616663,2,1,77.36,1154.54,575182,
23636,2,server2,9,1382.22,770.2,131,0.616663,2,1,79765,1154.54,575182,
21231,2,server2,1,1309.71,770.2,132,0.878824,2,1,77366,1162.14,701612,
21579,2,server2,9,1409.36,770.2,132,0.878824,2,1,77714,1162.14,701612,
21828,2,server2,13,1453.34,770.2,132,0.878824,2,1,77963,1162.14,701612,
52488,2,server2,21,1453.3,770.2,132,0.878824,2,1,108623,1162.14,701612,
21231,2,server2,1,1309.71,770.2,133,0.52681,1,1,85369,1347.83,864308,
21141,2,server2,5,1347.53,770.2,133,0.52681,1,1,85279,1347.83,864308,
21579,2,server2,9,1409.36,770.2,133,0.52681,1,1,85717,1347.83,864308,
23291,2,server2,21,1515.07,770.2,133,0.52681,1,1,87429,1347.83,864308,
21231,2,server2,1,1309.71,770.2,134,0.977403,2,1,85369,1391.06,871535,
21141,2,server2,5,1347.53,770.2,134,0.977403,2,1,85279,1391.06,871535,
21579,2,server2,9,1409.36,770.2,134,0.977403,2,1,85717,1391.06,871535,
23291,2,server2,21,1515.07,770.2,134,0.977403,2,1,87429,1391.06,871535,
30163,2,server2,29,1518.59,770.2,134,0.977403,2,1,94301,1391.06,871535,
21204,2,server2,11,779.8,1429.91,135,1.22591,2,1,88345,526.97,1540.79,
21144,2,server2,15,779.8,1483.57,135,1.22591,2,1,88285,526.97,1540.79,
21152,2,server2,19,779.8,1515.03,135,1.22591,2,1,88293,526.97,1540.79,
24234,2,server2,23,779.8,1518.62,135,1.22591,2,1,91375,526.97,1540.79,
27262,2,server2,27,779.8,1519.87,135,1.22591,2,1,94403,526.97,1540.79,
21151,2,server2,3,779.8,1338.77,136,0.791317,2,2,130295,1009.65,1403.35,
21204,2,server2,11,779.8,1429.91,136,0.791317,2,2,130348,1009.65,1403.35,
21152,2,server2,19,779.8,1515.03,136,0.791317,2,2,130296,1009.65,1403.35,
24234,2,server2,23,779.8,1518.62,136,0.791317,2,2,133378,1009.65,1403.35,
27262,2,server2,27,779.8,1519.87,136,0.791317,2,2,136406,1009.65,1403.35,
21157,2,server2,3,779.8,1338.77,137,0.562052,2,2,108309,757.12,1215.86,
21204,2,server2,11,779.8,1429.91,137,0.562052,2,2,108356,757.12,1215.86,
21156,2,server2,15,779.8,1483.57,137,0.562052,2,2,108308,757.12,1215.86,
25336,2,server2,23,779.8,1514.41,137,0.562052,2,2,112488,757.12,1215.86,
21158,2,server2,19,779.8,1515.03,138,0.857467,2,2,130314,544644,1678.55,
24234,2,server2,23,779.8,1518.62,138,0.857467,2,2,133.39,544644,1678.55,
27262,2,server2,27,779.8,1519.87,138,0.857467,2,2,136418,544644,1678.55,
21276,2,server2,15,779.8,1482.4,139,2.48702,2,2,108551,511076,1607.7,
24234,2,server2,23,779.8,1518.62,139,2.48702,2,2,111509,511076,1607.7,
27262,2,server2,27,779.8,1519.87,139,2.48702,2,2,114537,511076,1607.7,
21471,2,server2,5,1343.48,770.2,140,1.01684,2,2,114934,1481.65,1030.35,
21579,2,server2,9,1409.36,770.2,140,1.01684,2,2,115042,1481.65,1030.35,
21474,2,server2,13,1459.68,770.2,140,1.01684,2,2,114937,1481.65,1030.35,
23291,2,server2,21,1515.07,770.2,140,1.01684,2,2,116754,1481.65,1030.35,
30163,2,server2,29,1518.59,770.2,140,1.01684,2,2,123626,1481.65,1030.35,
21582,2,server2,13,1456.51,770.2,141,0.674668,2,2,113161,1628.35,976.42,
23291,2,server2,21,1515.07,770.2,141,0.674668,2,2,114.87,1628.35,976.42,
22132,2,server2,15,779.8,1471.18,142,0.96904,2,1,100245,822155,1684.18,
22145,2,server2,19,779.8,1509.57,142,0.96904,2,1,100258,822155,1684.18,
24234,2,server2,23,779.8,1518.62,142,0.96904,2,1,102347,822155,1684.18,
27262,2,server2,27,779.8,1519.87,142,0.96904,2,1,105375,822155,1684.18,
24234,2,server2,23,779.8,1518.62,143,1086,2,2,120366,1056.3,1630.88,
27262,2,server2,27,779.8,1519.87,143,1086,2,2,123394,1056.3,1630.88,
103352,2,server2,6,773.4,834212,144,1.51767,1,2,228.49,577971,1061.45,
32.36,2,server2,11,779.8,1283.23,144,1.51767,1,2,157498,577971,1061.45,
22148,2,server2,15,779.8,1471.18,145,0.446424,2,1,72293,1039.77,1578.47,
24234,2,server2,23,779.8,1518.62,145,0.446424,2,1,74379,1039.77,1578.47,
27262,2,server2,27,779.8,1519.87,145,0.446424,2,1,77407,1039.77,1578.47,
73783,2,server2,0,975821,779.8,146,0.677971,2,2,156941,1107.67,510462,
24642,2,server2,1,1256.57,770.2,146,0.677971,2,2,107.8,1107.67,510462,
27851,2,server2,5,1256.93,770.2,146,0.677971,2,2,111009,1107.67,510462,
76427,2,server2,8,969532,776.6,146,0.677971,2,2,159585,1107.67,510462,
57755,2,server2,29,1256.63,770.2,146,0.677971,2,2,140913,1107.67,510462,
22253,2,server2,19,779.8,1508.92,147,2.24525,2,2,118504,500327,1559.65,
24234,2,server2,23,779.8,1518.62,147,2.24525,2,2,120485,500327,1559.65,
27262,2,server2,27,779.8,1519.87,147,2.24525,2,2,123513,500327,1559.65,
22372,2,server2,1,1288.95,770.2,148,0.53583,2,2,145743,1430.95,582009,
105.07,2,server2,4,1205.49,779.8,148,0.53583,2,2,228441,1430.95,582009,
22373,2,server2,9,1397.53,770.2,148,0.53583,2,2,145744,1430.95,582009,
22403,2,server2,13,1451.24,770.2,148,0.53583,2,2,145774,1430.95,582009,
23291,2,server2,21,1515.07,770.2,148,0.53583,2,2,146662,1430.95,582009,
66264,2,server2,0,903297,779.8,149,1.22692,2,2,189.64,1075.85,1010.09,
24734,2,server2,1,1255.28,770.2,149,1.22692,2,2,148.11,1075.85,1010.09,
103967,2,server2,4,1201.86,779.8,149,1.22692,2,2,227343,1075.85,1010.09,
70134,2,server2,8,888935,776.6,149,1.22692,2,2,193.51,1075.85,1010.09,
59.95,2,server2,9,1255.93,770.2,149,1.22692,2,2,183326,1075.85,1010.09,
92096,2,server2,12,1104.08,779.8,149,1.22692,2,2,215472,1075.85,1010.09,
54321,2,server2,15,779.8,1057.91,149,1.22692,2,2,177697,1075.85,1010.09,
87251,2,server2,16,887636,776.6,149,1.22692,2,2,210627,1075.85,1010.09,
59364,2,server2,19,776.6,1026.7,149,1.22692,2,2,182.74,1075.85,1010.09,
99052,2,server2,20,983173,779.8,149,1.22692,2,2,222428,1075.85,1010.09,
59698,2,server2,23,779.8,1058.32,149,1.22692,2,2,183074,1075.85,1010.09,
85324,2,server2,24,895709,779.8,149,1.22692,2,2,208.7,1075.85,1010.09,
63067,2,server2,27,776.6,1030.66,149,1.22692,2,2,186443,1075.85,1010.09,
95241,2,server2,28,1014.17,779.8,149,1.22692,2,2,218617,1075.85,1010.09,
57768,2,server2,29,1255.19,770.2,149,1.22692,2,2,181144,1075.85,1010.09,
66408,2,server2,0,906081,779.8,150,1.52453,2,1,138965,1161.89,624202,
22557,2,server2,5,1328.59,770.2,150,1.52453,2,1,95114,1161.89,624202,
22573,2,server2,9,1396.35,770.2,150,1.52453,2,1,95.13,1161.89,624202,
26167,2,server2,13,1423.8,770.2,150,1.52453,2,1,98724,1161.89,624202,
68277,2,server2,21,1423.04,770.2,150,1.52453,2,1,140834,1161.89,624202,
23133,2,server2,3,779.8,1314.62,151,2.63574,2,2,152.25,839183,1510.54,
23133,2,server2,11,779.8,1405.01,151,2.63574,2,2,152.25,839183,1510.54,
23124,2,server2,15,779.8,1458.37,151,2.63574,2,2,152241,839183,1510.54,
24234,2,server2,23,779.8,1518.62,151,2.63574,2,2,153351,839183,1510.54,
27262,2,server2,27,779.8,1519.87,151,2.63574,2,2,156379,839183,1510.54,
23131,2,server2,19,779.8,1502.17,152,0.806622,2,2,106261,976984,1652.13,
24234,2,server2,23,779.8,1518.62,152,0.806622,2,2,107364,976984,1652.13,
27262,2,server2,27,779.8,1519.87,152,0.806622,2,2,110392,976984,1652.13,
23134,2,server2,3,779.8,1314.62,153,1.10467,2,2,158267,1016.42,1159.67,
32.13,2,server2,15,779.8,1342.9,153,1.10467,2,2,167263,1016.42,1159.67,
34515,2,server2,19,779.8,1343.81,153,1.10467,2,2,169648,1016.42,1159.67,
23163,2,server2,1,1277.29,770.2,154,1.02726,2,1,102306,1419.17,887247,
23144,2,server2,5,1321.81,770.2,154,1.02726,2,1,102287,1419.17,887247,
23358,2,server2,13,1451.24,770.2,154,1.02726,2,1,102501,1419.17,887247,
23291,2,server2,21,1515.07,770.2,154,1.02726,2,1,102434,1419.17,887247,
30163,2,server2,29,1518.59,770.2,154,1.02726,2,1,109306,1419.17,887247,
23149,2,server2,11,779.8,1403.69,155,0.947203,2,1,87294,809.39,1373.73,
23147,2,server2,15,779.8,1458.37,155,0.947203,2,1,87292,809.39,1373.73,
23147,2,server2,19,779.8,1502.17,155,0.947203,2,1,87292,809.39,1373.73,
24234,2,server2,23,779.8,1518.62,155,0.947203,2,1,88379,809.39,1373.73,
27262,2,server2,27,779.8,1519.87,155,0.947203,2,1,91407,809.39,1373.73,
23155,2,server2,3,779.8,1314.62,156,1.90445,2,2,158304,549673,1321.44,
23152,2,server2,15,779.8,1458.37,156,1.90445,2,2,158301,549673,1321.44,
23152,2,server2,19,779.8,1502.17,156,1.90445,2,2,158301,549673,1321.44,
25514,2,server2,23,779.8,1513.45,156,1.90445,2,2,160663,549673,1321.44,
25041,2,server2,11,779.8,1378.79,157,1.39173,2,1,89202,844389,1087.03,
32.25,2,server2,19,779.8,1377.88,157,1.39173,2,1,96411,844389,1087.03,
23163,2,server2,5,1320.46,770.2,158,2.43484,2,1,103326,1395.78,880401,
23164,2,server2,9,1388.11,770.2,158,2.43484,2,1,103327,1395.78,880401,
23358,2,server2,13,1451.24,770.2,158,2.43484,2,1,103521,1395.78,880401,
23291,2,server2,21,1515.07,770.2,158,2.43484,2,1,103454,1395.78,880401,
30163,2,server2,29,1518.59,770.2,158,2.43484,2,1,110326,1395.78,880401,
66264,2,server2,0,903297,779.8,159,0.685069,2,2,170428,1093.96,871562,
23168,2,server2,1,1276,770.2,159,0.685069,2,2,127332,1093.96,871562,
103967,2,server2,4,1201.86,779.8,159,0.685069,2,2,208131,1093.96,871562,
63332,2,server2,8,865908,776.6,159,0.685069,2,2,167496,1093.96,871562,
24694,2,server2,9,1375.14,770.2,159,0.685069,2,2,128858,1093.96,871562,
92096,2,server2,12,1104.08,779.8,159,0.685069,2,2,196.26,1093.96,871562,
76394,2,server2,16,860763,776.6,159,0.685069,2,2,180558,1093.96,871562,
99052,2,server2,20,983173,779.8,159,0.685069,2,2,203216,1093.96,871562,
88253,2,server2,21,1375.14,770.2,159,0.685069,2,2,192417,1093.96,871562,
85324,2,server2,24,895709,779.8,159,0.685069,2,2,189488,1093.96,871562,
95241,2,server2,28,1014.17,779.8,159,0.685069,2,2,199405,1093.96,871562,
66264,2,server2,0,903297,779.8,160,1.70154,2,1,145456,1108.53,960563,
23196,2,server2,1,1276,770.2,160,1.70154,2,1,102388,1108.53,960563,
23.2,2,server2,5,1320.46,770.2,160,1.70154,2,1,102392,1108.53,960563,
67923,2,server2,8,872.48,776.6,160,1.70154,2,1,147115,1108.53,960563,
35986,2,server2,13,1329.87,770.2,160,1.70154,2,1,115178,1108.53,960563,
52.37,2,server2,29,1327.03,770.2,160,1.70154,2,1,131562,1108.53,960563,
23292,2,server2,9,1386.94,770.2,161,0.82592,2,2,124583,1665.07,851155,
23358,2,server2,13,1451.24,770.2,161,0.82592,2,2,124649,1665.07,851155,
24137,2,server2,11,779.8,1390.59,162,0.652897,2,2,134.27,696772,1646.54,
24.14,2,server2,19,779.8,1493.81,162,0.652897,2,2,134273,696772,1646.54,
24234,2,server2,23,779.8,1518.62,162,0.652897,2,2,134367,696772,1646.54,
27262,2,server2,27,779.8,1519.87,162,0.652897,2,2,137395,696772,1646.54,
24.14,2,server2,3,779.8,1302.54,163,0.679517,2,1,105277,863116,1476.13,
24138,2,server2,15,779.8,1445.55,163,0.679517,2,1,105275,863116,1476.13,
24.14,2,server2,19,779.8,1493.81,163,0.679517,2,1,105277,863116,1476.13,
24234,2,server2,23,779.8,1518.62,163,0.679517,2,1,105371,863116,1476.13,
27262,2,server2,27,779.8,1519.87,163,0.679517,2,1,108399,863116,1476.13,
24.14,2,server2,3,779.8,1302.54,164,0.681457,2,2,134279,1022.31,1462,
24143,2,server2,11,779.8,1390.59,164,0.681457,2,2,134282,1022.31,1462,
24.14,2,server2,19,779.8,1493.81,164,0.681457,2,2,134279,1022.31,1462,
24234,2,server2,23,779.8,1518.62,164,0.681457,2,2,134373,1022.31,1462,
27262,2,server2,27,779.8,1519.87,164,0.681457,2,2,137401,1022.31,1462,
104873,2,server2,6,773.4,882957,165,0.566617,2,2,223024,544097,1075.45,
34035,2,server2,11,779.8,1260.97,165,0.566617,2,2,152186,544097,1075.45,
24234,2,server2,23,779.8,1518.62,166,1.82617,2,2,154392,576832,1714.52,
27262,2,server2,27,779.8,1519.87,166,1.82617,2,2,157.42,576832,1714.52,
24167,2,server2,11,779.8,1390.59,167,0.936655,1,2,142329,931.55,1198.61,
24163,2,server2,15,779.8,1445.55,167,0.936655,1,2,142325,931.55,1198.61,
26911,2,server2,19,779.8,1456.43,167,0.936655,1,2,145073,931.55,1198.61,
31067,2,server2,23,779.8,1457.29,167,0.936655,1,2,149229,931.55,1198.61,
24243,2,server2,3,779.8,1301.33,168,1.74847,2,1,80477,930.58,1429.02,
24239,2,server2,11,779.8,1389.28,168,1.74847,2,1,80473,930.58,1429.02,
24237,2,server2,15,779.8,1444.26,168,1.74847,2,1,80471,930.58,1429.02,
24237,2,server2,19,779.8,1491.75,168,1.74847,2,1,80471,930.58,1429.02,
27262,2,server2,27,779.8,1519.87,168,1.74847,2,1,83496,930.58,1429.02,
24296,2,server2,1,1261.77,770.2,169,0.929929,2,2,132585,1397.68,993084,
103967,2,server2,4,1201.86,779.8,169,0.929929,2,2,212256,1397.68,993084,
24294,2,server2,5,1308.3,770.2,169,0.929929,2,2,132583,1397.68,993084,
24348,2,server2,13,1450.18,770.2,169,0.929929,2,2,132637,1397.68,993084,
24319,2,server2,21,1514.15,770.2,169,0.929929,2,2,132608,1397.68,993084,
93099,2,server2,0,1027.42,779.8,170,1.72174,2,2,188423,1192.78,531245,
24325,2,server2,5,1308.3,770.2,170,1.72174,2,2,119649,1192.78,531245,
76825,2,server2,8,1020.52,776.6,170,1.72174,2,2,172149,1192.78,531245,
25202,2,server2,9,1373.95,770.2,170,1.72174,2,2,120526,1192.78,531245,
92096,2,server2,12,1104.08,779.8,170,1.72174,2,2,187.42,1192.78,531245,
93395,2,server2,16,1021.51,776.6,170,1.72174,2,2,188719,1192.78,531245,
88342,2,server2,21,1373.88,770.2,170,1.72174,2,2,183666,1192.78,531245,
24497,2,server2,9,1376.32,770.2,171,0.436148,2,1,85.95,1442.73,521042,
24528,2,server2,13,1450.18,770.2,171,0.436148,2,1,85981,1442.73,521042,
24544,2,server2,21,1514.15,770.2,171,0.436148,2,1,85997,1442.73,521042,
26622,2,server2,1,1230.68,770.2,172,0.578424,2,1,88075,1008.42,569728,
60293,2,server2,9,1231.16,770.2,172,0.578424,2,1,121746,1008.42,569728,
61626,2,server2,29,1231.18,770.2,172,0.578424,2,1,123079,1008.42,569728,
24538,2,server2,5,1301.54,770.2,173,1.76641,1,2,120076,1467.19,671752,
24547,2,server2,9,1376.32,770.2,173,1.76641,1,2,120085,1467.19,671752,
24653,2,server2,13,1450.18,770.2,173,1.76641,1,2,120191,1467.19,671752,
24544,2,server2,21,1514.15,770.2,173,1.76641,1,2,120082,1467.19,671752,
30163,2,server2,29,1518.59,770.2,173,1.76641,1,2,125701,1467.19,671752,
24986,2,server2,15,779.8,1435.28,174,2.52216,1,1,81964,734702,1724.4,
24982,2,server2,19,779.8,1483.91,174,2.52216,1,1,81.96,734702,1724.4,
27262,2,server2,27,779.8,1519.87,174,2.52216,1,1,84.24,734702,1724.4,
25.08,2,server2,11,779.8,1378.79,175,0.805527,2,2,134159,841575,1602.54,
25081,2,server2,15,779.8,1434,175,0.805527,2,2,134.16,841575,1602.54,
25115,2,server2,19,779.8,1482.71,175,0.805527,2,2,134194,841575,1602.54,
27262,2,server2,27,779.8,1519.87,175,0.805527,2,2,136341,841575,1602.54,
25129,2,server2,11,779.8,1378.79,176,0.559364,2,1,81249,972909,1350.98,
25164,2,server2,15,779.8,1434,176,0.559364,2,1,81284,972909,1350.98,
25122,2,server2,19,779.8,1481.48,176,0.559364,2,1,81242,972909,1350.98,
25336,2,server2,23,779.8,1514.41,176,0.559364,2,1,81456,972909,1350.98,
27262,2,server2,27,779.8,1519.87,176,0.559364,2,1,83382,972909,1350.98,
25131,2,server2,3,779.8,1290.49,177,0.571264,2,2,146258,482466,1275.9,
34334,2,server2,15,779.8,1314.66,177,0.571264,2,2,155461,482466,1275.9,
25131,2,server2,3,779.8,1290.49,178,1.59233,2,1,108.26,798708,1278.76,
25164,2,server2,15,779.8,1434,178,1.59233,2,1,108293,798708,1278.76,
25137,2,server2,19,779.8,1481.48,178,1.59233,2,1,108266,798708,1278.76,
25336,2,server2,23,779.8,1514.41,178,1.59233,2,1,108465,798708,1278.76,
27262,2,server2,27,779.8,1519.87,178,1.59233,2,1,110391,798708,1278.76,
25131,2,server2,3,779.8,1290.49,179,1.60327,2,1,108.26,1048.49,1210.24,
32.13,2,server2,15,779.8,1342.9,179,1.60327,2,1,115259,1048.49,1210.24,
34.63,2,server2,19,779.8,1342.34,179,1.60327,2,1,117759,1048.49,1210.24,
66264,2,server2,0,903297,779.8,180,1.33187,1,2,162396,956282,778529,
77265,2,server2,2,770.2,763599,180,1.33187,1,2,173397,956282,778529,
27.93,2,server2,5,1255.57,770.2,180,1.33187,1,2,124062,956282,778529,
88597,2,server2,6,773.4,763599,180,1.33187,1,2,184729,956282,778529,
63332,2,server2,8,865908,776.6,180,1.33187,1,2,159464,956282,778529,
59.95,2,server2,9,1255.93,770.2,180,1.33187,1,2,156082,956282,778529,
52431,2,server2,11,779.8,1019.95,180,1.33187,1,2,148563,956282,778529,
92096,2,server2,12,1104.08,779.8,180,1.33187,1,2,188228,956282,778529,
57212,2,server2,15,779.8,1020.73,180,1.33187,1,2,153344,956282,778529,
76394,2,server2,16,860763,776.6,180,1.33187,1,2,172526,956282,778529,
59483,2,server2,19,776.6,1017.8,180,1.33187,1,2,155615,956282,778529,
62947,2,server2,23,779.8,1020.64,180,1.33187,1,2,159079,956282,778529,
85324,2,server2,24,895709,779.8,180,1.33187,1,2,181456,956282,778529,
65.18,2,server2,27,776.6,1018.36,180,1.33187,1,2,161312,956282,778529,
95241,2,server2,28,1014.17,779.8,180,1.33187,1,2,191373,956282,778529,
57768,2,server2,29,1255.19,770.2,180,1.33187,1,2,153.9,956282,778529,
25164,2,server2,3,779.8,1290.49,181,1.55245,2,2,146.32,555027,1208.4,
25163,2,server2,11,779.8,1377.47,181,1.55245,2,2,146319,555027,1208.4,
27122,2,server2,15,779.8,1407.07,181,1.55245,2,2,148278,555027,1208.4,
34614,2,server2,23,779.8,1407.04,181,1.55245,2,2,155.77,555027,1208.4,
66264,2,server2,0,903297,779.8,182,1.30117,2,2,176426,1063.15,729801,
25166,2,server2,1,1250.09,770.2,182,1.30117,2,2,135328,1063.15,729801,
77265,2,server2,2,770.2,763599,182,1.30117,2,2,187427,1063.15,729801,
103967,2,server2,4,1201.86,779.8,182,1.30117,2,2,214129,1063.15,729801,
88597,2,server2,6,773.4,763599,182,1.30117,2,2,198759,1063.15,729801,
63332,2,server2,8,865908,776.6,182,1.30117,2,2,173494,1063.15,729801,
25588,2,server2,9,1359.79,770.2,182,1.30117,2,2,135.75,1063.15,729801,
92096,2,server2,12,1104.08,779.8,182,1.30117,2,2,202258,1063.15,729801,
30.72,2,server2,13,1359.41,770.2,182,1.30117,2,2,140882,1063.15,729801,
76394,2,server2,16,860763,776.6,182,1.30117,2,2,186556,1063.15,729801,
99052,2,server2,20,983173,779.8,182,1.30117,2,2,209214,1063.15,729801,
101.66,2,server2,21,1360.02,770.2,182,1.30117,2,2,211822,1063.15,729801,
79364,2,server2,23,779.8,828287,182,1.30117,2,2,189526,1063.15,729801,
85324,2,server2,24,895709,779.8,182,1.30117,2,2,195486,1063.15,729801,
82219,2,server2,27,776.6,817933,182,1.30117,2,2,192381,1063.15,729801,
95241,2,server2,28,1014.17,779.8,182,1.30117,2,2,205403,1063.15,729801,
25165,2,server2,3,779.8,1290.49,183,0.758839,2,1,108329,953156,1461.19,
25168,2,server2,11,779.8,1377.47,183,0.758839,2,1,108332,953156,1461.19,
25234,2,server2,19,779.8,1481.48,183,0.758839,2,1,108398,953156,1461.19,
25336,2,server2,23,779.8,1514.41,183,0.758839,2,1,108.5,953156,1461.19,
27262,2,server2,27,779.8,1519.87,183,0.758839,2,1,110426,953156,1461.19,
25234,2,server2,19,779.8,1481.48,184,1.75458,0,1,108398,716028,1685.73,
25336,2,server2,23,779.8,1514.41,184,1.75458,0,1,108.5,716028,1685.73,
27262,2,server2,27,779.8,1519.87,184,1.75458,0,1,110426,716028,1685.73,
25337,2,server2,3,779.8,1288.08,185,0.573109,2,1,83673,634.72,1222.87,
25523,2,server2,3,779.8,1285.66,185,0.685978,2,1,84043,904058,1427.29,
25401,2,server2,11,779.8,1374.86,185,0.573109,2,1,83737,634.72,1222.87,
25526,2,server2,11,779.8,1372.24,185,0.685978,2,1,84046,904058,1427.29,
25339,2,server2,15,779.8,1430.15,185,0.573109,2,1,83675,634.72,1222.87,
25533,2,server2,15,779.8,1427.59,185,0.685978,2,1,84053,904058,1427.29,
25344,2,server2,19,779.8,1478.97,185,0.573109,2,1,83.68,634.72,1222.87,
25524,2,server2,19,779.8,1476.4,185,0.685978,2,1,84044,904058,1427.29,
27262,2,server2,27,779.8,1519.87,185,0.685978,2,1,85782,904058,1427.29,
25528,2,server2,5,1288.03,770.2,186,1.97129,1,1,104051,1573.97,781752,
25538,2,server2,13,1450.18,770.2,186,1.97129,1,1,104061,1573.97,781752,
25574,2,server2,21,1514.15,770.2,186,1.97129,1,1,104097,1573.97,781752,
30163,2,server2,29,1518.59,770.2,186,1.97129,1,1,108686,1573.97,781752,
25727,2,server2,1,1242.33,770.2,187,0.69853,2,2,145453,1386.82,639649,
103967,2,server2,4,1201.86,779.8,187,0.69853,2,2,223693,1386.82,639649,
25732,2,server2,5,1286.68,770.2,187,0.69853,2,2,145458,1386.82,639649,
86.18,2,server2,8,1122.5,779.8,187,0.69853,2,2,205906,1386.82,639649,
25728,2,server2,9,1357.43,770.2,187,0.69853,2,2,145454,1386.82,639649,
25766,2,server2,21,1514.15,770.2,187,0.69853,2,2,145492,1386.82,639649,
25766,2,server2,21,1514.15,770.2,188,1.1501,2,2,145501,1701.35,560093,
30163,2,server2,29,1518.59,770.2,188,1.1501,2,2,149898,1701.35,560093,
75824,2,server2,0,984177,779.8,189,0.965375,2,2,179868,1188.01,999516,
26063,2,server2,1,1239.75,770.2,189,0.965375,2,2,130107,1188.01,999516,
103967,2,server2,4,1201.86,779.8,189,0.965375,2,2,208011,1188.01,999516,
26045,2,server2,5,1281.26,770.2,189,0.965375,2,2,130089,1188.01,999516,
76569,2,server2,8,987642,776.6,189,0.965375,2,2,180613,1188.01,999516,
26058,2,server2,9,1355.07,770.2,189,0.965375,2,2,130102,1188.01,999516,
92096,2,server2,12,1104.08,779.8,189,0.965375,2,2,196.14,1188.01,999516,
93391,2,server2,16,988606,776.6,189,0.965375,2,2,197435,1188.01,999516,
101441,2,server2,20,984426,779.8,189,0.965375,2,2,205485,1188.01,999516,
85751,2,server2,21,1380.19,770.2,189,0.965375,2,2,189795,1188.01,999516,
98199,2,server2,24,984975,779.8,189,0.965375,2,2,202243,1188.01,999516,
95241,2,server2,28,1014.17,779.8,189,0.965375,2,2,199285,1188.01,999516,
26116,2,server2,15,779.8,1419.89,190,0.507385,2,2,163231,636878,1651.61,
26189,2,server2,23,779.8,1512.93,190,0.507385,2,2,163304,636878,1651.61,
27262,2,server2,27,779.8,1519.87,190,0.507385,2,2,164377,636878,1651.61,
26128,2,server2,11,779.8,1365.69,191,1.79119,1,2,136248,1056.56,1286.13,
27629,2,server2,15,779.8,1400.65,191,1.79119,1,2,137749,1056.56,1286.13,
30.62,2,server2,19,779.8,1401.61,191,1.79119,1,2,140.74,1056.56,1286.13,
35033,2,server2,23,779.8,1401.46,191,1.79119,1,2,145153,1056.56,1286.13,
26128,2,server2,11,779.8,1365.69,192,1.97114,2,2,136254,555179,1234.19,
26126,2,server2,15,779.8,1419.89,192,1.97114,2,2,136252,555179,1234.19,
28512,2,server2,19,779.8,1432.71,192,1.97114,2,2,138638,555179,1234.19,
32814,2,server2,23,779.8,1432.16,192,1.97114,2,2,142.94,555179,1234.19,
26131,2,server2,3,779.8,1278.4,193,1.76552,2,2,119258,959054,1406.1,
26128,2,server2,11,779.8,1365.69,193,1.76552,2,2,119255,959054,1406.1,
26127,2,server2,19,779.8,1468.2,193,1.76552,2,2,119254,959054,1406.1,
26189,2,server2,23,779.8,1512.93,193,1.76552,2,2,119316,959054,1406.1,
27262,2,server2,27,779.8,1519.87,193,1.76552,2,2,120389,959054,1406.1,
26131,2,server2,3,779.8,1278.4,194,0.400083,2,1,93259,557379,1464.79,
26132,2,server2,15,779.8,1419.89,194,0.400083,2,1,93.26,557379,1464.79,
26137,2,server2,19,779.8,1468.2,194,0.400083,2,1,93265,557379,1464.79,
26189,2,server2,23,779.8,1512.93,194,0.400083,2,1,93317,557379,1464.79,
27262,2,server2,27,779.8,1519.87,194,0.400083,2,1,94.39,557379,1464.79,
26131,2,server2,3,779.8,1278.4,195,0.411881,2,1,93.26,765028,1174.83,
26132,2,server2,15,779.8,1419.89,195,0.411881,2,1,93261,765028,1174.83,
26137,2,server2,19,779.8,1468.2,195,0.411881,2,1,93266,765028,1174.83,
30216,2,server2,23,779.8,1468.44,195,0.411881,2,1,97345,765028,1174.83,
66264,2,server2,0,903297,779.8,197,0.641217,2,1,140.41,1172.49,725.75,
26147,2,server2,1,1238.45,770.2,197,0.641217,2,1,100293,1172.49,725.75,
26158,2,server2,5,1281.26,770.2,197,0.641217,2,1,100304,1172.49,725.75,
67989,2,server2,8,877416,776.6,197,0.641217,2,1,142135,1172.49,725.75,
26148,2,server2,9,1355.07,770.2,197,0.641217,2,1,100294,1172.49,725.75,
26197,2,server2,1,1237.16,770.2,198,0.543476,2,2,116389,1413.65,755.64,
26198,2,server2,5,1279.91,770.2,198,0.543476,2,2,116.39,1413.65,755.64,
86178,2,server2,8,1115.92,779.8,198,0.543476,2,2,176.37,1413.65,755.64,
26218,2,server2,9,1355.07,770.2,198,0.543476,2,2,116.41,1413.65,755.64,
26216,2,server2,21,1514.15,770.2,198,0.543476,2,2,116408,1413.65,755.64,
26259,2,server2,23,779.8,1512.93,199,0.522925,2,2,163481,729903,1716.1,
27262,2,server2,27,779.8,1519.87,199,0.522925,2,2,164484,729903,1716.1,
66264,2,server2,0,903297,779.8,200,0.41644,1,2,185496,973644,622031,
66264,2,server2,0,903297,779.8,200,1.37821,2,2,183543,987114,945647,
26.73,2,server2,1,1229.39,770.2,200,1.37821,2,2,144009,987114,945647,
77265,2,server2,2,770.2,763599,200,0.41644,1,2,196497,973644,622031,
77265,2,server2,2,770.2,763599,200,1.37821,2,2,194544,987114,945647,
35721,2,server2,3,779.8,1162.44,200,1.37821,2,2,153,987114,945647,
106291,2,server2,3,779.8,850771,200,0.41644,1,2,225523,973644,622031,
103967,2,server2,4,1201.86,779.8,200,0.41644,1,2,223199,973644,622031,
103967,2,server2,4,1201.86,779.8,200,1.37821,2,2,221246,987114,945647,
31686,2,server2,5,1233.94,770.2,200,0.41644,1,2,150918,973644,622031,
88597,2,server2,6,773.4,763599,200,0.41644,1,2,207829,973644,622031,
88597,2,server2,6,773.4,763599,200,1.37821,2,2,205876,987114,945647,
63332,2,server2,8,865908,776.6,200,0.41644,1,2,182564,973644,622031,
63332,2,server2,8,865908,776.6,200,1.37821,2,2,180611,987114,945647,
60264,2,server2,9,1233.52,770.2,200,0.41644,1,2,179496,973644,622031,
60296,2,server2,9,1229.98,770.2,200,1.37821,2,2,177575,987114,945647,
95703,2,server2,11,779.8,850968,200,0.41644,1,2,214935,973644,622031,
92096,2,server2,12,1104.08,779.8,200,0.41644,1,2,211328,973644,622031,
92096,2,server2,12,1104.08,779.8,200,1.37821,2,2,209375,987114,945647,
76394,2,server2,16,860763,776.6,200,0.41644,1,2,195626,973644,622031,
76394,2,server2,16,860763,776.6,200,1.37821,2,2,193673,987114,945647,
92669,2,server2,19,776.6,847296,200,0.41644,1,2,211901,973644,622031,
99052,2,server2,20,983173,779.8,200,0.41644,1,2,218284,973644,622031,
99052,2,server2,20,983173,779.8,200,1.37821,2,2,216331,987114,945647,
52228,2,server2,23,779.8,1161.52,200,1.37821,2,2,169507,987114,945647,
79337,2,server2,23,779.8,850556,200,0.41644,1,2,198569,973644,622031,
85324,2,server2,24,895709,779.8,200,0.41644,1,2,204556,973644,622031,
85324,2,server2,24,895709,779.8,200,1.37821,2,2,202603,987114,945647,
54228,2,server2,27,779.8,1161.08,200,1.37821,2,2,171507,987114,945647,
82133,2,server2,27,776.6,847875,200,0.41644,1,2,201365,973644,622031,
95241,2,server2,28,1014.17,779.8,200,0.41644,1,2,214473,973644,622031,
95241,2,server2,28,1014.17,779.8,200,1.37821,2,2,212.52,987114,945647,
61551,2,server2,29,1233.96,770.2,200,0.41644,1,2,180783,973644,622031,
61.64,2,server2,29,1229.78,770.2,200,1.37821,2,2,178919,987114,945647,
82977,2,server2,0,1016.25,779.8,201,0.938019,2,2,200251,1312.08,823809,
26282,2,server2,1,1235.86,770.2,201,0.938019,2,2,143556,1312.08,823809,
103967,2,server2,4,1201.86,779.8,201,0.938019,2,2,221241,1312.08,823809,
76822,2,server2,8,1017.24,776.6,201,0.938019,2,2,194096,1312.08,823809,
26293,2,server2,9,1355.07,770.2,201,0.938019,2,2,143567,1312.08,823809,
26873,2,server2,9,1355.07,770.2,201,1.37166,2,2,152716,1570.13,665543,
92096,2,server2,12,1104.08,779.8,201,0.938019,2,2,209.37,1312.08,823809,
26318,2,server2,13,1416.41,770.2,201,0.938019,2,2,143592,1312.08,823809,
93395,2,server2,16,1017.03,776.6,201,0.938019,2,2,210669,1312.08,823809,
26356,2,server2,21,1514.15,770.2,201,0.938019,2,2,143.63,1312.08,823809,
26851,2,server2,21,1514.15,770.2,201,1.37166,2,2,152694,1570.13,665543,
100064,2,server2,24,1016.74,779.8,201,0.938019,2,2,217338,1312.08,823809,
97228,2,server2,28,1015.74,779.8,201,0.938019,2,2,214502,1312.08,823809,
30163,2,server2,29,1518.59,770.2,201,0.938019,2,2,147437,1312.08,823809,
30163,2,server2,29,1518.59,770.2,201,1.37166,2,2,156006,1570.13,665543,
26921,2,server2,3,779.8,1269.93,202,1.34622,2,1,97836,540433,1328.82,
26919,2,server2,11,779.8,1353.92,202,1.34622,2,1,97834,540433,1328.82,
26924,2,server2,15,779.8,1410.9,202,1.34622,2,1,97839,540433,1328.82,
26921,2,server2,19,779.8,1456.43,202,1.34622,2,1,97836,540433,1328.82,
30222,2,server2,27,779.8,1509.31,202,1.34622,2,1,101137,540433,1328.82,
69682,2,server2,0,913053,779.8,203,0.875645,2,2,210727,1181.33,913368,
27051,2,server2,1,1226.8,770.2,203,0.875645,2,2,168096,1181.33,913368,
103967,2,server2,4,1201.86,779.8,203,0.875645,2,2,245012,1181.33,913368,
27058,2,server2,5,1267.74,770.2,203,0.875645,2,2,168103,1181.33,913368,
72972,2,server2,8,915252,776.6,203,0.875645,2,2,214017,1181.33,913368,
92096,2,server2,12,1104.08,779.8,203,0.875645,2,2,233141,1181.33,913368,
27118,2,server2,13,1407.96,770.2,203,0.875645,2,2,168163,1181.33,913368,
90195,2,server2,16,915265,776.6,203,0.875645,2,2,231.24,1181.33,913368,
99052,2,server2,20,983173,779.8,203,0.875645,2,2,240097,1181.33,913368,
56767,2,server2,21,1444.45,770.2,203,0.875645,2,2,197812,1181.33,913368,
90377,2,server2,24,913878,779.8,203,0.875645,2,2,231422,1181.33,913368,
95241,2,server2,28,1014.17,779.8,203,0.875645,2,2,236286,1181.33,913368,
27122,2,server2,3,779.8,1267.52,204,0.78267,2,2,123.23,864569,1079.4,
30349,2,server2,15,779.8,1365.99,204,0.78267,2,2,126457,864569,1079.4,
33031,2,server2,19,779.8,1366.02,204,0.78267,2,2,129139,864569,1079.4,
57035,2,server2,1,892563,770.2,205,0.402666,2,1,119157,699787,999.5,
57413,2,server2,5,893115,770.2,205,0.402666,2,1,119535,699787,999.5,
31911,2,server2,11,779.8,1288.47,205,0.402666,2,1,94033,699787,999.5,
27149,2,server2,23,779.8,1502.82,206,1.4564,2,2,118272,565602,1659.28,
27262,2,server2,27,779.8,1519.87,206,1.4564,2,2,118385,565602,1659.28,
27139,2,server2,3,779.8,1266.31,207,0.555858,2,2,161277,538.88,1300.79,
27146,2,server2,11,779.8,1351.29,207,0.555858,2,2,161284,538.88,1300.79,
27145,2,server2,19,779.8,1453.47,207,0.555858,2,2,161283,538.88,1300.79,
30216,2,server2,23,779.8,1468.44,207,0.555858,2,2,164354,538.88,1300.79,
27154,2,server2,3,779.8,1266.31,208,2.11632,2,2,118299,1009.67,1439.96,
27146,2,server2,11,779.8,1351.29,208,2.11632,2,2,118291,1009.67,1439.96,
27.15,2,server2,15,779.8,1407.07,208,2.11632,2,2,118295,1009.67,1439.96,
27149,2,server2,23,779.8,1502.82,208,2.11632,2,2,118294,1009.67,1439.96,
27262,2,server2,27,779.8,1519.87,208,2.11632,2,2,118407,1009.67,1439.96,
66264,2,server2,0,903297,779.8,209,0.587819,2,2,172412,1109.24,912204,
27154,2,server2,1,1225.51,770.2,209,0.587819,2,2,133302,1109.24,912204,
103967,2,server2,4,1201.86,779.8,209,0.587819,2,2,210115,1109.24,912204,
63332,2,server2,8,865908,776.6,209,0.587819,2,2,169.48,1109.24,912204,
27.16,2,server2,9,1347.97,770.2,209,0.587819,2,2,133308,1109.24,912204,
92096,2,server2,12,1104.08,779.8,209,0.587819,2,2,198244,1109.24,912204,
76394,2,server2,16,860763,776.6,209,0.587819,2,2,182542,1109.24,912204,
99052,2,server2,20,983173,779.8,209,0.587819,2,2,205.2,1109.24,912204,
88446,2,server2,21,1372.62,770.2,209,0.587819,2,2,194594,1109.24,912204,
85324,2,server2,24,895709,779.8,209,0.587819,2,2,191472,1109.24,912204,
95241,2,server2,28,1014.17,779.8,209,0.587819,2,2,201389,1109.24,912204,
27154,2,server2,1,1225.51,770.2,210,0.790474,2,2,133303,1405.29,896.9,
103967,2,server2,4,1201.86,779.8,210,0.790474,2,2,210116,1405.29,896.9,
93138,2,server2,8,1130.72,779.8,210,0.790474,2,2,199287,1405.29,896.9,
27.16,2,server2,9,1347.97,770.2,210,0.790474,2,2,133309,1405.29,896.9,
27168,2,server2,13,1407.96,770.2,210,0.790474,2,2,133317,1405.29,896.9,
27181,2,server2,21,1514.15,770.2,210,0.790474,2,2,133.33,1405.29,896.9,
27181,2,server2,3,779.8,1266.31,211,0.402472,2,1,104359,935346,1265.84,
27183,2,server2,11,779.8,1351.29,211,0.402472,2,1,104361,935346,1265.84,
27179,2,server2,15,779.8,1407.07,211,0.402472,2,1,104357,935346,1265.84,
27181,2,server2,19,779.8,1453.47,211,0.402472,2,1,104359,935346,1265.84,
27262,2,server2,27,779.8,1519.87,211,0.402472,2,1,104.44,935346,1265.84,
27228,2,server2,15,779.8,1405.79,212,0.446473,2,1,104451,610366,1650.17,
27249,2,server2,19,779.8,1453.47,212,0.446473,2,1,104472,610366,1650.17,
27262,2,server2,27,779.8,1519.87,212,0.446473,2,1,104485,610366,1650.17,
27254,2,server2,19,779.8,1453.47,213,0.580783,2,2,161506,618605,1698.44,
27301,2,server2,23,779.8,1501.99,213,0.580783,2,2,161553,618605,1698.44,
27262,2,server2,27,779.8,1519.87,213,0.580783,2,2,161514,618605,1698.44,
27263,2,server2,3,779.8,1265.1,214,0.54303,2,1,94525,723203,1233.55,
27265,2,server2,11,779.8,1349.98,214,0.54303,2,1,94527,723203,1233.55,
27263,2,server2,15,779.8,1405.79,214,0.54303,2,1,94525,723203,1233.55,
27284,2,server2,19,779.8,1451.98,214,0.54303,2,1,94546,723203,1233.55,
27301,2,server2,23,779.8,1501.99,214,0.54303,2,1,94563,723203,1233.55,
93099,2,server2,0,1027.42,779.8,215,0.728209,2,2,199754,1245.09,986093,
94552,2,server2,0,1051.12,779.8,215,0.491739,2,2,201203,1274.05,579059,
103967,2,server2,4,1201.86,779.8,215,0.491739,2,2,210618,1274.05,579059,
103967,2,server2,4,1201.86,779.8,215,0.728209,2,2,210622,1245.09,986093,
27662,2,server2,5,1260.97,770.2,215,0.491739,2,2,134313,1274.05,579059,
27662,2,server2,5,1260.97,770.2,215,0.728209,2,2,134317,1245.09,986093,
76902,2,server2,8,1028.76,779.8,215,0.728209,2,2,183557,1245.09,986093,
80.25,2,server2,8,1051.78,779.8,215,0.491739,2,2,186901,1274.05,579059,
27662,2,server2,9,1346.79,770.2,215,0.491739,2,2,134313,1274.05,579059,
27662,2,server2,9,1346.79,770.2,215,0.728209,2,2,134317,1245.09,986093,
92096,2,server2,12,1104.08,779.8,215,0.491739,2,2,198747,1274.05,579059,
92096,2,server2,12,1104.08,779.8,215,0.728209,2,2,198751,1245.09,986093,
27818,2,server2,13,1407.96,770.2,215,0.491739,2,2,134469,1274.05,579059,
27818,2,server2,13,1407.96,770.2,215,0.728209,2,2,134473,1245.09,986093,
100635,2,server2,16,1030.49,776.6,215,0.728209,2,2,207.29,1245.09,986093,
100637,2,server2,16,1048.45,776.6,215,0.491739,2,2,207288,1274.05,579059,
52488,2,server2,21,1453.3,770.2,215,0.728209,2,2,159143,1245.09,986093,
105.28,2,server2,24,1027.33,779.8,215,0.728209,2,2,211935,1245.09,986093,
105372,2,server2,24,1051.52,779.8,215,0.491739,2,2,212023,1274.05,579059,
103587,2,server2,28,1028.22,779.8,215,0.728209,2,2,210242,1245.09,986093,
66264,2,server2,0,903297,779.8,216,1.27345,2,2,161382,1068.59,706.8,
28.14,2,server2,1,1212.52,770.2,216,1.27345,2,2,123258,1068.59,706.8,
28129,2,server2,5,1254.22,770.2,216,1.27345,2,2,123247,1068.59,706.8,
63332,2,server2,8,865908,776.6,216,1.27345,2,2,158.45,1068.59,706.8,
92096,2,server2,12,1104.08,779.8,216,1.27345,2,2,187214,1068.59,706.8,
30522,2,server2,13,1361.52,770.2,216,1.27345,2,2,125.64,1068.59,706.8,
76394,2,server2,16,860763,776.6,216,1.27345,2,2,171512,1068.59,706.8,
85324,2,server2,24,895709,779.8,216,1.27345,2,2,180442,1068.59,706.8,
103076,2,server2,6,773.4,791281,217,0.638372,1,2,231.2,547031,987447,
51.21,2,server2,23,779.8,1175.48,217,0.638372,1,2,179334,547031,987447,
53326,2,server2,27,779.8,1176.45,217,0.638372,1,2,181.45,547031,987447,
28138,2,server2,11,779.8,1339.51,218,2.18751,2,2,156273,630.57,1241.19,
28137,2,server2,15,779.8,1394.23,218,2.18751,2,2,156272,630.57,1241.19,
28174,2,server2,19,779.8,1440.13,218,2.18751,2,2,156309,630.57,1241.19,
28144,2,server2,23,779.8,1493.65,218,2.18751,2,2,156279,630.57,1241.19,
31324,2,server2,27,779.8,1500.81,218,2.18751,2,2,159459,630.57,1241.19,
28138,2,server2,11,779.8,1339.51,219,0.616148,2,0,87275,1012.39,1466.01,
28174,2,server2,19,779.8,1440.13,219,0.616148,2,0,87311,1012.39,1466.01,
28144,2,server2,23,779.8,1493.65,219,0.616148,2,0,87281,1012.39,1466.01,
28325,2,server2,27,779.8,1518.1,219,0.616148,2,0,87462,1012.39,1466.01,
28138,2,server2,11,779.8,1339.51,220,0.696837,2,0,87275,538493,1491.9,
28174,2,server2,19,779.8,1440.13,220,0.696837,2,0,87311,538493,1491.9,
28144,2,server2,23,779.8,1493.65,220,0.696837,2,0,87281,538493,1491.9,
28325,2,server2,27,779.8,1518.1,220,0.696837,2,0,87462,538493,1491.9,
28174,2,server2,19,779.8,1440.13,221,0.752722,2,1,102318,708761,1698.82,
28325,2,server2,27,779.8,1518.1,221,0.752722,2,1,102469,708761,1698.82,
28221,2,server2,3,779.8,1253.02,222,0.479759,2,2,130438,596811,1219.74,
28223,2,server2,15,779.8,1394.23,222,0.479759,2,2,130.44,596811,1219.74,
28226,2,server2,19,779.8,1438.65,222,0.479759,2,2,130443,596811,1219.74,
31067,2,server2,23,779.8,1457.29,222,0.479759,2,2,133284,596811,1219.74,
28221,2,server2,3,779.8,1253.02,223,1.40683,2,2,130438,889232,1270.25,
28223,2,server2,15,779.8,1394.23,223,1.40683,2,2,130.44,889232,1270.25,
28226,2,server2,19,779.8,1438.65,223,1.40683,2,2,130443,889232,1270.25,
28222,2,server2,23,779.8,1493.65,223,1.40683,2,2,130439,889232,1270.25,
28325,2,server2,27,779.8,1518.1,223,1.40683,2,2,130542,889232,1270.25,
28232,2,server2,23,779.8,1492.63,224,2.12217,2,1,117461,981848,1710.28,
28325,2,server2,27,779.8,1518.1,224,2.12217,2,1,117554,981848,1710.28,
28264,2,server2,9,1330.26,770.2,225,0.959228,2,1,90528,1393.4,1047.98,
28.27,2,server2,13,1407.96,770.2,225,0.959228,2,1,90534,1393.4,1047.98,
69624,2,server2,0,911655,779.8,226,0.74374,2,2,171921,1089.65,1020.49,
28306,2,server2,1,1211.23,770.2,226,0.74374,2,2,130603,1089.65,1020.49,
28299,2,server2,5,1252.87,770.2,226,0.74374,2,2,130596,1089.65,1020.49,
72972,2,server2,8,915252,776.6,226,0.74374,2,2,175269,1089.65,1020.49,
92096,2,server2,12,1104.08,779.8,226,0.74374,2,2,194393,1089.65,1020.49,
90195,2,server2,16,915265,776.6,226,0.74374,2,2,192492,1089.65,1020.49,
99052,2,server2,20,983173,779.8,226,0.74374,2,2,201349,1089.65,1020.49,
88981,2,server2,24,910852,779.8,226,0.74374,2,2,191278,1089.65,1020.49,
95241,2,server2,28,1014.17,779.8,226,0.74374,2,2,197538,1089.65,1020.49,
57786,2,server2,29,1253.76,770.2,226,0.74374,2,2,160083,1089.65,1020.49,
28306,2,server2,1,1211.23,770.2,227,0.880556,2,2,130603,1432.86,934884,
28299,2,server2,5,1252.87,770.2,227,0.880556,2,2,130596,1432.86,934884,
28.3,2,server2,13,1407.96,770.2,227,0.880556,2,2,130597,1432.86,934884,
28381,2,server2,21,1513.17,770.2,227,0.880556,2,2,130678,1432.86,934884,
28331,2,server2,11,779.8,1335.58,228,0.631277,2,1,118656,1056.5,1429.9,
28366,2,server2,15,779.8,1392.95,228,0.631277,2,1,118691,1056.5,1429.9,
28347,2,server2,19,779.8,1437.17,228,0.631277,2,1,118672,1056.5,1429.9,
28333,2,server2,23,779.8,1491.6,228,0.631277,2,1,118658,1056.5,1429.9,
28379,2,server2,5,1252.87,770.2,229,1.00374,2,1,97752,1360.56,938.19,
28401,2,server2,9,1327.91,770.2,229,1.00374,2,1,97774,1360.56,938.19,
28373,2,server2,13,1399.52,770.2,229,1.00374,2,1,97746,1360.56,938.19,
28381,2,server2,21,1513.17,770.2,229,1.00374,2,1,97754,1360.56,938.19,
30163,2,server2,29,1518.59,770.2,229,1.00374,2,1,99536,1360.56,938.19,
28393,2,server2,1,1211.23,770.2,230,1.18763,2,1,114776,1305.61,1023.27,
28394,2,server2,5,1252.87,770.2,230,1.18763,2,1,114777,1305.61,1023.27,
28401,2,server2,9,1327.91,770.2,230,1.18763,2,1,114784,1305.61,1023.27,
51718,2,server2,21,1455.82,770.2,230,1.18763,2,1,138101,1305.61,1023.27,
66264,2,server2,0,903297,779.8,231,0.818429,2,1,146859,1181.64,812126,
28603,2,server2,1,1211.23,770.2,231,0.818429,2,1,109198,1181.64,812126,
28599,2,server2,5,1252.87,770.2,231,0.818429,2,1,109194,1181.64,812126,
69266,2,server2,8,883997,776.6,231,0.818429,2,1,149861,1181.64,812126,
28609,2,server2,9,1327.91,770.2,231,0.818429,2,1,109204,1181.64,812126,
28851,2,server2,21,1513.17,770.2,232,1.98125,2,1,109446,1589.63,1038.14,
30163,2,server2,29,1518.59,770.2,232,1.98125,2,1,110758,1589.63,1038.14,
28855,2,server2,9,1323.19,770.2,233,1.73094,2,1,98678,1271.14,474773,
35998,2,server2,13,1322.48,770.2,233,1.73094,2,1,105821,1271.14,474773,
52.37,2,server2,29,1322.48,770.2,233,1.73094,2,1,122193,1271.14,474773,
33714,2,server2,23,779.8,1419.6,234,0.990112,2,1,120831,795783,1120.68,
66264,2,server2,0,903297,779.8,235,0.992793,2,1,153382,906062,991864,
36.12,2,server2,1,1107.61,770.2,235,0.992793,2,1,123238,906062,991864,
77265,2,server2,2,770.2,763599,235,0.992793,2,1,164383,906062,991864,
63332,2,server2,8,865908,776.6,235,0.992793,2,1,150.45,906062,991864,
66349,2,server2,9,1107.26,770.2,235,0.992793,2,1,153467,906062,991864,
33814,2,server2,11,779.8,1263.59,235,0.992793,2,1,120932,906062,991864,
69386,2,server2,13,1107.17,770.2,235,0.992793,2,1,156504,906062,991864,
76394,2,server2,16,860763,776.6,235,0.992793,2,1,163512,906062,991864,
85324,2,server2,24,895709,779.8,235,0.992793,2,1,172442,906062,991864,
73181,2,server2,29,1110.42,773.4,235,0.992793,2,1,160299,906062,991864,
36.11,2,server2,19,779.8,1320.08,237,1.07569,2,1,111.24,582192,1095.48,
30216,2,server2,23,779.8,1468.44,240,0.520916,2,2,153387,600477,1552.74,
69682,2,server2,0,913053,779.8,243,1.75823,2,2,184027,1173.16,631163,
103967,2,server2,4,1201.86,779.8,243,1.75823,2,2,218312,1173.16,631163,
72946,2,server2,8,911963,776.6,243,1.75823,2,2,187291,1173.16,631163,
92096,2,server2,12,1104.08,779.8,243,1.75823,2,2,206441,1173.16,631163,
90194,2,server2,16,912268,776.6,243,1.75823,2,2,204539,1173.16,631163,
99052,2,server2,20,983173,779.8,243,1.75823,2,2,213397,1173.16,631163,
58153,2,server2,21,1438.15,770.2,243,1.75823,2,2,172498,1173.16,631163,
90377,2,server2,24,913878,779.8,243,1.75823,2,2,204722,1173.16,631163,
95241,2,server2,28,1014.17,779.8,243,1.75823,2,2,209586,1173.16,631163,
73857,2,server2,0,981399,779.8,244,0.694925,2,2,198.29,1279.77,759299,
103967,2,server2,4,1201.86,779.8,244,0.694925,2,2,228.4,1279.77,759299,
76467,2,server2,8,981059,776.6,244,0.694925,2,2,200.9,1279.77,759299,
92096,2,server2,12,1104.08,779.8,244,0.694925,2,2,216529,1279.77,759299,
92992,2,server2,16,981115,776.6,244,0.694925,2,2,217425,1279.77,759299,
99052,2,server2,20,983173,779.8,244,0.694925,2,2,223485,1279.77,759299,
98.18,2,server2,24,981948,779.8,244,0.694925,2,2,222613,1279.77,759299,
95241,2,server2,28,1014.17,779.8,244,0.694925,2,2,219674,1279.77,759299,
103967,2,server2,4,1201.86,779.8,245,0.804983,1,2,228401,1229.68,1065.65,
97544,2,server2,8,1138.94,779.8,245,0.804983,1,2,221978,1229.68,1065.65,
53466,2,server2,29,1281.55,770.2,245,0.804983,1,2,177.9,1229.68,1065.65,
73684,2,server2,0,953493,779.8,247,0.445175,2,1,159653,1037.59,1067.58,
30.91,2,server2,3,779.8,1220.43,247,0.445175,2,1,116879,1037.59,1067.58,
76144,2,server2,8,964603,776.6,247,0.445175,2,1,162113,1037.59,1067.58,
50726,2,server2,27,779.8,1220.96,247,0.445175,2,1,136695,1037.59,1067.58,
73445,2,server2,29,1095.24,773.4,247,0.445175,2,1,159414,1037.59,1067.58,
30216,2,server2,23,779.8,1468.44,248,1.05141,2,2,142331,1045.22,1420.85,
66264,2,server2,0,903297,779.8,249,1.60213,2,1,143393,766892,985897,
56849,2,server2,1,974153,770.2,249,1.60213,2,1,133978,766892,985897,
53355,2,server2,5,974249,770.2,249,1.60213,2,1,130484,766892,985897,
63332,2,server2,8,865908,776.6,249,1.60213,2,1,140461,766892,985897,
68233,2,server2,9,975086,770.2,249,1.60213,2,1,145362,766892,985897,
32272,2,server2,11,779.8,1284.55,249,1.60213,2,1,109401,766892,985897,
76394,2,server2,16,860763,776.6,249,1.60213,2,1,153523,766892,985897,
30216,2,server2,23,779.8,1468.44,250,1.74485,2,1,107346,557366,1370.61,
30176,2,server2,19,779.8,1409.01,251,0.69791,2,2,155307,805094,1462.17,
30216,2,server2,23,779.8,1468.44,251,0.69791,2,2,155347,805094,1462.17,
30211,2,server2,5,1239.36,770.2,252,0.763007,2,1,113344,1140.93,493097,
80259,2,server2,8,1053.42,779.8,252,0.763007,2,1,163392,1140.93,493097,
59959,2,server2,9,1254.76,770.2,252,0.763007,2,1,143092,1140.93,493097,
57768,2,server2,29,1255.19,770.2,252,0.763007,2,1,140901,1140.93,493097,
30469,2,server2,9,1317.31,770.2,254,0.750586,2,2,161607,1573.24,822791,
30182,2,server2,3,779.8,1230.07,255,0.415559,2,1,99327,806114,1501.07,
30176,2,server2,19,779.8,1409.01,255,0.415559,2,1,99321,806114,1501.07,
30216,2,server2,23,779.8,1468.44,255,0.415559,2,1,99361,806114,1501.07,
30182,2,server2,27,779.8,1509.97,255,0.415559,2,1,99327,806114,1501.07,
30182,2,server2,3,779.8,1230.07,256,0.543106,2,1,99333,539753,1148.33,
35635,2,server2,19,779.8,1327.49,256,0.543106,2,1,104786,539753,1148.33,
30394,2,server2,21,1513.17,770.2,257,1.14624,2,2,152557,1729.1,848129,
30181,2,server2,11,779.8,1312.02,258,0.434684,2,2,172357,928595,1560.21,
30178,2,server2,15,779.8,1368.56,258,0.434684,2,2,172354,928595,1560.21,
30216,2,server2,23,779.8,1468.44,258,0.434684,2,2,172392,928595,1560.21,
30182,2,server2,27,779.8,1509.97,258,0.434684,2,2,172358,928595,1560.21,
30183,2,server2,3,779.8,1230.07,259,0.855542,1,2,155365,813068,1408.74,
30187,2,server2,11,779.8,1312.02,259,0.855542,1,2,155369,813068,1408.74,
30184,2,server2,15,779.8,1368.56,259,0.855542,1,2,155366,813068,1408.74,
30183,2,server2,19,779.8,1409.01,259,0.855542,1,2,155365,813068,1408.74,
30216,2,server2,23,779.8,1468.44,259,0.855542,1,2,155398,813068,1408.74,
30502,2,server2,1,1181.44,770.2,260,1.24598,2,1,104003,1449.84,865054,
30222,2,server2,3,779.8,1230.07,260,1.52504,2,1,122438,693442,1173.83,
30564,2,server2,9,1317.31,770.2,260,1.24598,2,1,104065,1449.84,865054,
30219,2,server2,11,779.8,1310.71,260,1.52504,2,1,122435,693442,1173.83,
30501,2,server2,13,1362.57,770.2,260,1.24598,2,1,104002,1449.84,865054,
30238,2,server2,15,779.8,1368.56,260,1.52504,2,1,122454,693442,1173.83,
30235,2,server2,19,779.8,1409.01,260,1.52504,2,1,122451,693442,1173.83,
30579,2,server2,21,1513.17,770.2,260,1.24598,2,1,104.08,1449.84,865054,
30503,2,server2,29,1517.81,770.2,260,1.24598,2,1,104004,1449.84,865054,
94552,2,server2,0,1048.33,779.8,261,1.55938,2,2,217215,1341.86,719522,
30687,2,server2,1,1178.85,770.2,261,1.55938,2,2,153.35,1341.86,719522,
103967,2,server2,4,1201.86,779.8,261,1.55938,2,2,226.63,1341.86,719522,
30666,2,server2,5,1239.36,770.2,261,1.55938,2,2,153329,1341.86,719522,
80225,2,server2,8,1048.49,779.8,261,1.55938,2,2,202888,1341.86,719522,
30744,2,server2,9,1317.31,770.2,261,1.55938,2,2,153407,1341.86,719522,
92096,2,server2,12,1104.08,779.8,261,1.55938,2,2,214759,1341.86,719522,
30665,2,server2,13,1360.46,770.2,261,1.55938,2,2,153328,1341.86,719522,
100637,2,server2,16,1048.45,776.6,261,1.55938,2,2,223.3,1341.86,719522,
30674,2,server2,21,1513.17,770.2,261,1.55938,2,2,153337,1341.86,719522,
105365,2,server2,24,1048.5,779.8,261,1.55938,2,2,228028,1341.86,719522,
66264,2,server2,0,903297,779.8,263,1.73228,2,1,137379,927745,663186,
33595,2,server2,5,1206.89,770.2,263,1.73228,2,1,104.71,927745,663186,
63332,2,server2,8,865908,776.6,263,1.73228,2,1,134447,927745,663186,
63482,2,server2,9,1207.57,770.2,263,1.73228,2,1,134597,927745,663186,
67054,2,server2,15,779.8,923189,263,1.73228,2,1,138169,927745,663186,
65239,2,server2,19,776.6,921444,263,1.73228,2,1,136354,927745,663186,
70046,2,server2,27,776.6,921589,263,1.73228,2,1,141161,927745,663186,
62049,2,server2,29,1205.95,773.4,263,1.73228,2,1,133164,927745,663186,
66264,2,server2,0,903297,779.8,264,1.89054,1,1,137384,1054.61,845056,
54707,2,server2,3,779.8,964336,264,1.89054,1,1,125827,1054.61,845056,
31131,2,server2,5,1239.36,770.2,264,1.89054,1,1,102251,1054.61,845056,
63332,2,server2,8,865908,776.6,264,1.89054,1,1,134452,1054.61,845056,
31144,2,server2,9,1317.31,770.2,264,1.89054,1,1,102264,1054.61,845056,
61503,2,server2,11,779.8,964932,264,1.89054,1,1,132623,1054.61,845056,
35952,2,server2,13,1344.64,770.2,264,1.89054,1,1,107072,1054.61,845056,
61628,2,server2,15,779.8,964251,264,1.89054,1,1,132748,1054.61,845056,
64.56,2,server2,19,776.6,957013,264,1.89054,1,1,135.68,1054.61,845056,
66437,2,server2,23,779.8,964828,264,1.89054,1,1,137557,1054.61,845056,
68.52,2,server2,27,776.6,956914,264,1.89054,1,1,139.64,1054.61,845056,
52.37,2,server2,29,1327.03,770.2,264,1.89054,1,1,123.49,1054.61,845056,
31154,2,server2,11,779.8,1300.23,265,1.42045,2,1,115286,749.36,1073.62,
31144,2,server2,15,779.8,1357,265,1.42045,2,1,115276,749.36,1073.62,
32633,2,server2,19,779.8,1371.95,265,1.42045,2,1,116765,749.36,1073.62,
31154,2,server2,11,779.8,1300.23,266,2.44273,2,1,115286,847525,1161.68,
31144,2,server2,15,779.8,1357,266,2.44273,2,1,115276,847525,1161.68,
31133,2,server2,19,779.8,1395.68,266,2.44273,2,1,115265,847525,1161.68,
31309,2,server2,23,779.8,1453.1,266,2.44273,2,1,115441,847525,1161.68,
31138,2,server2,3,779.8,1218.01,267,1.07831,2,1,107271,653.03,1330.47,
31154,2,server2,11,779.8,1300.23,267,1.07831,2,1,107287,653.03,1330.47,
31144,2,server2,15,779.8,1357,267,1.07831,2,1,107277,653.03,1330.47,
31142,2,server2,23,779.8,1457.29,267,1.07831,2,1,107275,653.03,1330.47,
31137,2,server2,27,779.8,1502.52,267,1.07831,2,1,107.27,653.03,1330.47,
31156,2,server2,3,779.8,1218.01,269,0.656522,2,2,145311,873042,1201.93,
31164,2,server2,15,779.8,1357,269,0.656522,2,2,145319,873042,1201.93,
31155,2,server2,19,779.8,1394.2,269,0.656522,2,2,145.31,873042,1201.93,
31169,2,server2,23,779.8,1457.29,269,0.656522,2,2,145324,873042,1201.93,
31.19,2,server2,3,779.8,1218.01,270,1.08202,2,2,145377,818363,1223.53,
31189,2,server2,15,779.8,1357,270,1.08202,2,2,145376,818363,1223.53,
31213,2,server2,19,779.8,1394.2,270,1.08202,2,2,145.4,818363,1223.53,
31187,2,server2,23,779.8,1455.89,270,1.08202,2,2,145374,818363,1223.53,
31203,2,server2,27,779.8,1502.52,270,1.08202,2,2,145.39,818363,1223.53,
31212,2,server2,11,779.8,1298.93,271,0.583639,2,2,139399,517.07,1418.5,
31189,2,server2,15,779.8,1357,271,0.583639,2,2,139376,517.07,1418.5,
31213,2,server2,19,779.8,1394.2,271,0.583639,2,2,139.4,517.07,1418.5,
31203,2,server2,27,779.8,1502.52,271,0.583639,2,2,139.39,517.07,1418.5,
31237,2,server2,3,779.8,1218.01,272,1.22353,2,0,95.44,984.8,1277.33,
31212,2,server2,11,779.8,1298.93,272,1.22353,2,0,95415,984.8,1277.33,
31244,2,server2,15,779.8,1357,272,1.22353,2,0,95447,984.8,1277.33,
31213,2,server2,19,779.8,1394.2,272,1.22353,2,0,95416,984.8,1277.33,
31206,2,server2,23,779.8,1455.89,272,1.22353,2,0,95409,984.8,1277.33,
31.25,2,server2,3,779.8,1216.8,273,0.984528,2,1,110499,735567,1489.06,
31263,2,server2,11,779.8,1297.62,273,0.984528,2,1,110512,735567,1489.06,
31268,2,server2,19,779.8,1392.71,273,0.984528,2,1,110517,735567,1489.06,
31303,2,server2,23,779.8,1454.5,273,0.984528,2,1,110552,735567,1489.06,
31254,2,server2,27,779.8,1501.67,273,0.984528,2,1,110503,735567,1489.06,
31268,2,server2,19,779.8,1392.71,274,1.43521,2,1,110517,958497,1597.08,
31303,2,server2,23,779.8,1454.5,274,1.43521,2,1,110552,958497,1597.08,
31254,2,server2,27,779.8,1501.67,274,1.43521,2,1,110503,958497,1597.08,
66264,2,server2,0,903297,779.8,275,0.461411,2,2,174394,854957,967846,
77265,2,server2,2,770.2,763599,275,0.461411,2,2,185395,854957,967846,
88597,2,server2,6,773.4,763599,275,0.461411,2,2,196727,854957,967846,
63332,2,server2,8,865908,776.6,275,0.461411,2,2,171462,854957,967846,
67224,2,server2,9,1080.12,770.2,275,0.461411,2,2,175354,854957,967846,
32137,2,server2,11,779.8,1287.17,275,0.619624,1,2,140267,1029.5,1337.31,
34.33,2,server2,11,779.8,1257.03,275,0.461411,2,2,142.46,854957,967846,
94159,2,server2,13,1079.7,770.2,275,0.461411,2,2,202289,854957,967846,
32.13,2,server2,15,779.8,1344.18,275,0.619624,1,2,140.26,1029.5,1337.31,
76394,2,server2,16,860763,776.6,275,0.461411,2,2,184524,854957,967846,
32.25,2,server2,19,779.8,1377.88,275,0.619624,1,2,140.38,1029.5,1337.31,
99052,2,server2,20,983173,779.8,275,0.461411,2,2,207182,854957,967846,
32187,2,server2,23,779.8,1441.93,275,0.619624,1,2,140317,1029.5,1337.31,
85324,2,server2,24,895709,779.8,275,0.461411,2,2,193454,854957,967846,
32182,2,server2,27,779.8,1493.23,275,0.619624,1,2,140312,1029.5,1337.31,
95241,2,server2,28,1014.17,779.8,275,0.461411,2,2,203371,854957,967846,
73525,2,server2,29,1083.11,773.4,275,0.461411,2,2,181655,854957,967846,
32137,2,server2,11,779.8,1287.17,276,0.427963,2,0,97.27,655029,1530.88,
32.25,2,server2,19,779.8,1377.88,276,0.427963,2,0,97383,655029,1530.88,
32187,2,server2,23,779.8,1441.93,276,0.427963,2,0,97.32,655029,1530.88,
32182,2,server2,27,779.8,1493.23,276,0.427963,2,0,97315,655029,1530.88,
32141,2,server2,3,779.8,1205.9,277,0.453021,2,2,183278,720264,1427.93,
32137,2,server2,15,779.8,1342.9,277,0.453021,2,2,183274,720264,1427.93,
32.25,2,server2,19,779.8,1377.88,277,0.453021,2,2,183387,720264,1427.93,
32187,2,server2,23,779.8,1441.93,277,0.453021,2,2,183324,720264,1427.93,
32182,2,server2,27,779.8,1493.23,277,0.453021,2,2,183319,720264,1427.93,
32137,2,server2,15,779.8,1342.9,278,2.35935,2,2,183274,494639,1355.65,
32.25,2,server2,19,779.8,1377.88,278,2.35935,2,2,183387,494639,1355.65,
32187,2,server2,23,779.8,1441.93,278,2.35935,2,2,183324,494639,1355.65,
32141,2,server2,3,779.8,1205.9,279,0.445607,2,0,97279,791753,1390.06,
32187,2,server2,11,779.8,1285.85,279,0.445607,2,0,97325,791753,1390.06,
32.25,2,server2,19,779.8,1377.88,279,0.445607,2,0,97388,791753,1390.06,
32187,2,server2,23,779.8,1441.93,279,0.445607,2,0,97325,791753,1390.06,
32182,2,server2,27,779.8,1493.23,279,0.445607,2,0,97.32,791753,1390.06,
32.25,2,server2,19,779.8,1377.88,280,2.18442,2,2,138432,1045.17,1507.33,
32187,2,server2,23,779.8,1441.93,280,2.18442,2,2,138369,1045.17,1507.33,
32.19,2,server2,3,779.8,1205.9,281,1.20674,2,1,105377,880672,1410.32,
32212,2,server2,11,779.8,1285.85,281,1.20674,2,1,105399,880672,1410.32,
32195,2,server2,15,779.8,1342.9,281,1.20674,2,1,105382,880672,1410.32,
32.25,2,server2,19,779.8,1377.88,281,1.20674,2,1,105437,880672,1410.32,
32187,2,server2,27,779.8,1493.23,281,1.20674,2,1,105374,880672,1410.32,
32.19,2,server2,3,779.8,1205.9,282,1.35652,1,1,105377,705439,1194.54,
32212,2,server2,11,779.8,1285.85,282,1.35652,1,1,105399,705439,1194.54,
32195,2,server2,15,779.8,1342.9,282,1.35652,1,1,105382,705439,1194.54,
32.25,2,server2,19,779.8,1377.88,282,1.35652,1,1,105437,705439,1194.54,
66264,2,server2,0,903297,779.8,283,0.45386,2,1,142494,922992,593709,
32236,2,server2,1,1158.11,770.2,283,0.408913,2,1,126467,1325.4,906379,
32.25,2,server2,5,1233.94,770.2,283,0.408913,2,1,126481,1325.4,906379,
35081,2,server2,5,1164.94,770.2,283,0.45386,2,1,111311,922992,593709,
63332,2,server2,8,865908,776.6,283,0.45386,2,1,139562,922992,593709,
32236,2,server2,9,1316.13,770.2,283,0.408913,2,1,126467,1325.4,906379,
65.66,2,server2,9,1165.08,770.2,283,0.45386,2,1,141.89,922992,593709,
52054,2,server2,13,1165.22,770.2,283,0.45386,2,1,128284,922992,593709,
32314,2,server2,21,1513.17,770.2,283,0.408913,2,1,126545,1325.4,906379,
64124,2,server2,29,1161.98,773.4,283,0.45386,2,1,140354,922992,593709,
66264,2,server2,0,903297,779.8,284,0.475108,2,1,142501,1013.61,779324,
54621,2,server2,3,779.8,966754,284,0.475108,2,1,130858,1013.61,779324,
32.25,2,server2,5,1233.94,770.2,284,0.475108,2,1,108487,1013.61,779324,
63332,2,server2,8,865908,776.6,284,0.475108,2,1,139569,1013.61,779324,
32601,2,server2,9,1312.59,770.2,284,0.475108,2,1,108838,1013.61,779324,
61.48,2,server2,11,779.8,966246,284,0.475108,2,1,137717,1013.61,779324,
36025,2,server2,13,1312.98,770.2,284,0.475108,2,1,112262,1013.61,779324,
61423,2,server2,15,779.8,966816,284,0.475108,2,1,137.66,1013.61,779324,
64544,2,server2,19,776.6,962949,284,0.475108,2,1,140781,1013.61,779324,
66408,2,server2,23,779.8,966227,284,0.475108,2,1,142645,1013.61,779324,
68039,2,server2,27,776.6,963065,284,0.475108,2,1,144276,1013.61,779324,
52378,2,server2,29,1313.36,770.2,284,0.475108,2,1,128615,1013.61,779324,
32276,2,server2,9,1316.13,770.2,285,1.49348,2,1,126521,1540.85,908618,
32314,2,server2,21,1513.17,770.2,285,1.49348,2,1,126559,1540.85,908618,
32272,2,server2,11,779.8,1285.85,286,0.838273,2,2,136522,500774,1379.17,
32253,2,server2,15,779.8,1341.61,286,0.838273,2,2,136503,500774,1379.17,
32253,2,server2,23,779.8,1440.54,286,0.838273,2,2,136503,500774,1379.17,
33064,2,server2,1,1149.04,770.2,287,0.45293,2,1,116122,1322.76,634777,
80259,2,server2,8,1061.65,779.8,287,0.45293,2,1,163317,1322.76,634777,
33072,2,server2,9,1309.06,770.2,287,0.45293,2,1,116.13,1322.76,634777,
33076,2,server2,13,1352.02,770.2,287,0.45293,2,1,116134,1322.76,634777,
33077,2,server2,21,1512.65,770.2,287,0.45293,2,1,116135,1322.76,634777,
33137,2,server2,11,779.8,1274.07,288,1.0438,2,1,121257,566891,1420.85,
33122,2,server2,19,779.8,1366.02,288,1.0438,2,1,121242,566891,1420.85,
33128,2,server2,23,779.8,1429.37,288,1.0438,2,1,121248,566891,1420.85,
33142,2,server2,15,779.8,1330.05,289,0.428321,2,1,118283,721257,1577.22,
33147,2,server2,23,779.8,1427.98,289,0.428321,2,1,118288,721257,1577.22,
33.15,2,server2,11,779.8,1272.76,290,0.550056,2,1,105297,1005.61,1156.53,
33152,2,server2,15,779.8,1330.05,290,0.550056,2,1,105299,1005.61,1156.53,
33937,2,server2,19,779.8,1352.7,290,0.550056,2,1,106084,1005.61,1156.53,
33.15,2,server2,11,779.8,1272.76,291,0.699931,2,1,105297,672138,1492.81,
33152,2,server2,15,779.8,1330.05,291,0.699931,2,1,105299,672138,1492.81,
33147,2,server2,19,779.8,1364.54,291,0.699931,2,1,105294,672138,1492.81,
33147,2,server2,23,779.8,1427.98,291,0.699931,2,1,105294,672138,1492.81,
35.02,2,server2,15,779.8,1305.67,292,2.05113,2,1,134.17,481868,1271.62,
33.23,2,server2,3,779.8,1193.83,293,0.837301,2,2,176432,612381,1362.52,
33205,2,server2,11,779.8,1272.76,293,0.837301,2,2,176407,612381,1362.52,
33203,2,server2,15,779.8,1330.05,293,0.837301,2,2,176405,612381,1362.52,
33218,2,server2,19,779.8,1364.54,293,0.837301,2,2,176.42,612381,1362.52,
33.23,2,server2,3,779.8,1193.83,294,0.946899,2,2,176432,549636,1208.1,
33205,2,server2,11,779.8,1272.76,294,0.946899,2,2,176407,549636,1208.1,
33203,2,server2,15,779.8,1330.05,294,0.946899,2,2,176405,549636,1208.1,
33218,2,server2,19,779.8,1364.54,294,0.946899,2,2,176.42,549636,1208.1,
73857,2,server2,0,980005,779.8,295,0.787215,2,1,167128,1278.61,767515,
33298,2,server2,5,1223.12,770.2,295,0.787215,2,1,126569,1278.61,767515,
76.44,2,server2,8,979412,776.6,295,0.787215,2,1,169711,1278.61,767515,
33277,2,server2,9,1309.06,770.2,295,0.787215,2,1,126548,1278.61,767515,
92096,2,server2,12,1104.08,779.8,295,0.787215,2,1,185367,1278.61,767515,
33571,2,server2,13,1352.02,770.2,295,0.787215,2,1,126842,1278.61,767515,
92992,2,server2,16,979.62,776.6,295,0.787215,2,1,186263,1278.61,767515,
33282,2,server2,21,1512.65,770.2,295,0.787215,2,1,126553,1278.61,767515,
73857,2,server2,0,981399,779.8,296,1.28432,1,1,167128,1274.41,838967,
33298,2,server2,5,1223.12,770.2,296,1.28432,1,1,126569,1274.41,838967,
76467,2,server2,8,981059,776.6,296,1.28432,1,1,169738,1274.41,838967,
33277,2,server2,9,1309.06,770.2,296,1.28432,1,1,126548,1274.41,838967,
92096,2,server2,12,1104.08,779.8,296,1.28432,1,1,185367,1274.41,838967,
33571,2,server2,13,1352.02,770.2,296,1.28432,1,1,126842,1274.41,838967,
92992,2,server2,16,981115,776.6,296,1.28432,1,1,186263,1274.41,838967,
33282,2,server2,21,1512.65,770.2,296,1.28432,1,1,126553,1274.41,838967,
33502,2,server2,1,1142.55,770.2,297,1.86996,2,2,168995,1395.53,747288,
103967,2,server2,4,1201.86,779.8,297,1.86996,2,2,239.46,1395.53,747288,
85932,2,server2,8,1097.82,779.8,297,1.86996,2,2,221425,1395.53,747288,
33544,2,server2,9,1309.06,770.2,297,1.86996,2,2,169037,1395.53,747288,
92096,2,server2,12,1104.08,779.8,297,1.86996,2,2,227589,1395.53,747288,
33571,2,server2,13,1352.02,770.2,297,1.86996,2,2,169064,1395.53,747288,
102.5,2,server2,16,1097.8,776.6,297,1.86996,2,2,237993,1395.53,747288,
33513,2,server2,21,1512.65,770.2,297,1.86996,2,2,169006,1395.53,747288,
33999,2,server2,1,1136.08,770.2,298,0.780375,2,2,135996,1248.96,538351,
76517,2,server2,1,803225,770.2,298,1.56706,1,1,167632,700058,1051.89,
77265,2,server2,2,770.2,763599,298,1.56706,1,1,168.38,700058,1051.89,
34115,2,server2,3,779.8,1181.74,298,1.71041,2,1,120228,634599,1305.69,
34135,2,server2,5,1201.47,770.2,298,0.780375,2,2,136132,1248.96,538351,
80259,2,server2,8,1071.52,779.8,298,0.780375,2,2,182256,1248.96,538351,
34124,2,server2,11,779.8,1260.97,298,1.56706,1,1,125239,700058,1051.89,
34124,2,server2,11,779.8,1260.97,298,1.71041,2,1,120237,634599,1305.69,
34041,2,server2,13,1352.02,770.2,298,0.780375,2,2,136038,1248.96,538351,
34125,2,server2,15,779.8,1317.22,298,1.56706,1,1,125.24,700058,1051.89,
34128,2,server2,19,779.8,1351.22,298,1.71041,2,1,120241,634599,1305.69,
34749,2,server2,19,779.8,1340.85,298,1.56706,1,1,125864,700058,1051.89,
58153,2,server2,21,1438.15,770.2,298,0.780375,2,2,160.15,1248.96,538351,
34177,2,server2,23,779.8,1415.42,298,1.71041,2,1,120.29,634599,1305.69,
34125,2,server2,15,779.8,1317.22,299,1.4415,2,2,146249,707075,1513.48,
34128,2,server2,19,779.8,1351.22,299,1.4415,2,2,146252,707075,1513.48,
34177,2,server2,23,779.8,1415.42,299,1.4415,2,2,146301,707075,1513.48,
103967,2,server2,4,1201.86,779.8,300,0.592622,2,2,257093,1357.08,546897,
34135,2,server2,5,1201.47,770.2,300,0.592622,2,2,187261,1357.08,546897,
34332,2,server2,9,1305.52,770.2,300,0.592622,2,2,187458,1357.08,546897,
34136,2,server2,13,1352.02,770.2,300,0.592622,2,2,187262,1357.08,546897,
34143,2,server2,21,1512.65,770.2,300,0.592622,2,2,187269,1357.08,546897,
34177,2,server2,23,779.8,1415.42,301,1.45497,2,1,129305,708736,1622.99,
34158,2,server2,3,779.8,1181.74,302,2.14596,2,2,146313,686855,1376.86,
34172,2,server2,15,779.8,1317.22,302,2.14596,2,2,146327,686855,1376.86,
34157,2,server2,19,779.8,1349.74,302,2.14596,2,2,146312,686855,1376.86,
34177,2,server2,23,779.8,1415.42,302,2.14596,2,2,146332,686855,1376.86,
34.18,2,server2,3,779.8,1181.74,303,0.421822,2,1,130357,586244,1155.44,
34185,2,server2,11,779.8,1259.66,303,0.421822,2,1,130362,586244,1155.44,
34.19,2,server2,15,779.8,1317.22,303,0.421822,2,1,130367,586244,1155.44,
34179,2,server2,19,779.8,1349.74,303,0.421822,2,1,130356,586244,1155.44,
78213,2,server2,0,991166,779.8,305,0.409389,2,2,214452,1287.75,822044,
34245,2,server2,1,1132.2,770.2,305,0.409389,2,2,170484,1287.75,822044,
103967,2,server2,4,1201.86,779.8,305,0.409389,2,2,240206,1287.75,822044,
76569,2,server2,8,992573,776.6,305,0.409389,2,2,212808,1287.75,822044,
34332,2,server2,9,1305.52,770.2,305,0.409389,2,2,170571,1287.75,822044,
92096,2,server2,12,1104.08,779.8,305,0.409389,2,2,228335,1287.75,822044,
34321,2,server2,13,1352.02,770.2,305,0.409389,2,2,170.56,1287.75,822044,
93392,2,server2,16,991605,776.6,305,0.409389,2,2,229631,1287.75,822044,
34268,2,server2,21,1512.65,770.2,305,0.409389,2,2,170507,1287.75,822044,
98913,2,server2,24,991042,779.8,305,0.409389,2,2,235152,1287.75,822044,
95241,2,server2,28,1014.17,779.8,305,0.409389,2,2,231.48,1287.75,822044,
66264,2,server2,0,903297,779.8,306,0.645823,2,1,142979,951454,584295,
34744,2,server2,1,1127.03,770.2,306,0.645823,2,1,111459,951454,584295,
63332,2,server2,8,865908,776.6,306,0.645823,2,1,140047,951454,584295,
65444,2,server2,9,1186.33,770.2,306,0.645823,2,1,142159,951454,584295,
50602,2,server2,13,1186.32,770.2,306,0.645823,2,1,127317,951454,584295,
76394,2,server2,16,860763,776.6,306,0.645823,2,1,153109,951454,584295,
64003,2,server2,29,1183.21,773.4,306,0.645823,2,1,140718,951454,584295,
34884,2,server2,1,1127.03,770.2,307,0.720096,2,1,120763,1291.82,971823,
80259,2,server2,8,1061.65,779.8,307,0.720096,2,1,166138,1291.82,971823,
34897,2,server2,9,1305.52,770.2,307,0.720096,2,1,120776,1291.82,971823,
34881,2,server2,13,1352.02,770.2,307,0.720096,2,1,120.76,1291.82,971823,
34883,2,server2,21,1512.65,770.2,307,0.720096,2,1,120762,1291.82,971823,
73857,2,server2,0,980005,779.8,308,1.32816,2,1,159736,1249.16,909762,
34884,2,server2,1,1127.03,770.2,308,1.32816,2,1,120763,1249.16,909762,
76467,2,server2,8,981059,776.6,308,1.32816,2,1,162346,1249.16,909762,
34897,2,server2,9,1305.52,770.2,308,1.32816,2,1,120776,1249.16,909762,
34881,2,server2,13,1352.02,770.2,308,1.32816,2,1,120.76,1249.16,909762,
34883,2,server2,21,1512.65,770.2,308,1.32816,2,1,120762,1249.16,909762,
66264,2,server2,0,903297,779.8,309,0.68454,2,0,140395,992759,1044.79,
35745,2,server2,1,1112.78,770.2,309,0.68454,2,0,109876,992759,1044.79,
63332,2,server2,8,865908,776.6,309,0.68454,2,0,137463,992759,1044.79,
66329,2,server2,9,1113.16,770.2,309,0.68454,2,0,140.46,992759,1044.79,
35132,2,server2,11,779.8,1247.86,309,0.68454,2,0,109263,992759,1044.79,
69324,2,server2,13,1113.5,770.2,309,0.68454,2,0,143455,992759,1044.79,
69079,2,server2,29,1119.51,773.4,309,0.68454,2,0,143.21,992759,1044.79,
35136,2,server2,11,779.8,1246.56,310,0.538242,2,2,182268,786047,1525.56,
35153,2,server2,19,779.8,1336.4,310,0.538242,2,2,182285,786047,1525.56,
35135,2,server2,23,779.8,1401.46,310,0.538242,2,2,182267,786047,1525.56,
35135,2,server2,23,779.8,1401.46,311,0.894113,2,2,182267,585.08,1571.99,
51815,2,server2,15,779.8,1090.04,312,1.15779,2,1,134959,497838,988544,
51448,2,server2,19,776.6,1099.38,312,1.15779,2,1,134592,497838,988544,
57314,2,server2,23,779.8,1090.38,312,1.15779,2,1,140458,497838,988544,
60874,2,server2,27,779.8,1090.18,312,1.15779,2,1,144018,497838,988544,
35189,2,server2,11,779.8,1246.56,313,0.400419,1,2,189342,693444,1533,
35156,2,server2,15,779.8,1304.39,313,0.400419,1,2,189309,693444,1533,
35197,2,server2,23,779.8,1400.07,313,0.400419,1,2,189.35,693444,1533,
66264,2,server2,0,903297,779.8,315,1531,2,1,149453,753488,1024.66,
56975,2,server2,1,911986,770.2,315,1531,2,1,140164,753488,1024.66,
77265,2,server2,2,770.2,763599,315,1531,2,1,160454,753488,1024.66,
35193,2,server2,3,779.8,1169.67,315,1531,2,1,118382,753488,1024.66,
55138,2,server2,5,912047,770.2,315,1531,2,1,138327,753488,1024.66,
63332,2,server2,8,865908,776.6,315,1531,2,1,146521,753488,1024.66,
75154,2,server2,9,911342,770.2,315,1531,2,1,158343,753488,1024.66,
35192,2,server2,15,779.8,1304.39,315,1531,2,1,118381,753488,1024.66,
76394,2,server2,16,860763,776.6,315,1531,2,1,159583,753488,1024.66,
35947,2,server2,19,779.8,1323.05,315,1531,2,1,119136,753488,1024.66,
35198,2,server2,15,779.8,1304.39,316,1.90519,2,2,148395,821288,1586.8,
35.2,2,server2,19,779.8,1334.91,316,1.90519,2,2,148397,821288,1586.8,
66264,2,server2,0,903297,779.8,317,2.1198,2,2,216646,897851,721632,
77265,2,server2,2,770.2,763599,317,2.1198,2,2,227647,897851,721632,
35387,2,server2,5,1163.59,770.2,317,2.1198,2,2,185769,897851,721632,
88597,2,server2,6,773.4,763599,317,2.1198,2,2,238979,897851,721632,
63332,2,server2,8,865908,776.6,317,2.1198,2,2,213714,897851,721632,
65413,2,server2,9,1193.41,770.2,317,2.1198,2,2,215795,897851,721632,
54215,2,server2,11,779.8,996369,317,2.1198,2,2,204597,897851,721632,
92096,2,server2,12,1104.08,779.8,317,2.1198,2,2,242478,897851,721632,
50543,2,server2,13,1193.72,770.2,317,2.1198,2,2,200925,897851,721632,
59123,2,server2,15,779.8,996332,317,2.1198,2,2,209505,897851,721632,
76394,2,server2,16,860763,776.6,317,2.1198,2,2,226776,897851,721632,
63059,2,server2,19,776.6,979262,317,2.1198,2,2,213441,897851,721632,
99052,2,server2,20,983173,779.8,317,2.1198,2,2,249434,897851,721632,
64745,2,server2,23,779.8,996939,317,2.1198,2,2,215127,897851,721632,
85324,2,server2,24,895709,779.8,317,2.1198,2,2,235706,897851,721632,
67038,2,server2,27,776.6,995312,317,2.1198,2,2,217.42,897851,721632,
95241,2,server2,28,1014.17,779.8,317,2.1198,2,2,245623,897851,721632,
63933,2,server2,29,1192.31,773.4,317,2.1198,2,2,214315,897851,721632,
66264,2,server2,0,903297,779.8,318,1.23072,2,0,137928,1107.99,971232,
35666,2,server2,1,1114.08,770.2,318,1.23072,2,0,107.33,1107.99,971232,
35996,2,server2,1,1110.2,770.2,318,2.02182,2,0,104982,1113.56,496712,
35959,2,server2,5,1156.82,770.2,318,0.614887,2,2,188911,1450.03,743891,
35989,2,server2,5,1156.82,770.2,318,2.02182,2,0,104975,1113.56,496712,
35664,2,server2,9,1301.97,770.2,318,1.23072,2,0,107328,1107.99,971232,
35965,2,server2,9,1301.97,770.2,318,0.614887,2,2,188917,1450.03,743891,
60.24,2,server2,9,1235.88,770.2,318,2.02182,2,0,129226,1113.56,496712,
35986,2,server2,13,1329.87,770.2,318,1.23072,2,0,107.65,1107.99,971232,
35985,2,server2,21,1512.65,770.2,318,0.614887,2,2,188937,1450.03,743891,
52.37,2,server2,29,1327.03,770.2,318,1.23072,2,0,124034,1107.99,971232,
59931,2,server2,29,1236.77,770.2,318,2.02182,2,0,128917,1113.56,496712,
36044,2,server2,5,1156.82,770.2,319,2.40753,0,1,118044,1396.63,882163,
36015,2,server2,9,1301.97,770.2,319,2.40753,0,1,118015,1396.63,882163,
36015,2,server2,21,1512.65,770.2,319,2.40753,0,1,118015,1396.63,882163,
36025,2,server2,21,1512.65,770.2,320,1.12183,2,1,131.05,1575.52,901253,
36116,2,server2,11,779.8,1234.78,321,0.775678,2,1,117232,734277,1247.66,
36118,2,server2,15,779.8,1291.55,321,0.775678,2,1,117234,734277,1247.66,
36116,2,server2,19,779.8,1320.08,321,0.775678,2,1,117232,734277,1247.66,
36147,2,server2,23,779.8,1387.52,321,0.775678,2,1,117263,734277,1247.66,
36121,2,server2,3,779.8,1157.61,322,0.423161,1,2,177237,589303,1066.47,
103277,2,server2,6,773.4,830029,322,0.423161,1,2,244393,589303,1066.47,
36121,2,server2,11,779.8,1233.47,322,0.423161,1,2,177237,589303,1066.47,
36118,2,server2,15,779.8,1291.55,322,0.423161,1,2,177234,589303,1066.47,
36121,2,server2,3,779.8,1157.61,323,1.13827,2,1,139239,672806,1264.34,
36121,2,server2,11,779.8,1233.47,323,1.13827,2,1,139239,672806,1264.34,
36133,2,server2,19,779.8,1320.08,323,1.13827,2,1,139251,672806,1264.34,
36147,2,server2,23,779.8,1387.52,323,1.13827,2,1,139265,672806,1264.34,
36122,2,server2,3,779.8,1157.61,324,1.29086,2,2,186243,711148,1404.37,
36128,2,server2,15,779.8,1291.55,324,1.29086,2,2,186249,711148,1404.37,
36133,2,server2,19,779.8,1320.08,324,1.29086,2,2,186254,711148,1404.37,
36147,2,server2,23,779.8,1387.52,324,1.29086,2,2,186268,711148,1404.37,
36122,2,server2,3,779.8,1157.61,325,1.85702,2,2,186243,730379,1399.79,
36128,2,server2,15,779.8,1291.55,325,1.85702,2,2,186249,730379,1399.79,
36133,2,server2,19,779.8,1320.08,325,1.85702,2,2,186254,730379,1399.79,
36147,2,server2,23,779.8,1387.52,325,1.85702,2,2,186268,730379,1399.79,
36133,2,server2,3,779.8,1157.61,326,1.16321,2,1,139262,633443,1397.07,
36133,2,server2,11,779.8,1233.47,326,1.16321,2,1,139262,633443,1397.07,
36133,2,server2,19,779.8,1320.08,326,1.16321,2,1,139262,633443,1397.07,
36147,2,server2,23,779.8,1387.52,326,1.16321,2,1,139276,633443,1397.07,
93082,2,server2,0,1024.63,779.8,327,1.08722,2,2,253217,1315.84,847306,
103967,2,server2,4,1201.86,779.8,327,1.08722,2,2,264102,1315.84,847306,
36.14,2,server2,5,1156.82,770.2,327,1.08722,2,2,196275,1315.84,847306,
76865,2,server2,8,1025.47,779.8,327,1.08722,2,2,237,1315.84,847306,
36136,2,server2,9,1301.97,770.2,327,1.08722,2,2,196271,1315.84,847306,
92096,2,server2,12,1104.08,779.8,327,1.08722,2,2,252231,1315.84,847306,
36152,2,server2,13,1303.47,770.2,327,1.08722,2,2,196287,1315.84,847306,
99627,2,server2,16,1024.5,776.6,327,1.08722,2,2,259762,1315.84,847306,
36135,2,server2,21,1512.65,770.2,327,1.08722,2,2,196.27,1315.84,847306,
101986,2,server2,24,1024.3,779.8,327,1.08722,2,2,262121,1315.84,847306,
101861,2,server2,28,1023.54,779.8,327,1.08722,2,2,261996,1315.84,847306,
66264,2,server2,0,904687,779.8,328,1.30079,2,2,183416,1058.66,523079,
103967,2,server2,4,1201.86,779.8,328,1.30079,2,2,221119,1058.66,523079,
72302,2,server2,8,898816,776.6,328,1.30079,2,2,189454,1058.66,523079,
62023,2,server2,9,1227.63,770.2,328,1.30079,2,2,179175,1058.66,523079,
92096,2,server2,12,1104.08,779.8,328,1.30079,2,2,209248,1058.66,523079,
90122,2,server2,16,898947,776.6,328,1.30079,2,2,207274,1058.66,523079,
99052,2,server2,20,983173,779.8,328,1.30079,2,2,216204,1058.66,523079,
87966,2,server2,24,904795,779.8,328,1.30079,2,2,205118,1058.66,523079,
95241,2,server2,28,1014.17,779.8,328,1.30079,2,2,212393,1058.66,523079,
61676,2,server2,29,1222.6,773.4,328,1.30079,2,2,178828,1058.66,523079,
78387,2,server2,0,1007.9,779.8,332,1.30733,2,2,195.57,1217.99,566116,
103967,2,server2,4,1201.86,779.8,332,1.30733,2,2,221.15,1217.99,566116,
76571,2,server2,8,1005.73,776.6,332,1.30733,2,2,193754,1217.99,566116,
92096,2,server2,12,1104.08,779.8,332,1.30733,2,2,209279,1217.99,566116,
93393,2,server2,16,1005.05,776.6,332,1.30733,2,2,210576,1217.99,566116,
58413,2,server2,21,1436.88,770.2,332,1.30733,2,2,175596,1217.99,566116,
100064,2,server2,24,1007.67,779.8,332,1.30733,2,2,217247,1217.99,566116,
95241,2,server2,28,1014.17,779.8,332,1.30733,2,2,212424,1217.99,566116,
78387,2,server2,0,1007.9,779.8,339,1.01497,2,2,208775,1304.99,748119,
103967,2,server2,4,1201.86,779.8,339,1.01497,2,2,234355,1304.99,748119,
76571,2,server2,8,1007.38,776.6,339,1.01497,2,2,206959,1304.99,748119,
92096,2,server2,12,1104.08,779.8,339,1.01497,2,2,222484,1304.99,748119,
93394,2,server2,16,1006.55,776.6,339,1.01497,2,2,223782,1304.99,748119,
100064,2,server2,24,1007.67,779.8,339,1.01497,2,2,230452,1304.99,748119,
95241,2,server2,28,1014.17,779.8,339,1.01497,2,2,225629,1304.99,748119,
103967,2,server2,4,1201.86,779.8,340,1.46866,2,2,234356,1418.59,747304,
86179,2,server2,8,1120.85,779.8,340,1.46866,2,2,216568,1418.59,747304,
66264,2,server2,0,903297,779.8,342,0.411366,2,1,154.1,918.26,507521,
77265,2,server2,2,770.2,763599,342,0.411366,2,1,165101,918.26,507521,
63332,2,server2,8,865908,776.6,342,0.411366,2,1,151168,918.26,507521,
67604,2,server2,9,1062.38,770.2,342,0.411366,2,1,155.44,918.26,507521,
76394,2,server2,16,860763,776.6,342,0.411366,2,1,164.23,918.26,507521,
85324,2,server2,24,895709,779.8,342,0.411366,2,1,173.16,918.26,507521,
75475,2,server2,29,1055.81,773.4,342,0.411366,2,1,163311,918.26,507521,
66264,2,server2,0,903297,779.8,343,0.632658,2,1,154.1,929142,862658,
77265,2,server2,2,770.2,763599,343,0.632658,2,1,165101,929142,862658,
63332,2,server2,8,865908,776.6,343,0.632658,2,1,151168,929142,862658,
63455,2,server2,9,1211.12,770.2,343,0.632658,2,1,151291,929142,862658,
76394,2,server2,16,860763,776.6,343,0.632658,2,1,164.23,929142,862658,
55019,2,server2,23,779.8,1122.48,343,0.632658,2,1,142855,929142,862658,
85324,2,server2,24,895709,779.8,343,0.632658,2,1,173.16,929142,862658,
57561,2,server2,27,779.8,1114.8,343,0.632658,2,1,145397,929142,862658,
61752,2,server2,29,1215.05,773.4,343,0.632658,2,1,149588,929142,862658,
66264,2,server2,0,903297,779.8,350,0.547327,2,1,143551,1050.95,591256,
63332,2,server2,8,865908,776.6,350,0.547327,2,1,140619,1050.95,591256,
76394,2,server2,16,860763,776.6,350,0.547327,2,1,153681,1050.95,591256,
53444,2,server2,29,1290.61,770.2,350,0.547327,2,1,130731,1050.95,591256,
66264,2,server2,0,903297,779.8,352,1.01192,2,2,218613,884429,1011.95,
77265,2,server2,2,770.2,763599,352,1.01192,2,2,229614,884429,1011.95,
88597,2,server2,6,773.4,763599,352,1.01192,2,2,240946,884429,1011.95,
63332,2,server2,8,865908,776.6,352,1.01192,2,2,215681,884429,1011.95,
67604,2,server2,9,1061.2,770.2,352,1.01192,2,2,219953,884429,1011.95,
97662,2,server2,13,1061.77,770.2,352,1.01192,2,2,250011,884429,1011.95,
76394,2,server2,16,860763,776.6,352,1.01192,2,2,228743,884429,1011.95,
99052,2,server2,20,983173,779.8,352,1.01192,2,2,251401,884429,1011.95,
85324,2,server2,24,895709,779.8,352,1.01192,2,2,237673,884429,1011.95,
95241,2,server2,28,1014.17,779.8,352,1.01192,2,2,247.59,884429,1011.95,
75474,2,server2,29,1064.92,773.4,352,1.01192,2,2,227823,884429,1011.95,
66264,2,server2,0,903297,779.8,355,1.32739,2,1,160159,1094.62,861524,
63332,2,server2,8,865908,776.6,355,1.32739,2,1,157227,1094.62,861524,
76394,2,server2,16,860763,776.6,355,1.32739,2,1,170289,1094.62,861524,
66264,2,server2,0,903297,779.8,356,1.53127,2,1,160163,1115.66,735.74,
63332,2,server2,8,865908,776.6,356,1.53127,2,1,157231,1115.66,735.74,
92096,2,server2,12,1104.08,779.8,356,1.53127,2,1,185995,1115.66,735.74,
76394,2,server2,16,860763,776.6,356,1.53127,2,1,170293,1115.66,735.74,
71655,2,server2,21,1412.94,770.2,356,1.53127,2,1,165554,1115.66,735.74,
85324,2,server2,24,895709,779.8,356,1.53127,2,1,179223,1115.66,735.74,
66264,2,server2,0,903297,779.8,362,2.1933,2,2,220411,752179,1037.28,
57045,2,server2,1,888684,770.2,362,2.1933,2,2,211192,752179,1037.28,
77265,2,server2,2,770.2,763599,362,2.1933,2,2,231412,752179,1037.28,
57473,2,server2,5,887705,770.2,362,2.1933,2,2,211.62,752179,1037.28,
88597,2,server2,6,773.4,763599,362,2.1933,2,2,242744,752179,1037.28,
63332,2,server2,8,865908,776.6,362,2.1933,2,2,217479,752179,1037.28,
86092,2,server2,9,887732,770.2,362,2.1933,2,2,240239,752179,1037.28,
76394,2,server2,16,860763,776.6,362,2.1933,2,2,230541,752179,1037.28,
85324,2,server2,24,895709,779.8,362,2.1933,2,2,239471,752179,1037.28,
98241,2,server2,29,894875,773.4,362,2.1933,2,2,252388,752179,1037.28,
66264,2,server2,0,903297,779.8,364,1.32481,2,2,199503,1012.16,525865,
103967,2,server2,4,1201.86,779.8,364,0.607121,2,2,237205,1256.76,519006,
63332,2,server2,8,865908,776.6,364,1.32481,2,2,196571,1012.16,525865,
86177,2,server2,8,1109.34,779.8,364,0.607121,2,2,219415,1256.76,519006,
65449,2,server2,9,1185.15,770.2,364,1.32481,2,2,198688,1012.16,525865,
92096,2,server2,12,1104.08,779.8,364,1.32481,2,2,225335,1012.16,525865,
102077,2,server2,12,1109.71,779.8,364,0.607121,2,2,235315,1256.76,519006,
50823,2,server2,13,1185.26,770.2,364,1.32481,2,2,184062,1012.16,525865,
76394,2,server2,16,860763,776.6,364,1.32481,2,2,209633,1012.16,525865,
102501,2,server2,16,1103.79,776.6,364,0.607121,2,2,235739,1256.76,519006,
99052,2,server2,20,983173,779.8,364,1.32481,2,2,232291,1012.16,525865,
69177,2,server2,21,1420.52,770.2,364,0.607121,2,2,202415,1256.76,519006,
85324,2,server2,24,895709,779.8,364,1.32481,2,2,218563,1012.16,525865,
95241,2,server2,28,1014.17,779.8,364,1.32481,2,2,228.48,1012.16,525865,
64021,2,server2,29,1180.17,773.4,364,1.32481,2,2,197.26,1012.16,525865,
103967,2,server2,4,1201.86,779.8,366,1.48559,2,2,217572,1492.66,831879,
93099,2,server2,0,1028.81,779.8,367,1.85549,2,2,206704,1212.14,543296,
103967,2,server2,4,1201.86,779.8,367,1.85549,2,2,217572,1212.14,543296,
76845,2,server2,8,1023.82,776.6,367,1.85549,2,2,190.45,1212.14,543296,
92096,2,server2,12,1104.08,779.8,367,1.85549,2,2,205701,1212.14,543296,
99627,2,server2,16,1024.5,776.6,367,1.85549,2,2,213232,1212.14,543296,
74643,2,server2,21,1407.9,770.2,367,1.85549,2,2,188248,1212.14,543296,
105.28,2,server2,24,1028.84,779.8,367,1.85549,2,2,218885,1212.14,543296,
103587,2,server2,28,1028.22,779.8,367,1.85549,2,2,217192,1212.14,543296,
103967,2,server2,4,1201.86,779.8,368,1.35038,2,2,256666,1403.85,876707,
86179,2,server2,8,1120.85,779.8,368,1.35038,2,2,238878,1403.85,876707,
103967,2,server2,4,1201.86,779.8,369,2.0557,2,2,256666,1159.44,1067.91,
80259,2,server2,8,1076.44,779.8,369,2.0557,2,2,232958,1159.44,1067.91,
65399,2,server2,9,1195.77,770.2,369,2.0557,2,2,218098,1159.44,1067.91,
92096,2,server2,12,1104.08,779.8,369,2.0557,2,2,244795,1159.44,1067.91,
102496,2,server2,16,1088.82,776.6,369,2.0557,2,2,255195,1159.44,1067.91,
61752,2,server2,29,1215.05,773.4,369,2.0557,2,2,214451,1159.44,1067.91,
66264,2,server2,0,903297,779.8,374,1.46238,2,1,158163,884082,735192,
77265,2,server2,2,770.2,763599,374,1.46238,2,1,169164,884082,735192,
88597,2,server2,6,773.4,763599,374,1.46238,2,1,180496,884082,735192,
63332,2,server2,8,865908,776.6,374,1.46238,2,1,155231,884082,735192,
65466,2,server2,9,1181.6,770.2,374,1.46238,2,1,157365,884082,735192,
52758,2,server2,11,779.8,1016,374,1.46238,2,1,144657,884082,735192,
51774,2,server2,13,1181.05,770.2,374,1.46238,2,1,143673,884082,735192,
57623,2,server2,15,779.8,1015.59,374,1.46238,2,1,149522,884082,735192,
76394,2,server2,16,860763,776.6,374,1.46238,2,1,168293,884082,735192,
59523,2,server2,19,776.6,1014.85,374,1.46238,2,1,151422,884082,735192,
64345,2,server2,23,779.8,1016.46,374,1.46238,2,1,156244,884082,735192,
85324,2,server2,24,895709,779.8,374,1.46238,2,1,177223,884082,735192,
66268,2,server2,27,776.6,1013.76,374,1.46238,2,1,158167,884082,735192,
64021,2,server2,29,1180.17,773.4,374,1.46238,2,1,155.92,884082,735192,
66264,2,server2,0,903297,779.8,378,0.686511,1,1,161406,777982,973571,
56704,2,server2,1,997485,770.2,378,0.686511,1,1,151846,777982,973571,
77265,2,server2,2,770.2,763599,378,0.686511,1,1,172407,777982,973571,
88597,2,server2,6,773.4,763599,378,0.686511,1,1,183739,777982,973571,
63332,2,server2,8,865908,776.6,378,0.686511,1,1,158474,777982,973571,
68226,2,server2,9,997524,770.2,378,0.686511,1,1,163368,777982,973571,
76394,2,server2,16,860763,776.6,378,0.686511,1,1,171536,777982,973571,
85324,2,server2,24,895709,779.8,378,0.686511,1,1,180466,777982,973571,
78573,2,server2,29,1000.85,773.4,378,0.686511,1,1,173715,777982,973571,
103236,2,server2,6,773.4,813327,380,0.793683,2,1,215.39,571385,1034.06,
73843,2,server2,0,978606,779.8,381,1.4564,2,1,178214,1277.8,790101,
103967,2,server2,4,1201.86,779.8,381,1.4564,2,1,208338,1277.8,790101,
76.44,2,server2,8,979412,776.6,381,1.4564,2,1,180811,1277.8,790101,
92096,2,server2,12,1104.08,779.8,381,1.4564,2,1,196467,1277.8,790101,
92992,2,server2,16,978127,776.6,381,1.4564,2,1,197363,1277.8,790101,
99052,2,server2,20,983173,779.8,381,1.4564,2,1,203423,1277.8,790101,
96884,2,server2,24,978924,779.8,381,1.4564,2,1,201255,1277.8,790101,
95241,2,server2,28,1014.17,779.8,381,1.4564,2,1,199612,1277.8,790101,
52382,2,server2,29,1310.33,770.2,385,0.640621,2,2,198631,1283.68,1068.9,
104369,2,server2,6,773.4,857898,386,1.84361,2,2,222542,619667,1114.85,
103238,2,server2,6,773.4,821665,387,0.545288,2,1,215499,754834,1120.34,
78232,2,server2,0,992567,779.8,390,1.38801,1,2,210578,1044.09,1075.14,
76822,2,server2,8,1015.6,776.6,390,1.38801,1,2,209168,1044.09,1075.14,
93394,2,server2,16,1015.53,776.6,390,1.38801,1,2,225.74,1044.09,1075.14,
98949,2,server2,24,992556,779.8,390,1.38801,1,2,231295,1044.09,1075.14,
50755,2,server2,27,779.8,1216.36,390,1.38801,1,2,183101,1044.09,1075.14,
95241,2,server2,28,1014.17,779.8,390,1.38801,1,2,227587,1044.09,1075.14,
57287,2,server2,1,861497,770.2,396,0.43583,2,1,152425,608122,929174,
77265,2,server2,2,770.2,763599,396,0.43583,2,1,172403,608122,929174,
60.52,2,server2,5,862018,770.2,396,0.43583,2,1,155658,608122,929174,
88597,2,server2,6,773.4,763599,396,0.43583,2,1,183735,608122,929174,
63332,2,server2,8,865908,776.6,396,0.43583,2,1,158.47,608122,929174,
94698,2,server2,9,861761,770.2,396,0.43583,2,1,189836,608122,929174,
76394,2,server2,16,860763,776.6,396,0.43583,2,1,171532,608122,929174,
51314,2,server2,23,779.8,1174.08,396,0.43583,2,1,146452,608122,929174,
53363,2,server2,27,779.8,1174.91,396,0.43583,2,1,148501,608122,929174,
66264,2,server2,0,903297,779.8,398,1.05683,2,1,157.21,1088.18,899769,
63332,2,server2,8,865908,776.6,398,1.05683,2,1,154278,1088.18,899769,
76394,2,server2,16,860763,776.6,398,1.05683,2,1,167.34,1088.18,899769,
85324,2,server2,24,895709,779.8,398,1.05683,2,1,176.27,1088.18,899769,
66264,2,server2,0,903297,779.8,400,0.520085,2,1,165532,753016,998456,
56881,2,server2,1,946967,770.2,400,0.520085,2,1,156149,753016,998456,
77265,2,server2,2,770.2,763599,400,0.520085,2,1,176533,753016,998456,
55042,2,server2,5,947208,770.2,400,0.520085,2,1,154.31,753016,998456,
88597,2,server2,6,773.4,763599,400,0.520085,2,1,187865,753016,998456,
63332,2,server2,8,865908,776.6,400,0.520085,2,1,162.6,753016,998456,
68357,2,server2,9,946735,770.2,400,0.520085,2,1,167625,753016,998456,
76394,2,server2,16,860763,776.6,400,0.520085,2,1,175662,753016,998456,
85324,2,server2,24,895709,779.8,400,0.520085,2,1,184592,753016,998456,
83263,2,server2,29,950142,773.4,400,0.520085,2,1,182531,753016,998456,
66264,2,server2,0,903297,779.8,401,0.774453,2,1,157206,825962,593382,
66264,2,server2,0,903297,779.8,401,1.85085,2,2,198404,967234,1062.68,
56692,2,server2,1,1032.46,770.2,401,1.85085,2,2,188832,967234,1062.68,
77265,2,server2,2,770.2,763599,401,0.774453,2,1,168207,825962,593382,
88597,2,server2,6,773.4,763599,401,0.774453,2,1,179539,825962,593382,
63332,2,server2,8,865908,776.6,401,0.774453,2,1,154274,825962,593382,
67989,2,server2,8,877416,776.6,401,1.85085,2,2,200129,967234,1062.68,
67603,2,server2,9,1068.3,770.2,401,0.774453,2,1,158545,825962,593382,
67.65,2,server2,9,1032.91,770.2,401,1.85085,2,2,199.79,967234,1062.68,
82444,2,server2,15,779.8,888569,401,0.774453,2,1,173386,825962,593382,
76394,2,server2,16,860763,776.6,401,0.774453,2,1,167336,825962,593382,
83933,2,server2,16,877744,776.6,401,1.85085,2,2,216073,967234,1062.68,
65.74,2,server2,19,776.6,888832,401,0.774453,2,1,156682,825962,593382,
79296,2,server2,23,779.8,889578,401,0.774453,2,1,170238,825962,593382,
85324,2,server2,24,895709,779.8,401,0.774453,2,1,176266,825962,593382,
85324,2,server2,24,895709,779.8,401,1.85085,2,2,217464,967234,1062.68,
78503,2,server2,27,776.6,887818,401,0.774453,2,1,169445,825962,593382,
75474,2,server2,29,1064.92,773.4,401,0.774453,2,1,166416,825962,593382,
75636,2,server2,29,1045.21,773.4,401,1.85085,2,2,207776,967234,1062.68,
104977,2,server2,6,773.4,902452,403,1.12535,2,2,255.25,992411,1107.09,
103046,2,server2,6,773.4,790234,407,2.71116,2,2,265895,489003,885576,
63544,2,server2,11,779.8,958379,407,2.71116,2,2,226393,489003,885576,
62216,2,server2,15,779.8,959124,407,2.71116,2,2,225065,489003,885576,
64523,2,server2,19,776.6,970373,407,2.71116,2,2,227372,489003,885576,
67448,2,server2,23,779.8,959247,407,2.71116,2,2,230297,489003,885576,
67.84,2,server2,27,776.6,970753,407,2.71116,2,2,230689,489003,885576,
66264,2,server2,0,903297,779.8,408,0.539971,2,2,196379,690145,909451,
56.86,2,server2,1,954744,770.2,408,0.539971,2,2,186975,690145,909451,
77265,2,server2,2,770.2,763599,408,0.539971,2,2,207.38,690145,909451,
55027,2,server2,5,955.32,770.2,408,0.539971,2,2,185142,690145,909451,
88597,2,server2,6,773.4,763599,408,0.539971,2,2,218712,690145,909451,
63332,2,server2,8,865908,776.6,408,0.539971,2,2,193447,690145,909451,
68265,2,server2,9,954995,770.2,408,0.539971,2,2,198.38,690145,909451,
76394,2,server2,16,860763,776.6,408,0.539971,2,2,206509,690145,909451,
85324,2,server2,24,895709,779.8,408,0.539971,2,2,215439,690145,909451,
52032,2,server2,27,779.8,1194.88,408,0.539971,2,2,182147,690145,909451,
83262,2,server2,29,956686,773.4,408,0.539971,2,2,213377,690145,909451,
104913,2,server2,6,773.4,898262,413,1.09712,2,2,235.58,973371,1120.96,
66264,2,server2,0,903297,779.8,416,0.912238,2,1,175408,836596,1054.02,
56928,2,server2,1,932724,770.2,416,0.912238,2,1,166072,836596,1054.02,
77265,2,server2,2,770.2,763599,416,0.912238,2,1,186409,836596,1054.02,
55072,2,server2,5,933684,770.2,416,0.912238,2,1,164216,836596,1054.02,
88597,2,server2,6,773.4,763599,416,0.912238,2,1,197741,836596,1054.02,
63332,2,server2,8,865908,776.6,416,0.912238,2,1,172476,836596,1054.02,
71562,2,server2,9,933749,770.2,416,0.912238,2,1,180706,836596,1054.02,
76394,2,server2,16,860763,776.6,416,0.912238,2,1,185538,836596,1054.02,
85324,2,server2,24,895709,779.8,416,0.912238,2,1,194468,836596,1054.02,
83265,2,server2,29,942349,773.4,416,0.912238,2,1,192409,836596,1054.02,
104874,2,server2,6,773.4,887133,418,1.60592,2,2,260.13,527535,1057.96,
50734,2,server2,27,779.8,1219.43,418,1.60592,2,2,205.99,527535,1057.96,
76562,2,server2,1,800634,770.2,419,1.03265,2,0,167823,601525,993777,
77265,2,server2,2,770.2,763599,419,1.03265,2,0,168526,601525,993777,
88597,2,server2,6,773.4,763599,419,1.03265,2,0,179858,601525,993777,
103967,2,server2,4,1201.86,779.8,422,0.942929,2,2,274089,1460.36,825802,
66264,2,server2,0,903297,779.8,424,2.33149,2,1,185394,1067.42,990707,
103967,2,server2,4,1201.86,779.8,424,2.33149,2,1,223097,1067.42,990707,
63332,2,server2,8,865908,776.6,424,2.33149,2,1,182462,1067.42,990707,
92096,2,server2,12,1104.08,779.8,424,2.33149,2,1,211226,1067.42,990707,
53005,2,server2,15,779.8,1075.91,424,2.33149,2,1,172135,1067.42,990707,
76394,2,server2,16,860763,776.6,424,2.33149,2,1,195524,1067.42,990707,
53698,2,server2,19,776.6,1063.78,424,2.33149,2,1,172828,1067.42,990707,
99052,2,server2,20,983173,779.8,424,2.33149,2,1,218182,1067.42,990707,
58412,2,server2,23,779.8,1075.05,424,2.33149,2,1,177542,1067.42,990707,
85324,2,server2,24,895709,779.8,424,2.33149,2,1,204454,1067.42,990707,
62135,2,server2,27,776.6,1062.9,424,2.33149,2,1,181265,1067.42,990707,
95241,2,server2,28,1014.17,779.8,424,2.33149,2,1,214371,1067.42,990707,
53.5,2,server2,29,1269.68,770.2,424,2.33149,2,1,172.63,1067.42,990707,
52163,2,server2,23,779.8,1162.91,425,1.12605,2,2,222313,484628,1110.24,
102646,2,server2,6,773.4,780896,427,0.536548,2,1,221984,818789,1077.03,
104913,2,server2,6,773.4,898262,428,0.640183,2,1,224251,848505,1188.12,
74653,2,server2,21,1406.64,770.2,430,1.42617,2,2,235187,1370.42,472478,
82887,2,server2,0,1013.47,779.8,431,1.88258,2,2,243421,1226.36,990.28,
103967,2,server2,4,1201.86,779.8,431,1.88258,2,2,264501,1226.36,990.28,
76822,2,server2,8,1017.24,776.6,431,1.88258,2,2,237356,1226.36,990.28,
92096,2,server2,12,1104.08,779.8,431,1.88258,2,2,252.63,1226.36,990.28,
93395,2,server2,16,1017.03,776.6,431,1.88258,2,2,253929,1226.36,990.28,
65153,2,server2,21,1429.33,770.2,431,1.88258,2,2,225687,1226.36,990.28,
100064,2,server2,24,1016.74,779.8,431,1.88258,2,2,260598,1226.36,990.28,
95241,2,server2,28,1014.17,779.8,431,1.88258,2,2,255775,1226.36,990.28,
103967,2,server2,4,1201.86,779.8,432,1.3601,2,2,264544,1410.42,773401,
86178,2,server2,8,1110.98,779.8,432,1.3601,2,2,246755,1410.42,773401,
105724,2,server2,12,1111.12,779.8,432,1.3601,2,2,266301,1410.42,773401,
66264,2,server2,0,903297,779.8,433,0.554566,2,1,158896,994216,788589,
77265,2,server2,2,770.2,763599,433,0.554566,2,1,169897,994216,788589,
88597,2,server2,6,773.4,763599,433,0.554566,2,1,181229,994216,788589,
63332,2,server2,8,865908,776.6,433,0.554566,2,1,155964,994216,788589,
54141,2,server2,11,779.8,997678,433,0.554566,2,1,146773,994216,788589,
92096,2,server2,12,1104.08,779.8,433,0.554566,2,1,184728,994216,788589,
59028,2,server2,15,779.8,997615,433,0.554566,2,1,151.66,994216,788589,
76394,2,server2,16,860763,776.6,433,0.554566,2,1,169026,994216,788589,
63059,2,server2,19,776.6,979262,433,0.554566,2,1,155691,994216,788589,
64732,2,server2,23,779.8,998335,433,0.554566,2,1,157364,994216,788589,
85324,2,server2,24,895709,779.8,433,0.554566,2,1,177956,994216,788589,
67052,2,server2,27,776.6,993779,433,0.554566,2,1,159684,994216,788589,
53444,2,server2,29,1293.64,770.2,433,0.554566,2,1,146076,994216,788589,
66264,2,server2,0,903297,779.8,436,1.44763,2,1,172383,826264,1068.41,
57297,2,server2,1,858913,770.2,436,1.44763,2,1,163416,826264,1068.41,
60.54,2,server2,5,857962,770.2,436,1.44763,2,1,166659,826264,1068.41,
102636,2,server2,6,773.4,776235,436,1.44763,2,1,208755,826264,1068.41,
63332,2,server2,8,865908,776.6,436,1.44763,2,1,169451,826264,1068.41,
94702,2,server2,9,858218,770.2,436,1.44763,2,1,200821,826264,1068.41,
76394,2,server2,16,860763,776.6,436,1.44763,2,1,182513,826264,1068.41,
85324,2,server2,24,895709,779.8,436,1.44763,2,1,191443,826264,1068.41,
99124,2,server2,29,880.68,773.4,436,1.44763,2,1,205243,826264,1068.41,
66264,2,server2,0,903297,779.8,437,1.64054,2,1,172387,717525,780844,
56696,2,server2,1,1016.92,770.2,437,1.64054,2,1,162819,717525,780844,
77265,2,server2,2,770.2,763599,437,1.64054,2,1,183388,717525,780844,
88597,2,server2,6,773.4,763599,437,1.64054,2,1,194.72,717525,780844,
63332,2,server2,8,865908,776.6,437,1.64054,2,1,169455,717525,780844,
68225,2,server2,9,1016.38,770.2,437,1.64054,2,1,174348,717525,780844,
53113,2,server2,15,779.8,1073.33,437,1.64054,2,1,159236,717525,780844,
76394,2,server2,16,860763,776.6,437,1.64054,2,1,182517,717525,780844,
53.27,2,server2,19,776.6,1074.17,437,1.64054,2,1,159393,717525,780844,
99052,2,server2,20,983173,779.8,437,1.64054,2,1,205175,717525,780844,
58551,2,server2,23,779.8,1073.66,437,1.64054,2,1,164674,717525,780844,
85324,2,server2,24,895709,779.8,437,1.64054,2,1,191447,717525,780844,
61792,2,server2,27,776.6,1073.64,437,1.64054,2,1,167915,717525,780844,
95241,2,server2,28,1014.17,779.8,437,1.64054,2,1,201364,717525,780844,
78573,2,server2,29,1016.14,773.4,437,1.64054,2,1,184696,717525,780844,
103967,2,server2,4,1201.86,779.8,438,1.41542,2,2,273091,1316.76,509239,
51718,2,server2,21,1455.82,770.2,438,1.41542,2,2,220842,1316.76,509239,
66264,2,server2,0,903297,779.8,440,0.582577,2,1,190417,748825,928839,
56702,2,server2,1,1002.66,770.2,440,0.582577,2,1,180855,748825,928839,
77265,2,server2,2,770.2,763599,440,0.582577,2,1,201418,748825,928839,
88597,2,server2,6,773.4,763599,440,0.582577,2,1,212.75,748825,928839,
63332,2,server2,8,865908,776.6,440,0.582577,2,1,187485,748825,928839,
68225,2,server2,9,1003.41,770.2,440,0.582577,2,1,192378,748825,928839,
76394,2,server2,16,860763,776.6,440,0.582577,2,1,200547,748825,928839,
99052,2,server2,20,983173,779.8,440,0.582577,2,1,223205,748825,928839,
85324,2,server2,24,895709,779.8,440,0.582577,2,1,209477,748825,928839,
78573,2,server2,29,1004.98,773.4,440,0.582577,2,1,202726,748825,928839,
97538,2,server2,0,1062.27,779.8,446,1.63728,1,2,240971,1336.06,899723,
103967,2,server2,4,1201.86,779.8,446,1.63728,1,2,247.4,1336.06,899723,
80259,2,server2,8,1061.65,779.8,446,1.63728,1,2,223692,1336.06,899723,
92096,2,server2,12,1104.08,779.8,446,1.63728,1,2,235529,1336.06,899723,
100639,2,server2,16,1063.4,776.6,446,1.63728,1,2,244072,1336.06,899723,
105374,2,server2,24,1062.09,779.8,446,1.63728,1,2,248807,1336.06,899723,
82977,2,server2,0,1016.25,779.8,447,2.5734,2,2,226411,1277.66,925374,
103967,2,server2,4,1201.86,779.8,447,2.5734,2,2,247401,1277.66,925374,
76822,2,server2,8,1017.24,776.6,447,2.5734,2,2,220256,1277.66,925374,
92096,2,server2,12,1104.08,779.8,447,2.5734,2,2,235.53,1277.66,925374,
93395,2,server2,16,1018.52,776.6,447,2.5734,2,2,236829,1277.66,925374,
100064,2,server2,24,1016.74,779.8,447,2.5734,2,2,243498,1277.66,925374,
97228,2,server2,28,1015.74,779.8,447,2.5734,2,2,240662,1277.66,925374,
103967,2,server2,4,1201.86,779.8,448,0.623156,2,2,232614,1435.83,720202,
103967,2,server2,4,1201.86,779.8,448,0.847565,2,2,234527,1243.43,1039.45,
85822,2,server2,8,1094.54,779.8,448,0.847565,2,2,216382,1243.43,1039.45,
97564,2,server2,8,1142.24,779.8,448,0.623156,2,2,226211,1435.83,720202,
92096,2,server2,12,1104.08,779.8,448,0.847565,2,2,222656,1243.43,1039.45,
102.5,2,server2,16,1099.3,776.6,448,0.847565,2,2,233.06,1243.43,1039.45,
88253,2,server2,21,1375.14,770.2,448,0.847565,2,2,218813,1243.43,1039.45,
66264,2,server2,0,903297,779.8,451,1.59103,1,1,177995,774384,548422,
77265,2,server2,2,770.2,763599,451,1.59103,1,1,188996,774384,548422,
106291,2,server2,3,779.8,848355,451,1.59103,1,1,218022,774384,548422,
53313,2,server2,5,975605,770.2,451,1.59103,1,1,165044,774384,548422,
88597,2,server2,6,773.4,763599,451,1.59103,1,1,200328,774384,548422,
63332,2,server2,8,865908,776.6,451,1.59103,1,1,175063,774384,548422,
68233,2,server2,9,976261,770.2,451,1.59103,1,1,179964,774384,548422,
95729,2,server2,11,779.8,848339,451,1.59103,1,1,207.46,774384,548422,
76394,2,server2,16,860763,776.6,451,1.59103,1,1,188125,774384,548422,
92669,2,server2,19,776.6,847296,451,1.59103,1,1,204.4,774384,548422,
79348,2,server2,23,779.8,847768,451,1.59103,1,1,191079,774384,548422,
85324,2,server2,24,895709,779.8,451,1.59103,1,1,197055,774384,548422,
82133,2,server2,27,776.6,847875,451,1.59103,1,1,193864,774384,548422,
83225,2,server2,29,972508,773.4,451,1.59103,1,1,194956,774384,548422,
66264,2,server2,0,903297,779.8,452,0.576375,2,1,160219,1149.49,613306,
72302,2,server2,8,898816,776.6,452,0.576375,2,1,166257,1149.49,613306,
92096,2,server2,12,1104.08,779.8,452,0.576375,2,1,186051,1149.49,613306,
90122,2,server2,16,898947,776.6,452,0.576375,2,1,184077,1149.49,613306,
74958,2,server2,21,1404.12,770.2,452,0.576375,2,1,168913,1149.49,613306,
86226,2,server2,24,900.25,779.8,452,0.576375,2,1,180181,1149.49,613306,
66264,2,server2,0,903297,779.8,453,1.5648,2,1,160219,1167.08,913041,
72737,2,server2,8,900457,776.6,453,1.5648,2,1,166692,1167.08,913041,
92096,2,server2,12,1104.08,779.8,453,1.5648,2,1,186051,1167.08,913041,
90156,2,server2,16,900377,776.6,453,1.5648,2,1,184111,1167.08,913041,
64058,2,server2,21,1430.6,770.2,453,1.5648,2,1,158013,1167.08,913041,
85477,2,server2,24,898741,779.8,453,1.5648,2,1,179432,1167.08,913041,
104913,2,server2,6,773.4,895.47,462,1.67238,2,1,232716,708472,1188.11,
66264,2,server2,0,903297,779.8,463,1.15615,1,0,166383,1036.25,1015.52,
63332,2,server2,8,865908,776.6,463,1.15615,1,0,163451,1036.25,1015.52,
63473,2,server2,9,1208.75,770.2,463,1.15615,1,0,163592,1036.25,1015.52,
92096,2,server2,12,1104.08,779.8,463,1.15615,1,0,192215,1036.25,1015.52,
76394,2,server2,16,860763,776.6,463,1.15615,1,0,176513,1036.25,1015.52,
99052,2,server2,20,983173,779.8,463,1.15615,1,0,199171,1036.25,1015.52,
51645,2,server2,23,779.8,1169.89,463,1.15615,1,0,151764,1036.25,1015.52,
85324,2,server2,24,895709,779.8,463,1.15615,1,0,185443,1036.25,1015.52,
53.83,2,server2,27,779.8,1170.3,463,1.15615,1,0,153949,1036.25,1015.52,
95241,2,server2,28,1014.17,779.8,463,1.15615,1,0,195.36,1036.25,1015.52,
62021,2,server2,29,1212.01,773.4,463,1.15615,1,0,162.14,1036.25,1015.52,
58173,2,server2,1,839475,770.2,464,1.16825,2,0,158297,606049,957397,
77265,2,server2,2,770.2,763599,464,1.16825,2,0,177389,606049,957397,
68078,2,server2,5,840362,770.2,464,1.16825,2,0,168202,606049,957397,
88597,2,server2,6,773.4,763599,464,1.16825,2,0,188721,606049,957397,
51652,2,server2,27,779.8,1201.01,464,1.16825,2,0,151776,606049,957397,
66264,2,server2,0,903297,779.8,466,1.07492,2,1,170392,696365,874632,
56849,2,server2,1,976747,770.2,466,1.07492,2,1,160977,696365,874632,
77265,2,server2,2,770.2,763599,466,1.07492,2,1,181393,696365,874632,
52944,2,server2,5,976957,770.2,466,1.07492,2,1,157072,696365,874632,
88597,2,server2,6,773.4,763599,466,1.07492,2,1,192725,696365,874632,
63332,2,server2,8,865908,776.6,466,1.07492,2,1,167.46,696365,874632,
68232,2,server2,9,977443,770.2,466,1.07492,2,1,172.36,696365,874632,
76394,2,server2,16,860763,776.6,466,1.07492,2,1,180522,696365,874632,
52228,2,server2,23,779.8,1161.52,466,1.07492,2,1,156356,696365,874632,
85324,2,server2,24,895709,779.8,466,1.07492,2,1,189452,696365,874632,
54136,2,server2,27,779.8,1162.61,466,1.07492,2,1,158264,696365,874632,
78.75,2,server2,29,977821,773.4,466,1.07492,2,1,182878,696365,874632,
66264,2,server2,0,903297,779.8,469,2.65925,2,1,182409,1019.19,1005.3,
103967,2,server2,4,1201.86,779.8,469,2.65925,2,1,220112,1019.19,1005.3,
103352,2,server2,6,773.4,834212,469,2.65925,2,1,219497,1019.19,1005.3,
63332,2,server2,8,865908,776.6,469,2.65925,2,1,179477,1019.19,1005.3,
63545,2,server2,9,1205.2,770.2,469,2.65925,2,1,179.69,1019.19,1005.3,
92096,2,server2,12,1104.08,779.8,469,2.65925,2,1,208241,1019.19,1005.3,
76394,2,server2,16,860763,776.6,469,2.65925,2,1,192539,1019.19,1005.3,
99052,2,server2,20,983173,779.8,469,2.65925,2,1,215197,1019.19,1005.3,
50512,2,server2,23,779.8,1185.25,469,2.65925,2,1,166657,1019.19,1005.3,
85324,2,server2,24,895709,779.8,469,2.65925,2,1,201469,1019.19,1005.3,
95241,2,server2,28,1014.17,779.8,469,2.65925,2,1,211386,1019.19,1005.3,
62033,2,server2,29,1208.98,773.4,469,2.65925,2,1,178178,1019.19,1005.3,
104872,2,server2,6,773.4,874601,470,0.705264,2,1,230023,679.95,1158.57,
103967,2,server2,4,1201.86,779.8,473,0.854064,2,1,213438,1296.21,544627,
86178,2,server2,8,1110.98,779.8,473,0.854064,2,1,195649,1296.21,544627,
105724,2,server2,12,1111.12,779.8,473,0.854064,2,1,215195,1296.21,544627,
73857,2,server2,0,981399,779.8,474,1.02945,2,1,183329,1124.28,1043.41,
103967,2,server2,4,1201.86,779.8,474,1.02945,2,1,213439,1124.28,1043.41,
76569,2,server2,8,987642,776.6,474,1.02945,2,1,186041,1124.28,1043.41,
60168,2,server2,9,1244.13,770.2,474,1.02945,2,1,169.64,1124.28,1043.41,
92096,2,server2,12,1104.08,779.8,474,1.02945,2,1,201568,1124.28,1043.41,
93391,2,server2,16,988606,776.6,474,1.02945,2,1,202863,1124.28,1043.41,
99052,2,server2,20,983173,779.8,474,1.02945,2,1,208524,1124.28,1043.41,
98.18,2,server2,24,981948,779.8,474,1.02945,2,1,207652,1124.28,1043.41,
95241,2,server2,28,1014.17,779.8,474,1.02945,2,1,204713,1124.28,1043.41,
58045,2,server2,29,1248.07,770.2,474,1.02945,2,1,167517,1124.28,1043.41,
103235,2,server2,6,773.4,809245,475,0.466549,1,2,272825,672161,1091.15,
66264,2,server2,0,903297,779.8,477,0.799702,2,1,181927,1034.95,786391,
77265,2,server2,2,770.2,763599,477,0.799702,2,1,192928,1034.95,786391,
59336,2,server2,3,779.8,943781,477,0.799702,2,1,174999,1034.95,786391,
103967,2,server2,4,1201.86,779.8,477,0.799702,2,1,219.63,1034.95,786391,
88597,2,server2,6,773.4,763599,477,0.799702,2,1,204.26,1034.95,786391,
63332,2,server2,8,865908,776.6,477,0.799702,2,1,178995,1034.95,786391,
92188,2,server2,11,779.8,943981,477,0.799702,2,1,207851,1034.95,786391,
92096,2,server2,12,1104.08,779.8,477,0.799702,2,1,207759,1034.95,786391,
64267,2,server2,15,779.8,943726,477,0.799702,2,1,179.93,1034.95,786391,
76394,2,server2,16,860763,776.6,477,0.799702,2,1,192057,1034.95,786391,
64919,2,server2,19,776.6,937736,477,0.799702,2,1,180582,1034.95,786391,
99052,2,server2,20,983173,779.8,477,0.799702,2,1,214715,1034.95,786391,
68143,2,server2,23,779.8,943907,477,0.799702,2,1,183806,1034.95,786391,
85324,2,server2,24,895709,779.8,477,0.799702,2,1,200987,1034.95,786391,
69021,2,server2,27,776.6,938479,477,0.799702,2,1,184684,1034.95,786391,
95241,2,server2,28,1014.17,779.8,477,0.799702,2,1,210904,1034.95,786391,
52.37,2,server2,29,1327.03,770.2,477,0.799702,2,1,168033,1034.95,786391,
72158,2,server2,0,931.17,779.8,478,1.85867,2,1,187835,1137.87,997072,
103967,2,server2,4,1201.86,779.8,478,1.85867,2,1,219644,1137.87,997072,
74154,2,server2,8,934983,776.6,478,1.85867,2,1,189831,1137.87,997072,
92096,2,server2,12,1104.08,779.8,478,1.85867,2,1,207773,1137.87,997072,
92825,2,server2,16,934709,776.6,478,1.85867,2,1,208502,1137.87,997072,
99052,2,server2,20,983173,779.8,478,1.85867,2,1,214729,1137.87,997072,
93445,2,server2,24,932029,779.8,478,1.85867,2,1,209122,1137.87,997072,
95241,2,server2,28,1014.17,779.8,478,1.85867,2,1,210918,1137.87,997072,
52.37,2,server2,29,1327.03,770.2,478,1.85867,2,1,168047,1137.87,997072,
78233,2,server2,0,998.13,779.8,479,0.944498,2,1,185912,1230.07,969754,
103967,2,server2,4,1201.86,779.8,479,0.944498,2,1,211646,1230.07,969754,
76.57,2,server2,8,1000.8,776.6,479,0.944498,2,1,184249,1230.07,969754,
92096,2,server2,12,1104.08,779.8,479,0.944498,2,1,199775,1230.07,969754,
93393,2,server2,16,1000.57,776.6,479,0.944498,2,1,201072,1230.07,969754,
52488,2,server2,21,1453.3,770.2,479,0.944498,2,1,160167,1230.07,969754,
100038,2,server2,24,998597,779.8,479,0.944498,2,1,207717,1230.07,969754,
95241,2,server2,28,1014.17,779.8,479,0.944498,2,1,202.92,1230.07,969754,
66264,2,server2,0,903297,779.8,480,0.433825,2,1,175947,1026.09,1042.56,
104873,2,server2,6,773.4,881566,480,0.433825,2,1,214556,1026.09,1042.56,
69344,2,server2,8,887286,776.6,480,0.433825,2,1,179027,1026.09,1042.56,
66.13,2,server2,9,1150.92,770.2,480,0.433825,2,1,175813,1026.09,1042.56,
92096,2,server2,12,1104.08,779.8,480,0.433825,2,1,201779,1026.09,1042.56,
52277,2,server2,13,1151.49,770.2,480,0.433825,2,1,161.96,1026.09,1042.56,
87251,2,server2,16,887636,776.6,480,0.433825,2,1,196934,1026.09,1042.56,
99052,2,server2,20,983173,779.8,480,0.433825,2,1,208735,1026.09,1042.56,
85324,2,server2,24,895709,779.8,480,0.433825,2,1,195007,1026.09,1042.56,
50807,2,server2,27,779.8,1213.29,480,0.433825,2,1,160.49,1026.09,1042.56,
95241,2,server2,28,1014.17,779.8,480,0.433825,2,1,204924,1026.09,1042.56,
64144,2,server2,29,1157.42,773.4,480,0.433825,2,1,173827,1026.09,1042.56,
66264,2,server2,0,903297,779.8,481,0.444224,2,1,175947,793688,841285,
77265,2,server2,2,770.2,763599,481,0.444224,2,1,186948,793688,841285,
88597,2,server2,6,773.4,763599,481,0.444224,2,1,198.28,793688,841285,
63332,2,server2,8,865908,776.6,481,0.444224,2,1,173015,793688,841285,
67144,2,server2,9,1084.83,770.2,481,0.444224,2,1,176827,793688,841285,
74879,2,server2,13,1084.98,770.2,481,0.444224,2,1,184562,793688,841285,
76394,2,server2,16,860763,776.6,481,0.444224,2,1,186077,793688,841285,
99052,2,server2,20,983173,779.8,481,0.444224,2,1,208735,793688,841285,
53937,2,server2,23,779.8,1140.6,481,0.444224,2,1,163.62,793688,841285,
85324,2,server2,24,895709,779.8,481,0.444224,2,1,195007,793688,841285,
55836,2,server2,27,779.8,1139.91,481,0.444224,2,1,165519,793688,841285,
95241,2,server2,28,1014.17,779.8,481,0.444224,2,1,204924,793688,841285,
73492,2,server2,29,1084.63,773.4,481,0.444224,2,1,183175,793688,841285,
66264,2,server2,0,903297,779.8,482,0.674292,2,1,181951,894354,654023,
77265,2,server2,2,770.2,763599,482,0.674292,2,1,192952,894354,654023,
97163,2,server2,3,779.8,930476,482,0.674292,2,1,212.85,894354,654023,
88597,2,server2,6,773.4,763599,482,0.674292,2,1,204284,894354,654023,
63332,2,server2,8,865908,776.6,482,0.674292,2,1,179019,894354,654023,
65634,2,server2,9,1169.8,770.2,482,0.674292,2,1,181321,894354,654023,
92267,2,server2,11,779.8,930887,482,0.674292,2,1,207954,894354,654023,
92096,2,server2,12,1104.08,779.8,482,0.674292,2,1,207783,894354,654023,
51898,2,server2,13,1170.49,770.2,482,0.674292,2,1,167585,894354,654023,
66718,2,server2,15,779.8,930897,482,0.674292,2,1,182405,894354,654023,
76394,2,server2,16,860763,776.6,482,0.674292,2,1,192081,894354,654023,
65216,2,server2,19,776.6,928844,482,0.674292,2,1,180903,894354,654023,
99052,2,server2,20,983173,779.8,482,0.674292,2,1,214739,894354,654023,
71078,2,server2,23,779.8,929961,482,0.674292,2,1,186765,894354,654023,
85324,2,server2,24,895709,779.8,482,0.674292,2,1,201011,894354,654023,
69562,2,server2,27,776.6,929262,482,0.674292,2,1,185249,894354,654023,
95241,2,server2,28,1014.17,779.8,482,0.674292,2,1,210928,894354,654023,
64072,2,server2,29,1169.56,773.4,482,0.674292,2,1,179759,894354,654023,
66264,2,server2,0,903297,779.8,483,1.3235,2,1,181951,807953,665511,
77265,2,server2,2,770.2,763599,483,1.3235,2,1,192952,807953,665511,
55885,2,server2,3,779.8,963123,483,1.3235,2,1,171572,807953,665511,
88597,2,server2,6,773.4,763599,483,1.3235,2,1,204284,807953,665511,
63332,2,server2,8,865908,776.6,483,1.3235,2,1,179019,807953,665511,
67084,2,server2,9,1088.38,770.2,483,1.3235,2,1,182771,807953,665511,
61541,2,server2,11,779.8,963.62,483,1.3235,2,1,177228,807953,665511,
74834,2,server2,13,1088.16,770.2,483,1.3235,2,1,190521,807953,665511,
61711,2,server2,15,779.8,962971,483,1.3235,2,1,177398,807953,665511,
76394,2,server2,16,860763,776.6,483,1.3235,2,1,192081,807953,665511,
64544,2,server2,19,776.6,962949,483,1.3235,2,1,180231,807953,665511,
99052,2,server2,20,983173,779.8,483,1.3235,2,1,214739,807953,665511,
66465,2,server2,23,779.8,963435,483,1.3235,2,1,182152,807953,665511,
85324,2,server2,24,895709,779.8,483,1.3235,2,1,201011,807953,665511,
68039,2,server2,27,776.6,963065,483,1.3235,2,1,183726,807953,665511,
95241,2,server2,28,1014.17,779.8,483,1.3235,2,1,210928,807953,665511,
73451,2,server2,29,1087.66,773.4,483,1.3235,2,1,189138,807953,665511,
66264,2,server2,0,903297,779.8,484,1.00035,1,2,214957,1026.35,803385,
77265,2,server2,2,770.2,763599,484,1.00035,1,2,225958,1026.35,803385,
52977,2,server2,3,779.8,974002,484,1.00035,1,2,201.67,1026.35,803385,
103967,2,server2,4,1201.86,779.8,484,1.00035,1,2,252.66,1026.35,803385,
88597,2,server2,6,773.4,763599,484,1.00035,1,2,237.29,1026.35,803385,
63332,2,server2,8,865908,776.6,484,1.00035,1,2,212025,1026.35,803385,
60056,2,server2,11,779.8,974098,484,1.00035,1,2,208749,1026.35,803385,
92096,2,server2,12,1104.08,779.8,484,1.00035,1,2,240789,1026.35,803385,
61253,2,server2,15,779.8,973234,484,1.00035,1,2,209946,1026.35,803385,
76394,2,server2,16,860763,776.6,484,1.00035,1,2,225087,1026.35,803385,
64526,2,server2,19,776.6,968886,484,1.00035,1,2,213219,1026.35,803385,
99052,2,server2,20,983173,779.8,484,1.00035,1,2,247745,1026.35,803385,
65.77,2,server2,23,779.8,973211,484,1.00035,1,2,214463,1026.35,803385,
85324,2,server2,24,895709,779.8,484,1.00035,1,2,234017,1026.35,803385,
67857,2,server2,27,776.6,969212,484,1.00035,1,2,216.55,1026.35,803385,
95241,2,server2,28,1014.17,779.8,484,1.00035,1,2,243934,1026.35,803385,
52.37,2,server2,29,1323.99,770.2,484,1.00035,1,2,201063,1026.35,803385,
66264,2,server2,0,903297,779.8,485,1.67901,2,0,163009,807597,1055.5,
57021,2,server2,1,900333,770.2,485,1.67901,2,0,153766,807597,1055.5,
77265,2,server2,2,770.2,763599,485,1.67901,2,0,174.01,807597,1055.5,
88597,2,server2,6,773.4,763599,485,1.67901,2,0,185342,807597,1055.5,
63332,2,server2,8,865908,776.6,485,1.67901,2,0,160077,807597,1055.5,
86039,2,server2,9,899534,770.2,485,1.67901,2,0,182784,807597,1055.5,
76394,2,server2,16,860763,776.6,485,1.67901,2,0,173139,807597,1055.5,
85324,2,server2,24,895709,779.8,485,1.67901,2,0,182069,807597,1055.5,
89395,2,server2,29,908911,773.4,485,1.67901,2,0,186.14,807597,1055.5,
66264,2,server2,0,903297,779.8,486,1.82983,2,0,163009,809073,997815,
56701,2,server2,1,1003.96,770.2,486,1.82983,2,0,153446,809073,997815,
77265,2,server2,2,770.2,763599,486,1.82983,2,0,174.01,809073,997815,
88597,2,server2,6,773.4,763599,486,1.82983,2,0,185342,809073,997815,
63332,2,server2,8,865908,776.6,486,1.82983,2,0,160077,809073,997815,
68225,2,server2,9,1003.41,770.2,486,1.82983,2,0,164.97,809073,997815,
76394,2,server2,16,860763,776.6,486,1.82983,2,0,173139,809073,997815,
85324,2,server2,24,895709,779.8,486,1.82983,2,0,182069,809073,997815,
95241,2,server2,28,1014.17,779.8,486,1.82983,2,0,191986,809073,997815,
78573,2,server2,29,1007.76,773.4,486,1.82983,2,0,175318,809073,997815,
104835,2,server2,6,773.4,864.85,488,0.968973,2,1,215179,519272,1023.31,
51509,2,server2,23,779.8,1171.28,488,0.968973,2,1,161853,519272,1023.31,
53797,2,server2,27,779.8,1171.84,488,0.968973,2,1,164141,519272,1023.31,
66264,2,server2,0,903297,779.8,489,0.612478,2,0,163624,787.83,978577,
56702,2,server2,1,1002.66,770.2,489,0.612478,2,0,154062,787.83,978577,
77265,2,server2,2,770.2,763599,489,0.612478,2,0,174625,787.83,978577,
88597,2,server2,6,773.4,763599,489,0.612478,2,0,185957,787.83,978577,
63332,2,server2,8,865908,776.6,489,0.612478,2,0,160692,787.83,978577,
68225,2,server2,9,1003.41,770.2,489,0.612478,2,0,165585,787.83,978577,
76394,2,server2,16,860763,776.6,489,0.612478,2,0,173754,787.83,978577,
51111,2,server2,23,779.8,1176.87,489,1.28942,2,1,167.31,498167,1073.61,
85324,2,server2,24,895709,779.8,489,0.612478,2,0,182684,787.83,978577,
78573,2,server2,29,1006.37,773.4,489,0.612478,2,0,175933,787.83,978577,
66264,2,server2,0,903297,779.8,490,1.18056,2,0,163624,817388,995289,
56696,2,server2,1,1015.62,770.2,490,1.18056,2,0,154056,817388,995289,
77265,2,server2,2,770.2,763599,490,1.18056,2,0,174625,817388,995289,
88597,2,server2,6,773.4,763599,490,1.18056,2,0,185957,817388,995289,
63332,2,server2,8,865908,776.6,490,1.18056,2,0,160692,817388,995289,
68225,2,server2,9,1015.21,770.2,490,1.18056,2,0,165585,817388,995289,
76394,2,server2,16,860763,776.6,490,1.18056,2,0,173754,817388,995289,
85324,2,server2,24,895709,779.8,490,1.18056,2,0,182684,817388,995289,
95241,2,server2,28,1014.17,779.8,490,1.18056,2,0,192601,817388,995289,
78539,2,server2,29,1018.97,773.4,490,1.18056,2,0,175899,817388,995289,
61069,2,server2,1,812293,770.2,492,0.771094,2,1,170521,558514,928945,
77265,2,server2,2,770.2,763599,492,0.771094,2,1,186717,558514,928945,
88597,2,server2,6,773.4,763599,492,0.771094,2,1,198049,558514,928945,
54523,2,server2,23,779.8,1130.84,492,0.771094,2,1,163975,558514,928945,
56234,2,server2,27,779.8,1130.99,492,0.771094,2,1,165686,558514,928945,
66264,2,server2,0,903297,779.8,493,1.07924,2,1,183787,1066.71,1016.08,
103967,2,server2,4,1201.86,779.8,493,1.07924,2,1,221.49,1066.71,1016.08,
69344,2,server2,8,887286,776.6,493,1.07924,2,1,186867,1066.71,1016.08,
60216,2,server2,9,1238.24,770.2,493,1.07924,2,1,177739,1066.71,1016.08,
92096,2,server2,12,1104.08,779.8,493,1.07924,2,1,209619,1066.71,1016.08,
51029,2,server2,15,779.8,1102.87,493,1.07924,2,1,168552,1066.71,1016.08,
87216,2,server2,16,886225,776.6,493,1.07924,2,1,204739,1066.71,1016.08,
51919,2,server2,19,776.6,1091.97,493,1.07924,2,1,169442,1066.71,1016.08,
99052,2,server2,20,983173,779.8,493,1.07924,2,1,216575,1066.71,1016.08,
56442,2,server2,23,779.8,1102.95,493,1.07924,2,1,173965,1066.71,1016.08,
85324,2,server2,24,895709,779.8,493,1.07924,2,1,202847,1066.71,1016.08,
58146,2,server2,27,779.8,1103.17,493,1.07924,2,1,175669,1066.71,1016.08,
95241,2,server2,28,1014.17,779.8,493,1.07924,2,1,212764,1066.71,1016.08,
58121,2,server2,29,1238.19,770.2,493,1.07924,2,1,175644,1066.71,1016.08,
97134,2,server2,3,779.8,931683,497,0.711197,2,2,271266,482863,889.81,
103236,2,server2,6,773.4,816101,497,0.711197,2,2,277368,482863,889.81,
92266,2,server2,11,779.8,932194,497,0.711197,2,2,266398,482863,889.81,
64.58,2,server2,19,776.6,949612,497,0.711197,2,2,238712,482863,889.81,
51718,2,server2,21,1455.82,770.2,497,0.473539,2,2,215991,1455.02,516867,
70592,2,server2,23,779.8,931362,497,0.711197,2,2,244724,482863,889.81,
68592,2,server2,27,776.6,950761,497,0.711197,2,2,242724,482863,889.81,
103967,2,server2,4,1201.86,779.8,498,0.401744,2,1,230309,1387.97,740007,
103967,2,server2,4,1201.86,779.8,498,1.67009,2,2,231154,1232.49,481992,
85348,2,server2,8,1091.25,779.8,498,0.401744,2,1,211.69,1387.97,740007,
92096,2,server2,12,1104.08,779.8,498,0.401744,2,1,218438,1387.97,740007,
102496,2,server2,16,1090.31,776.6,498,0.401744,2,1,228838,1387.97,740007,
51718,2,server2,21,1455.82,770.2,498,0.401744,2,1,178.06,1387.97,740007,
52376,2,server2,29,1314.88,770.2,498,1.67009,2,2,179563,1232.49,481992,
93.1,2,server2,0,1032.99,779.8,499,0.416687,2,1,219442,1304.61,906989,
103967,2,server2,4,1201.86,779.8,499,0.416687,2,1,230309,1304.61,906989,
77533,2,server2,8,1033.69,779.8,499,0.416687,2,1,203875,1304.61,906989,
92096,2,server2,12,1104.08,779.8,499,0.416687,2,1,218438,1304.61,906989,
100636,2,server2,16,1034.98,776.6,499,0.416687,2,1,226978,1304.61,906989,
51718,2,server2,21,1455.82,770.2,499,0.416687,2,1,178.06,1304.61,906989,
105324,2,server2,24,1033.38,779.8,499,0.416687,2,1,231666,1304.61,906989,
104342,2,server2,6,773.4,856511,500,0.737622,2,2,240738,715994,1149.69,
51718,2,server2,21,1455.82,770.2,501,1.17356,2,2,210121,1519.94,858.04,
51718,2,server2,21,1455.82,770.2,502,1.4209,2,2,210121,1577.61,842945,
103234,2,server2,6,773.4,806617,505,0.543983,2,2,244733,848308,1096.78,
50546,2,server2,11,779.8,1050.08,505,0.543983,2,2,192045,848308,1096.78,
50501,2,server2,23,779.8,1186.65,505,0.543983,2,2,192,848308,1096.78,
50529,2,server2,9,1263,770.2,506,0.883026,2,2,197051,1492.27,903543,
51718,2,server2,21,1455.82,770.2,506,0.883026,2,2,198.24,1492.27,903543,
52.37,2,server2,29,1327.03,770.2,506,0.883026,2,2,198892,1492.27,903543,
103967,2,server2,4,1201.86,779.8,507,0.9769,2,2,250.49,1475.61,730.76,
50529,2,server2,9,1263,770.2,507,0.9769,2,2,197052,1475.61,730.76,
51718,2,server2,21,1455.82,770.2,507,0.9769,2,2,198241,1475.61,730.76,
52.37,2,server2,29,1327.03,770.2,507,0.9769,2,2,198893,1475.61,730.76,
69682,2,server2,0,913053,779.8,508,0.862459,1,0,167284,1154.53,602756,
50621,2,server2,1,1058.39,770.2,508,0.862459,1,0,148223,1154.53,602756,
50607,2,server2,5,986433,770.2,508,0.862459,1,0,148209,1154.53,602756,
72936,2,server2,8,910315,776.6,508,0.862459,1,0,170538,1154.53,602756,
50614,2,server2,9,1263,770.2,508,0.862459,1,0,148216,1154.53,602756,
92096,2,server2,12,1104.08,779.8,508,0.862459,1,0,189698,1154.53,602756,
90194,2,server2,16,910772,776.6,508,0.862459,1,0,187796,1154.53,602756,
76978,2,server2,21,1402.86,770.2,508,0.862459,1,0,174.58,1154.53,602756,
90325,2,server2,24,912369,779.8,508,0.862459,1,0,187927,1154.53,602756,
95241,2,server2,28,1014.17,779.8,508,0.862459,1,0,192843,1154.53,602756,
52.37,2,server2,29,1327.03,770.2,508,0.862459,1,0,149972,1154.53,602756,
78256,2,server2,0,1002.31,779.8,509,0.890687,2,2,231235,1148.33,518518,
50986,2,server2,1,1058.39,770.2,509,0.890687,2,2,203965,1148.33,518518,
103967,2,server2,4,1201.86,779.8,509,0.890687,2,2,256946,1148.33,518518,
76.57,2,server2,8,995856,776.6,509,0.890687,2,2,229549,1148.33,518518,
50979,2,server2,9,1261.83,770.2,509,0.890687,2,2,203958,1148.33,518518,
92096,2,server2,12,1104.08,779.8,509,0.890687,2,2,245075,1148.33,518518,
50983,2,server2,13,1185.26,770.2,509,0.890687,2,2,203962,1148.33,518518,
93392,2,server2,16,996083,776.6,509,0.890687,2,2,246371,1148.33,518518,
100064,2,server2,24,1001.62,779.8,509,0.890687,2,2,253043,1148.33,518518,
95241,2,server2,28,1014.17,779.8,509,0.890687,2,2,248.22,1148.33,518518,
52382,2,server2,29,1310.33,770.2,509,0.890687,2,2,205361,1148.33,518518,
101017,2,server2,1,774751,770.2,510,0.417013,2,2,254139,551566,970434,
106151,2,server2,2,770.2,765131,510,0.417013,2,2,259273,551566,970434,
51.13,2,server2,3,779.8,978823,510,0.417013,2,2,204252,551566,970434,
102596,2,server2,6,773.4,768631,510,0.417013,2,2,255718,551566,970434,
51124,2,server2,11,779.8,1038.28,510,0.417013,2,2,204246,551566,970434,
51144,2,server2,15,779.8,1100.3,510,0.417013,2,2,204266,551566,970434,
51123,2,server2,19,776.6,1120.12,510,0.417013,2,2,204245,551566,970434,
54042,2,server2,27,779.8,1164.14,510,0.417013,2,2,207164,551566,970434,
51145,2,server2,3,779.8,978823,511,0.631876,1,1,187284,906315,1086.69,
103237,2,server2,6,773.4,818883,511,0.631876,1,1,239376,906315,1086.69,
51144,2,server2,15,779.8,1100.3,511,0.631876,1,1,187283,906315,1086.69,
51142,2,server2,19,776.6,1120.12,511,0.631876,1,1,187281,906315,1086.69,
51139,2,server2,23,779.8,1176.87,511,0.631876,1,1,187278,906315,1086.69,
51141,2,server2,27,779.8,1210.22,511,0.631876,1,1,187.28,906315,1086.69,
51188,2,server2,23,779.8,1176.87,512,0.74372,2,2,199376,599961,1397.22,
51191,2,server2,27,779.8,1210.22,512,0.74372,2,2,199379,599961,1397.22,
51191,2,server2,27,779.8,1210.22,512,2.23944,2,2,199381,998846,1414.31,
51359,2,server2,23,779.8,1174.08,513,0.619363,2,2,197713,597239,1378.29,
51356,2,server2,27,779.8,1208.68,513,0.619363,2,2,197.71,597239,1378.29,
76665,2,server2,1,794155,770.2,514,0.742087,2,2,223019,546232,937.33,
77265,2,server2,2,770.2,763599,514,0.742087,2,2,223619,546232,937.33,
51355,2,server2,3,779.8,978823,514,0.742087,2,2,197709,546232,937.33,
88597,2,server2,6,773.4,763599,514,0.742087,2,2,234951,546232,937.33,
51359,2,server2,11,779.8,1034.35,514,0.742087,2,2,197713,546232,937.33,
51354,2,server2,19,776.6,1105.32,514,0.742087,2,2,197708,546232,937.33,
54.84,2,server2,23,779.8,1125.27,514,0.742087,2,2,201194,546232,937.33,
57561,2,server2,27,779.8,1114.8,514,0.742087,2,2,203915,546232,937.33,
51448,2,server2,23,779.8,1172.68,516,0.585164,2,2,225894,794715,1455.28,
103967,2,server2,4,1201.86,779.8,517,0.634059,2,2,272685,1386.11,860.3,
85932,2,server2,8,1097.82,779.8,517,0.634059,2,2,254.65,1386.11,860.3,
51735,2,server2,9,1261.83,770.2,517,0.634059,2,2,220453,1386.11,860.3,
92096,2,server2,12,1104.08,779.8,517,0.634059,2,2,260814,1386.11,860.3,
51729,2,server2,13,1185.26,770.2,517,0.634059,2,2,220447,1386.11,860.3,
102.5,2,server2,16,1099.3,776.6,517,0.634059,2,2,271218,1386.11,860.3,
52.37,2,server2,29,1327.03,770.2,517,0.634059,2,2,221088,1386.11,860.3,
51853,2,server2,21,1455.82,770.2,518,1.89374,2,1,182693,1417.87,1045.84,
52.37,2,server2,29,1327.03,770.2,518,1.89374,2,1,183.21,1417.87,1045.84,
66264,2,server2,0,903297,779.8,519,2.00655,2,1,197104,1117.38,901597,
51841,2,server2,1,1058.39,770.2,519,2.00655,2,1,182681,1117.38,901597,
103967,2,server2,4,1201.86,779.8,519,2.00655,2,1,234807,1117.38,901597,
51844,2,server2,5,981012,770.2,519,2.00655,2,1,182684,1117.38,901597,
63332,2,server2,8,865908,776.6,519,2.00655,2,1,194172,1117.38,901597,
51865,2,server2,9,1261.83,770.2,519,2.00655,2,1,182705,1117.38,901597,
92096,2,server2,12,1104.08,779.8,519,2.00655,2,1,222936,1117.38,901597,
76394,2,server2,16,860763,776.6,519,2.00655,2,1,207234,1117.38,901597,
99052,2,server2,20,983173,779.8,519,2.00655,2,1,229892,1117.38,901597,
83734,2,server2,21,1386.48,770.2,519,2.00655,2,1,214574,1117.38,901597,
85324,2,server2,24,895709,779.8,519,2.00655,2,1,216164,1117.38,901597,
95241,2,server2,28,1014.17,779.8,519,2.00655,2,1,226081,1117.38,901597,
52.37,2,server2,29,1327.03,770.2,519,2.00655,2,1,183.21,1117.38,901597,
52.07,2,server2,9,1261.83,770.2,520,1.57783,2,2,198128,1417.47,1010.85,
52058,2,server2,21,1454.55,770.2,520,1.57783,2,2,198116,1417.47,1010.85,
52.37,2,server2,29,1327.03,770.2,520,1.57783,2,2,198428,1417.47,1010.85,
78233,2,server2,0,1000.92,779.8,521,1.95303,1,2,224293,1121.73,505789,
52066,2,server2,1,1058.39,770.2,521,1.95303,1,2,198126,1121.73,505789,
103967,2,server2,4,1201.86,779.8,521,1.95303,1,2,250027,1121.73,505789,
76569,2,server2,8,994213,776.6,521,1.95303,1,2,222629,1121.73,505789,
52.07,2,server2,9,1261.83,770.2,521,1.95303,1,2,198.13,1121.73,505789,
92096,2,server2,12,1104.08,779.8,521,1.95303,1,2,238156,1121.73,505789,
93392,2,server2,16,993099,776.6,521,1.95303,1,2,239452,1121.73,505789,
100064,2,server2,24,1000.11,779.8,521,1.95303,1,2,246124,1121.73,505789,
95241,2,server2,28,1014.17,779.8,521,1.95303,1,2,241301,1121.73,505789,
57.26,2,server2,29,1262.41,770.2,521,1.95303,1,2,203.32,1121.73,505789,
66264,2,server2,0,903297,779.8,522,0.734708,2,2,243396,649148,828621,
56.89,2,server2,1,943075,770.2,522,0.734708,2,2,234022,649148,828621,
77265,2,server2,2,770.2,763599,522,0.734708,2,2,254397,649148,828621,
52137,2,server2,3,779.8,977615,522,0.734708,2,2,229269,649148,828621,
55.05,2,server2,5,943155,770.2,522,0.734708,2,2,232182,649148,828621,
88597,2,server2,6,773.4,763599,522,0.734708,2,2,265729,649148,828621,
63332,2,server2,8,865908,776.6,522,0.734708,2,2,240464,649148,828621,
68447,2,server2,9,943199,770.2,522,0.734708,2,2,245579,649148,828621,
52152,2,server2,15,779.8,1088.76,522,0.734708,2,2,229284,649148,828621,
76394,2,server2,16,860763,776.6,522,0.734708,2,2,253526,649148,828621,
52.15,2,server2,19,776.6,1087.53,522,0.734708,2,2,229282,649148,828621,
56883,2,server2,23,779.8,1097.36,522,0.734708,2,2,234015,649148,828621,
85324,2,server2,24,895709,779.8,522,0.734708,2,2,262456,649148,828621,
58532,2,server2,27,779.8,1097.38,522,0.734708,2,2,235664,649148,828621,
83264,2,server2,29,943646,773.4,522,0.734708,2,2,260396,649148,828621,
52137,2,server2,3,779.8,977615,523,1.94197,1,2,229269,984.49,1131.73,
52152,2,server2,15,779.8,1088.76,523,1.94197,1,2,229284,984.49,1131.73,
52.15,2,server2,19,776.6,1087.53,523,1.94197,1,2,229282,984.49,1131.73,
52133,2,server2,23,779.8,1167.09,523,1.94197,1,2,229265,984.49,1131.73,
52136,2,server2,27,779.8,1194.88,523,1.94197,1,2,229268,984.49,1131.73,
52166,2,server2,27,779.8,1193.34,524,0.757647,2,0,159329,649093,1382.86,
52167,2,server2,3,779.8,977615,525,0.807037,1,0,159.33,1003.18,1095.79,
105058,2,server2,6,773.4,903849,525,0.807037,1,0,212221,1003.18,1095.79,
52167,2,server2,11,779.8,1023.89,525,0.807037,1,0,159.33,1003.18,1095.79,
52167,2,server2,15,779.8,1087.48,525,0.807037,1,0,159.33,1003.18,1095.79,
52.17,2,server2,19,776.6,1087.53,525,0.807037,1,0,159333,1003.18,1095.79,
52166,2,server2,27,779.8,1193.34,525,0.807037,1,0,159329,1003.18,1095.79,
52197,2,server2,3,779.8,977615,526,0.421455,2,2,229387,848653,1171.38,
104873,2,server2,6,773.4,881566,526,0.421455,2,2,282063,848653,1171.38,
52191,2,server2,11,779.8,1023.89,526,0.421455,2,2,229381,848653,1171.38,
52192,2,server2,15,779.8,1087.48,526,0.421455,2,2,229382,848653,1171.38,
52228,2,server2,23,779.8,1162.91,526,0.421455,2,2,229418,848653,1171.38,
52191,2,server2,27,779.8,1193.34,526,0.421455,2,2,229381,848653,1171.38,
52228,2,server2,23,779.8,1162.91,527,0.44521,2,1,167453,561135,1298.21,
52226,2,server2,27,779.8,1193.34,527,0.44521,2,1,167451,561135,1298.21,
52227,2,server2,3,779.8,977615,528,1.64005,2,1,167452,497569,1076.61,
52227,2,server2,11,779.8,1022.57,528,1.64005,2,1,167452,497569,1076.61,
52225,2,server2,19,776.6,1086.04,528,1.64005,2,1,167.45,497569,1076.61,
52228,2,server2,23,779.8,1162.91,528,1.64005,2,1,167453,497569,1076.61,
53201,2,server2,27,779.8,1177.99,528,1.64005,2,1,168426,497569,1076.61,
77357,2,server2,0,989772,779.8,529,1.82631,1,2,244596,1278.09,697529,
52241,2,server2,1,1058.39,770.2,529,1.82631,1,2,219.48,1278.09,697529,
103967,2,server2,4,1201.86,779.8,529,1.82631,1,2,271206,1278.09,697529,
76569,2,server2,8,989282,776.6,529,1.82631,1,2,243808,1278.09,697529,
52255,2,server2,9,1261.83,770.2,529,1.82631,1,2,219494,1278.09,697529,
92096,2,server2,12,1104.08,779.8,529,1.82631,1,2,259335,1278.09,697529,
93392,2,server2,16,990105,776.6,529,1.82631,1,2,260631,1278.09,697529,
52243,2,server2,21,1454.55,770.2,529,1.82631,1,2,219482,1278.09,697529,
98913,2,server2,24,991042,779.8,529,1.82631,1,2,266152,1278.09,697529,
95241,2,server2,28,1014.17,779.8,529,1.82631,1,2,262.48,1278.09,697529,
52.37,2,server2,29,1327.03,770.2,529,1.82631,1,2,219609,1278.09,697529,
52317,2,server2,3,779.8,977615,530,0.545719,2,2,229627,932.62,1217.9,
52311,2,server2,11,779.8,1022.57,530,0.545719,2,2,229621,932.62,1217.9,
52314,2,server2,15,779.8,1084.91,530,0.545719,2,2,229624,932.62,1217.9,
52345,2,server2,23,779.8,1161.52,530,0.545719,2,2,229655,932.62,1217.9,
52317,2,server2,27,779.8,1193.34,530,0.545719,2,2,229627,932.62,1217.9,
66264,2,server2,0,903297,779.8,531,0.438656,2,2,217581,921346,960356,
52331,2,server2,1,1058.39,770.2,531,0.438656,2,2,203648,921346,960356,
77265,2,server2,2,770.2,763599,531,0.438656,2,2,228582,921346,960356,
52332,2,server2,3,779.8,977615,531,0.438656,2,2,203649,921346,960356,
52344,2,server2,5,979663,770.2,531,0.438656,2,2,203661,921346,960356,
88597,2,server2,6,773.4,763599,531,0.438656,2,2,239914,921346,960356,
63332,2,server2,8,865908,776.6,531,0.438656,2,2,214649,921346,960356,
66.13,2,server2,9,1153.29,770.2,531,0.438656,2,2,217447,921346,960356,
52318,2,server2,11,779.8,1021.26,531,0.438656,2,2,203635,921346,960356,
92096,2,server2,12,1104.08,779.8,531,0.438656,2,2,243413,921346,960356,
52336,2,server2,13,1149.38,770.2,531,0.438656,2,2,203653,921346,960356,
52.32,2,server2,15,779.8,1083.63,531,0.438656,2,2,203637,921346,960356,
76394,2,server2,16,860763,776.6,531,0.438656,2,2,227711,921346,960356,
52325,2,server2,19,776.6,1086.04,531,0.438656,2,2,203642,921346,960356,
99052,2,server2,20,983173,779.8,531,0.438656,2,2,250369,921346,960356,
52345,2,server2,23,779.8,1161.52,531,0.438656,2,2,203662,921346,960356,
85324,2,server2,24,895709,779.8,531,0.438656,2,2,236641,921346,960356,
95241,2,server2,28,1014.17,779.8,531,0.438656,2,2,246558,921346,960356,
64154,2,server2,29,1155.91,773.4,531,0.438656,2,2,215471,921346,960356,
66264,2,server2,0,903297,779.8,532,1.48613,2,1,174634,1111.24,939843,
52401,2,server2,1,1058.39,770.2,532,1.48613,2,1,160771,1111.24,939843,
103967,2,server2,4,1201.86,779.8,532,1.48613,2,1,212337,1111.24,939843,
52389,2,server2,5,978305,770.2,532,1.48613,2,1,160759,1111.24,939843,
63332,2,server2,8,865908,776.6,532,1.48613,2,1,171702,1111.24,939843,
52.38,2,server2,9,1261.83,770.2,532,1.48613,2,1,160.75,1111.24,939843,
92096,2,server2,12,1104.08,779.8,532,1.48613,2,1,200466,1111.24,939843,
52381,2,server2,13,1149.38,770.2,532,1.48613,2,1,160751,1111.24,939843,
76394,2,server2,16,860763,776.6,532,1.48613,2,1,184764,1111.24,939843,
99052,2,server2,20,983173,779.8,532,1.48613,2,1,207422,1111.24,939843,
101693,2,server2,21,1357.49,770.2,532,1.48613,2,1,210063,1111.24,939843,
85324,2,server2,24,895709,779.8,532,1.48613,2,1,193694,1111.24,939843,
95241,2,server2,28,1014.17,779.8,532,1.48613,2,1,203611,1111.24,939843,
52388,2,server2,21,1454.55,770.2,533,1.75826,2,1,160763,1597.18,640779,
52388,2,server2,21,1454.55,770.2,534,1.07235,2,2,221766,1492.31,1016.14,
103967,2,server2,4,1201.86,779.8,535,0.87817,2,1,231373,1492.14,752595,
52.41,2,server2,9,1261.83,770.2,535,0.87817,2,1,179816,1492.14,752595,
52418,2,server2,21,1454.55,770.2,535,0.87817,2,1,179824,1492.14,752595,
73546,2,server2,0,946513,779.8,536,1.25503,2,1,200952,1148.99,559067,
52436,2,server2,1,1058.39,770.2,536,1.25503,2,1,179842,1148.99,559067,
103967,2,server2,4,1201.86,779.8,536,1.25503,2,1,231373,1148.99,559067,
52444,2,server2,5,978305,770.2,536,1.25503,2,1,179.85,1148.99,559067,
76031,2,server2,8,943199,776.6,536,1.25503,2,1,203437,1148.99,559067,
52.41,2,server2,9,1261.83,770.2,536,1.25503,2,1,179816,1148.99,559067,
92096,2,server2,12,1104.08,779.8,536,1.25503,2,1,219502,1148.99,559067,
52446,2,server2,13,1149.38,770.2,536,1.25503,2,1,179852,1148.99,559067,
92954,2,server2,16,943683,776.6,536,1.25503,2,1,220.36,1148.99,559067,
99052,2,server2,20,983173,779.8,536,1.25503,2,1,226458,1148.99,559067,
101638,2,server2,21,1361.28,770.2,536,1.25503,2,1,229044,1148.99,559067,
93758,2,server2,24,947.14,779.8,536,1.25503,2,1,221164,1148.99,559067,
95241,2,server2,28,1014.17,779.8,536,1.25503,2,1,222647,1148.99,559067,
52951,2,server2,11,779.8,1014.69,537,1.41008,1,1,181881,613721,1241.99,
52.93,2,server2,15,779.8,1077.2,537,1.41008,1,1,181.86,613721,1241.99,
52945,2,server2,19,776.6,1081.59,537,1.41008,1,1,181875,613721,1241.99,
52945,2,server2,23,779.8,1153.15,537,1.41008,1,1,181875,613721,1241.99,
52931,2,server2,27,779.8,1187.19,537,1.41008,1,1,181861,613721,1241.99,
66264,2,server2,0,903297,779.8,538,1.50956,2,1,195196,997243,799361,
52941,2,server2,1,1058.39,770.2,538,1.50956,2,1,181873,997243,799361,
77265,2,server2,2,770.2,763599,538,1.50956,2,1,206197,997243,799361,
103967,2,server2,4,1201.86,779.8,538,1.50956,2,1,232899,997243,799361,
52934,2,server2,5,978305,770.2,538,1.50956,2,1,181866,997243,799361,
88597,2,server2,6,773.4,763599,538,1.50956,2,1,217529,997243,799361,
63332,2,server2,8,865908,776.6,538,1.50956,2,1,192264,997243,799361,
52945,2,server2,9,1261.83,770.2,538,1.50956,2,1,181877,997243,799361,
53514,2,server2,11,779.8,1005.53,538,1.50956,2,1,182446,997243,799361,
92096,2,server2,12,1104.08,779.8,538,1.50956,2,1,221028,997243,799361,
52936,2,server2,13,1149.38,770.2,538,1.50956,2,1,181868,997243,799361,
58558,2,server2,15,779.8,1005.32,538,1.50956,2,1,187.49,997243,799361,
76394,2,server2,16,860763,776.6,538,1.50956,2,1,205326,997243,799361,
63059,2,server2,19,776.6,979262,538,1.50956,2,1,191991,997243,799361,
99052,2,server2,20,983173,779.8,538,1.50956,2,1,227984,997243,799361,
64667,2,server2,23,779.8,1005.31,538,1.50956,2,1,193599,997243,799361,
85324,2,server2,24,895709,779.8,538,1.50956,2,1,214256,997243,799361,
67038,2,server2,27,776.6,996853,538,1.50956,2,1,195.97,997243,799361,
95241,2,server2,28,1014.17,779.8,538,1.50956,2,1,224173,997243,799361,
53424,2,server2,29,1295.15,770.2,538,1.50956,2,1,182356,997243,799361,
66264,2,server2,0,903297,779.8,539,0.606399,2,1,196383,892007,1012.93,
53126,2,server2,1,1058.39,770.2,539,0.606399,2,1,183245,892007,1012.93,
77265,2,server2,2,770.2,763599,539,0.606399,2,1,207384,892007,1012.93,
53124,2,server2,3,779.8,972788,539,0.606399,2,1,183243,892007,1012.93,
53129,2,server2,5,976957,770.2,539,0.606399,2,1,183248,892007,1012.93,
88597,2,server2,6,773.4,763599,539,0.606399,2,1,218716,892007,1012.93,
63332,2,server2,8,865908,776.6,539,0.606399,2,1,193451,892007,1012.93,
67603,2,server2,9,1068.3,770.2,539,0.606399,2,1,197722,892007,1012.93,
53129,2,server2,11,779.8,1012.08,539,0.606399,2,1,183248,892007,1012.93,
97648,2,server2,13,1068.1,770.2,539,0.606399,2,1,227767,892007,1012.93,
76394,2,server2,16,860763,776.6,539,0.606399,2,1,206513,892007,1012.93,
53119,2,server2,19,776.6,1078.62,539,0.606399,2,1,183238,892007,1012.93,
99052,2,server2,20,983173,779.8,539,0.606399,2,1,229171,892007,1012.93,
53136,2,server2,23,779.8,1150.37,539,0.606399,2,1,183255,892007,1012.93,
85324,2,server2,24,895709,779.8,539,0.606399,2,1,215443,892007,1012.93,
53121,2,server2,27,779.8,1187.19,539,0.606399,2,1,183.24,892007,1012.93,
95241,2,server2,28,1014.17,779.8,539,0.606399,2,1,225.36,892007,1012.93,
75432,2,server2,29,1072.51,773.4,539,0.606399,2,1,205551,892007,1012.93,
66264,2,server2,0,903297,779.8,540,0.641294,2,1,196383,746981,901037,
56696,2,server2,1,1016.92,770.2,540,0.641294,2,1,186815,746981,901037,
77265,2,server2,2,770.2,763599,540,0.641294,2,1,207384,746981,901037,
53124,2,server2,3,779.8,972788,540,0.641294,2,1,183243,746981,901037,
53129,2,server2,5,976957,770.2,540,0.641294,2,1,183248,746981,901037,
88597,2,server2,6,773.4,763599,540,0.641294,2,1,218716,746981,901037,
63332,2,server2,8,865908,776.6,540,0.641294,2,1,193451,746981,901037,
68225,2,server2,9,1016.38,770.2,540,0.641294,2,1,198344,746981,901037,
53129,2,server2,11,779.8,1012.08,540,0.641294,2,1,183248,746981,901037,
76394,2,server2,16,860763,776.6,540,0.641294,2,1,206513,746981,901037,
53119,2,server2,19,776.6,1078.62,540,0.641294,2,1,183238,746981,901037,
99052,2,server2,20,983173,779.8,540,0.641294,2,1,229171,746981,901037,
53136,2,server2,23,779.8,1150.37,540,0.641294,2,1,183255,746981,901037,
85324,2,server2,24,895709,779.8,540,0.641294,2,1,215443,746981,901037,
53121,2,server2,27,779.8,1187.19,540,0.641294,2,1,183.24,746981,901037,
95241,2,server2,28,1014.17,779.8,540,0.641294,2,1,225.36,746981,901037,
78539,2,server2,29,1017.56,773.4,540,0.641294,2,1,208658,746981,901037,
66264,2,server2,0,903297,779.8,541,0.401913,2,1,194667,981279,662252,
53411,2,server2,1,1058.39,770.2,541,0.401913,2,1,181814,981279,662252,
77265,2,server2,2,770.2,763599,541,0.401913,2,1,205668,981279,662252,
99281,2,server2,3,779.8,883382,541,0.401913,2,1,227684,981279,662252,
103967,2,server2,4,1201.86,779.8,541,0.401913,2,1,232.37,981279,662252,
88597,2,server2,6,773.4,763599,541,0.401913,2,1,217,981279,662252,
63332,2,server2,8,865908,776.6,541,0.401913,2,1,191735,981279,662252,
54145,2,server2,9,1260.65,770.2,541,0.401913,2,1,182548,981279,662252,
95168,2,server2,11,779.8,878479,541,0.401913,2,1,223571,981279,662252,
92096,2,server2,12,1104.08,779.8,541,0.401913,2,1,220499,981279,662252,
53446,2,server2,13,1149.38,770.2,541,0.401913,2,1,181849,981279,662252,
53146,2,server2,15,779.8,1073.33,541,1.70009,1,0,159292,766.83,1300.1,
76394,2,server2,16,860763,776.6,541,0.401913,2,1,204797,981279,662252,
53149,2,server2,19,776.6,1078.62,541,1.70009,1,0,159295,766.83,1300.1,
65929,2,server2,19,776.6,881.42,541,0.401913,2,1,194332,981279,662252,
99052,2,server2,20,983173,779.8,541,0.401913,2,1,227455,981279,662252,
53146,2,server2,23,779.8,1150.37,541,1.70009,1,0,159292,766.83,1300.1,
79297,2,server2,23,779.8,884009,541,0.401913,2,1,207.7,981279,662252,
85324,2,server2,24,895709,779.8,541,0.401913,2,1,213727,981279,662252,
53147,2,server2,27,779.8,1184.12,541,1.70009,1,0,159293,766.83,1300.1,
81424,2,server2,27,776.6,880131,541,0.401913,2,1,209827,981279,662252,
95241,2,server2,28,1014.17,779.8,541,0.401913,2,1,223644,981279,662252,
57719,2,server2,29,1260.96,770.2,541,0.401913,2,1,186122,981279,662252,
66264,2,server2,0,903297,779.8,542,0.423199,2,1,194709,904304,735168,
66264,2,server2,0,903297,779.8,542,0.500379,2,1,194465,950689,946636,
53211,2,server2,1,1058.39,770.2,542,0.500379,2,1,181412,950689,946636,
53451,2,server2,1,1058.39,770.2,542,0.423199,2,1,181896,904304,735168,
77265,2,server2,2,770.2,763599,542,0.423199,2,1,205.71,904304,735168,
77265,2,server2,2,770.2,763599,542,0.500379,2,1,205466,950689,946636,
53204,2,server2,3,779.8,972788,542,0.500379,2,1,181405,950689,946636,
53454,2,server2,3,779.8,972788,542,0.423199,2,1,181899,904304,735168,
53204,2,server2,5,976957,770.2,542,0.500379,2,1,181405,950689,946636,
88597,2,server2,6,773.4,763599,542,0.423199,2,1,217042,904304,735168,
88597,2,server2,6,773.4,763599,542,0.500379,2,1,216798,950689,946636,
63332,2,server2,8,865908,776.6,542,0.423199,2,1,191777,904304,735168,
63332,2,server2,8,865908,776.6,542,0.500379,2,1,191533,950689,946636,
65324,2,server2,9,1201.66,770.2,542,0.423199,2,1,193769,904304,735168,
65418,2,server2,9,1192.23,770.2,542,0.500379,2,1,193619,950689,946636,
53209,2,server2,11,779.8,1010.77,542,0.500379,2,1,181.41,950689,946636,
53.46,2,server2,11,779.8,1006.85,542,0.423199,2,1,181905,904304,735168,
92096,2,server2,12,1104.08,779.8,542,0.423199,2,1,220541,904304,735168,
92096,2,server2,12,1104.08,779.8,542,0.500379,2,1,220297,950689,946636,
53206,2,server2,13,1149.38,770.2,542,0.500379,2,1,181407,950689,946636,
53446,2,server2,13,1149.38,770.2,542,0.423199,2,1,181891,904304,735168,
53202,2,server2,15,779.8,1073.33,542,0.500379,2,1,181403,950689,946636,
58529,2,server2,15,779.8,1007.89,542,0.423199,2,1,186974,904304,735168,
76394,2,server2,16,860763,776.6,542,0.423199,2,1,204839,904304,735168,
76394,2,server2,16,860763,776.6,542,0.500379,2,1,204595,950689,946636,
53204,2,server2,19,776.6,1078.62,542,0.500379,2,1,181405,950689,946636,
63059,2,server2,19,776.6,979262,542,0.423199,2,1,191504,904304,735168,
99052,2,server2,20,983173,779.8,542,0.423199,2,1,227497,904304,735168,
99052,2,server2,20,983173,779.8,542,0.500379,2,1,227253,950689,946636,
53216,2,server2,23,779.8,1150.37,542,0.500379,2,1,181417,950689,946636,
64641,2,server2,23,779.8,1008.1,542,0.423199,2,1,193086,904304,735168,
85324,2,server2,24,895709,779.8,542,0.423199,2,1,213769,904304,735168,
85324,2,server2,24,895709,779.8,542,0.500379,2,1,213525,950689,946636,
66691,2,server2,27,776.6,1006.07,542,0.423199,2,1,195136,904304,735168,
95241,2,server2,28,1014.17,779.8,542,0.423199,2,1,223686,904304,735168,
95241,2,server2,28,1014.17,779.8,542,0.500379,2,1,223442,950689,946636,
62073,2,server2,29,1201.4,773.4,542,0.423199,2,1,190518,904304,735168,
62102,2,server2,29,1195.34,773.4,542,0.500379,2,1,190303,950689,946636,
73244,2,server2,0,940931,779.8,543,0.431872,2,1,193691,1208.43,914.11,
53451,2,server2,1,1058.39,770.2,543,0.431872,2,1,173898,1208.43,914.11,
103967,2,server2,4,1201.86,779.8,543,0.431872,2,1,224414,1208.43,914.11,
53.45,2,server2,5,966133,770.2,543,0.431872,2,1,173897,1208.43,914.11,
76031,2,server2,8,943199,776.6,543,0.431872,2,1,196478,1208.43,914.11,
53465,2,server2,9,1261.83,770.2,543,0.431872,2,1,173912,1208.43,914.11,
92096,2,server2,12,1104.08,779.8,543,0.431872,2,1,212543,1208.43,914.11,
53456,2,server2,13,1149.38,770.2,543,0.431872,2,1,173903,1208.43,914.11,
92954,2,server2,16,942184,776.6,543,0.431872,2,1,213401,1208.43,914.11,
99052,2,server2,20,983173,779.8,543,0.431872,2,1,219499,1208.43,914.11,
53493,2,server2,21,1453.3,770.2,543,0.431872,2,1,173.94,1208.43,914.11,
93544,2,server2,24,941106,779.8,543,0.431872,2,1,213991,1208.43,914.11,
95241,2,server2,28,1014.17,779.8,543,0.431872,2,1,215688,1208.43,914.11,
69799,2,server2,0,915832,779.8,544,0.515615,2,1,190246,1167.84,941122,
53451,2,server2,1,1058.39,770.2,544,0.515615,2,1,173898,1167.84,941122,
103967,2,server2,4,1201.86,779.8,544,0.515615,2,1,224414,1167.84,941122,
53.45,2,server2,5,966133,770.2,544,0.515615,2,1,173897,1167.84,941122,
72992,2,server2,8,918549,776.6,544,0.515615,2,1,193439,1167.84,941122,
53465,2,server2,9,1261.83,770.2,544,0.515615,2,1,173912,1167.84,941122,
92096,2,server2,12,1104.08,779.8,544,0.515615,2,1,212543,1167.84,941122,
53456,2,server2,13,1149.38,770.2,544,0.515615,2,1,173903,1167.84,941122,
90195,2,server2,16,918257,776.6,544,0.515615,2,1,210642,1167.84,941122,
99052,2,server2,20,983173,779.8,544,0.515615,2,1,219499,1167.84,941122,
71645,2,server2,21,1414.2,770.2,544,0.515615,2,1,192092,1167.84,941122,
90.74,2,server2,24,915391,779.8,544,0.515615,2,1,211187,1167.84,941122,
95241,2,server2,28,1014.17,779.8,544,0.515615,2,1,215688,1167.84,941122,
53464,2,server2,3,779.8,972788,545,0.405434,2,1,168.92,592845,1147.85,
105837,2,server2,6,773.4,909419,545,0.405434,2,1,221293,592845,1147.85,
53.46,2,server2,11,779.8,1006.85,545,0.405434,2,1,168916,592845,1147.85,
53.47,2,server2,15,779.8,1069.48,545,0.405434,2,1,168926,592845,1147.85,
53462,2,server2,19,776.6,1072.68,545,0.405434,2,1,168918,592845,1147.85,
53459,2,server2,27,779.8,1173.38,545,0.405434,2,1,168915,592845,1147.85,
53493,2,server2,21,1453.3,770.2,546,2.62542,2,1,184981,1515.63,539172,
53606,2,server2,23,779.8,1148.97,547,1.47451,2,2,209145,569956,1343.12,
53542,2,server2,27,779.8,1173.38,547,1.47451,2,2,209081,569956,1343.12,
53544,2,server2,11,779.8,1005.53,548,2.34075,2,2,209083,937833,1229.37,
53544,2,server2,15,779.8,1068.19,548,2.34075,2,2,209083,937833,1229.37,
53606,2,server2,23,779.8,1148.97,548,2.34075,2,2,209145,937833,1229.37,
53542,2,server2,27,779.8,1173.38,548,2.34075,2,2,209081,937833,1229.37,
66264,2,server2,0,903297,779.8,549,0.524771,2,2,243378,883121,834381,
54121,2,server2,1,1058.39,770.2,549,0.524771,2,2,231235,883121,834381,
77265,2,server2,2,770.2,763599,549,0.524771,2,2,254379,883121,834381,
54123,2,server2,3,779.8,972788,549,0.524771,2,2,231237,883121,834381,
54.12,2,server2,5,966133,770.2,549,0.524771,2,2,231234,883121,834381,
88597,2,server2,6,773.4,763599,549,0.524771,2,2,265711,883121,834381,
63332,2,server2,8,865908,776.6,549,0.524771,2,2,240446,883121,834381,
65493,2,server2,9,1175.71,770.2,549,0.524771,2,2,242607,883121,834381,
54141,2,server2,11,779.8,998985,549,0.524771,2,2,231255,883121,834381,
92096,2,server2,12,1104.08,779.8,549,0.524771,2,2,269.21,883121,834381,
54146,2,server2,13,1148.32,770.2,549,0.524771,2,2,231.26,883121,834381,
76394,2,server2,16,860763,776.6,549,0.524771,2,2,253508,883121,834381,
54153,2,server2,19,776.6,1057.85,549,0.524771,2,2,231267,883121,834381,
99052,2,server2,20,983173,779.8,549,0.524771,2,2,276166,883121,834381,
55.54,2,server2,23,779.8,1115.51,549,0.524771,2,2,232654,883121,834381,
85324,2,server2,24,895709,779.8,549,0.524771,2,2,262438,883121,834381,
57561,2,server2,27,779.8,1114.8,549,0.524771,2,2,234675,883121,834381,
95241,2,server2,28,1014.17,779.8,549,0.524771,2,2,272355,883121,834381,
64041,2,server2,29,1175.62,773.4,549,0.524771,2,2,241155,883121,834381,
54123,2,server2,3,779.8,972788,550,0.66016,2,2,231242,753902,1181,
104873,2,server2,6,773.4,882957,550,0.66016,2,2,281992,753902,1181,
54141,2,server2,11,779.8,998985,550,0.66016,2,2,231.26,753902,1181,
54153,2,server2,19,776.6,1057.85,550,0.66016,2,2,231272,753902,1181,
54146,2,server2,23,779.8,1136.42,550,0.66016,2,2,231265,753902,1181,
54136,2,server2,27,779.8,1164.14,550,0.66016,2,2,231255,753902,1181,
54146,2,server2,23,779.8,1136.42,551,0.466542,2,2,204282,544085,1293.69,
57.1,2,server2,1,871859,770.2,552,0.563354,2,2,207236,599333,894356,
77265,2,server2,2,770.2,763599,552,0.563354,2,2,227401,599333,894356,
54138,2,server2,3,779.8,972788,552,0.563354,2,2,204274,599333,894356,
60453,2,server2,5,871.47,770.2,552,0.563354,2,2,210589,599333,894356,
88597,2,server2,6,773.4,763599,552,0.563354,2,2,238733,599333,894356,
63332,2,server2,8,865908,776.6,552,0.563354,2,2,213468,599333,894356,
94679,2,server2,9,872392,770.2,552,0.563354,2,2,244815,599333,894356,
54141,2,server2,11,779.8,998985,552,0.563354,2,2,204277,599333,894356,
54138,2,server2,15,779.8,1060.48,552,0.563354,2,2,204274,599333,894356,
76394,2,server2,16,860763,776.6,552,0.563354,2,2,226.53,599333,894356,
54153,2,server2,19,776.6,1057.85,552,0.563354,2,2,204289,599333,894356,
54.22,2,server2,23,779.8,1133.63,552,0.563354,2,2,204356,599333,894356,
99125,2,server2,29,873531,773.4,552,0.563354,2,2,249261,599333,894356,
54146,2,server2,23,779.8,1136.42,553,1.4171,1,1,176287,507636,1258.27,
54142,2,server2,27,779.8,1162.61,553,1.4171,1,1,176283,507636,1258.27,
54148,2,server2,3,779.8,972788,554,1.07369,2,1,172294,672282,1142.03,
104725,2,server2,6,773.4,860.68,554,1.07369,2,1,222871,672282,1142.03,
54147,2,server2,11,779.8,997678,554,1.07369,2,1,172293,672282,1142.03,
54148,2,server2,15,779.8,1060.48,554,1.07369,2,1,172294,672282,1142.03,
54153,2,server2,19,776.6,1057.85,554,1.07369,2,1,172299,672282,1142.03,
54.15,2,server2,27,779.8,1162.61,554,1.07369,2,1,172296,672282,1142.03,
66264,2,server2,0,903297,779.8,555,1.48093,2,1,184.41,800.26,933959,
56041,2,server2,1,1050.61,770.2,555,1.48093,2,1,174187,800.26,933959,
77265,2,server2,2,770.2,763599,555,1.48093,2,1,195411,800.26,933959,
54148,2,server2,3,779.8,972788,555,1.48093,2,1,172294,800.26,933959,
54.15,2,server2,5,964781,770.2,555,1.48093,2,1,172296,800.26,933959,
88597,2,server2,6,773.4,763599,555,1.48093,2,1,206743,800.26,933959,
63332,2,server2,8,865908,776.6,555,1.48093,2,1,181478,800.26,933959,
67.65,2,server2,9,1050.59,770.2,555,1.48093,2,1,185796,800.26,933959,
54147,2,server2,11,779.8,997678,555,1.48093,2,1,172293,800.26,933959,
97669,2,server2,13,1051.19,770.2,555,1.48093,2,1,215815,800.26,933959,
54148,2,server2,15,779.8,1060.48,555,1.48093,2,1,172294,800.26,933959,
76394,2,server2,16,860763,776.6,555,1.48093,2,1,194.54,800.26,933959,
54153,2,server2,19,776.6,1057.85,555,1.48093,2,1,172299,800.26,933959,
99052,2,server2,20,983173,779.8,555,1.48093,2,1,217198,800.26,933959,
85324,2,server2,24,895709,779.8,555,1.48093,2,1,203.47,800.26,933959,
54.15,2,server2,27,779.8,1162.61,555,1.48093,2,1,172296,800.26,933959,
95241,2,server2,28,1014.17,779.8,555,1.48093,2,1,213387,800.26,933959,
75475,2,server2,29,1052.77,773.4,555,1.48093,2,1,193621,800.26,933959,
66264,2,server2,0,903297,779.8,556,0.91801,2,2,259017,968.78,1053.38,
54761,2,server2,1,1058.39,770.2,556,0.91801,2,2,247514,968.78,1053.38,
54.76,2,server2,5,964781,770.2,556,0.91801,2,2,247513,968.78,1053.38,
103239,2,server2,6,773.4,825855,556,0.91801,2,2,295992,968.78,1053.38,
63332,2,server2,8,865908,776.6,556,0.91801,2,2,256085,968.78,1053.38,
67603,2,server2,9,1067.12,770.2,556,0.91801,2,2,260356,968.78,1053.38,
54767,2,server2,11,779.8,993748,556,0.91801,2,2,247.52,968.78,1053.38,
97648,2,server2,13,1067.04,770.2,556,0.91801,2,2,290401,968.78,1053.38,
54755,2,server2,15,779.8,1052.79,556,0.91801,2,2,247508,968.78,1053.38,
76394,2,server2,16,860763,776.6,556,0.91801,2,2,269147,968.78,1053.38,
54754,2,server2,19,776.6,1047.46,556,0.91801,2,2,247507,968.78,1053.38,
99052,2,server2,20,983173,779.8,556,0.91801,2,2,291805,968.78,1053.38,
54242,2,server2,23,779.8,1133.63,556,0.435823,2,2,210481,863176,1353.16,
54754,2,server2,23,779.8,1126.66,556,0.91801,2,2,247507,968.78,1053.38,
85324,2,server2,24,895709,779.8,556,0.91801,2,2,278077,968.78,1053.38,
54.24,2,server2,27,779.8,1161.08,556,0.435823,2,2,210479,863176,1353.16,
54756,2,server2,27,779.8,1153.45,556,0.91801,2,2,247509,968.78,1053.38,
95241,2,server2,28,1014.17,779.8,556,0.91801,2,2,287994,968.78,1053.38,
74093,2,server2,29,1075.53,773.4,556,0.91801,2,2,266846,968.78,1053.38,
66264,2,server2,0,903297,779.8,557,1.03124,2,2,230291,962725,596462,
55036,2,server2,1,1058.39,770.2,557,1.03124,2,2,219063,962725,596462,
77265,2,server2,2,770.2,763599,557,1.03124,2,2,241292,962725,596462,
88597,2,server2,6,773.4,763599,557,1.03124,2,2,252624,962725,596462,
63332,2,server2,8,865908,776.6,557,1.03124,2,2,227359,962725,596462,
63494,2,server2,9,1206.38,770.2,557,1.03124,2,2,227521,962725,596462,
102842,2,server2,11,779.8,833914,557,1.03124,2,2,266869,962725,596462,
92096,2,server2,12,1104.08,779.8,557,1.03124,2,2,256123,962725,596462,
55031,2,server2,13,1148.32,770.2,557,1.03124,2,2,219058,962725,596462,
76394,2,server2,16,860763,776.6,557,1.03124,2,2,240421,962725,596462,
99052,2,server2,20,983173,779.8,557,1.03124,2,2,263079,962725,596462,
79358,2,server2,23,779.8,833185,557,1.03124,2,2,243385,962725,596462,
85324,2,server2,24,895709,779.8,557,1.03124,2,2,249351,962725,596462,
82217,2,server2,27,776.6,829407,557,1.03124,2,2,246244,962725,596462,
95241,2,server2,28,1014.17,779.8,557,1.03124,2,2,259268,962725,596462,
62073,2,server2,29,1204.43,773.4,557,1.03124,2,2,226.1,962725,596462,
66264,2,server2,0,903297,779.8,558,1.48581,2,2,230291,842805,806923,
55036,2,server2,1,1058.39,770.2,558,1.48581,2,2,219063,842805,806923,
77265,2,server2,2,770.2,763599,558,1.48581,2,2,241292,842805,806923,
55029,2,server2,3,779.8,964336,558,1.48581,2,2,219056,842805,806923,
88597,2,server2,6,773.4,763599,558,1.48581,2,2,252624,842805,806923,
63332,2,server2,8,865908,776.6,558,1.48581,2,2,227359,842805,806923,
66.13,2,server2,9,1140.29,770.2,558,1.48581,2,2,230157,842805,806923,
55027,2,server2,11,779.8,993748,558,1.48581,2,2,219054,842805,806923,
92096,2,server2,12,1104.08,779.8,558,1.48581,2,2,256123,842805,806923,
55744,2,server2,13,1139.88,770.2,558,1.48581,2,2,219771,842805,806923,
55033,2,server2,15,779.8,1048.94,558,1.48581,2,2,219.06,842805,806923,
76394,2,server2,16,860763,776.6,558,1.48581,2,2,240421,842805,806923,
55036,2,server2,19,776.6,1044.5,558,1.48581,2,2,219063,842805,806923,
99052,2,server2,20,983173,779.8,558,1.48581,2,2,263079,842805,806923,
56632,2,server2,23,779.8,1100.16,558,1.48581,2,2,220659,842805,806923,
85324,2,server2,24,895709,779.8,558,1.48581,2,2,249351,842805,806923,
58419,2,server2,27,779.8,1098.82,558,1.48581,2,2,222446,842805,806923,
95241,2,server2,28,1014.17,779.8,558,1.48581,2,2,259268,842805,806923,
68668,2,server2,29,1140.74,773.4,558,1.48581,2,2,232695,842805,806923,
66264,2,server2,0,903297,779.8,559,1.05242,2,1,197319,754.38,748918,
55795,2,server2,1,1053.21,770.2,559,1.05242,2,1,186.85,754.38,748918,
77265,2,server2,2,770.2,763599,559,1.05242,2,1,208.32,754.38,748918,
55059,2,server2,3,779.8,964336,559,1.05242,2,1,186114,754.38,748918,
88597,2,server2,6,773.4,763599,559,1.05242,2,1,219652,754.38,748918,
63332,2,server2,8,865908,776.6,559,1.05242,2,1,194387,754.38,748918,
67.65,2,server2,9,1052.94,770.2,559,1.05242,2,1,198705,754.38,748918,
55057,2,server2,11,779.8,993748,559,1.05242,2,1,186112,754.38,748918,
97664,2,server2,13,1053.31,770.2,559,1.05242,2,1,228719,754.38,748918,
55132,2,server2,15,779.8,1047.65,559,1.05242,2,1,186187,754.38,748918,
76394,2,server2,16,860763,776.6,559,1.05242,2,1,207449,754.38,748918,
55056,2,server2,19,776.6,1044.5,559,1.05242,2,1,186111,754.38,748918,
99052,2,server2,20,983173,779.8,559,1.05242,2,1,230107,754.38,748918,
60989,2,server2,23,779.8,1047.16,559,1.05242,2,1,192044,754.38,748918,
85324,2,server2,24,895709,779.8,559,1.05242,2,1,216379,754.38,748918,
62496,2,server2,27,776.6,1047.55,559,1.05242,2,1,193551,754.38,748918,
95241,2,server2,28,1014.17,779.8,559,1.05242,2,1,226296,754.38,748918,
75475,2,server2,29,1052.77,773.4,559,1.05242,2,1,206.53,754.38,748918,
66264,2,server2,0,903297,779.8,560,0.504116,2,1,185348,875446,744194,
55091,2,server2,1,1058.39,770.2,560,0.504116,2,1,174175,875446,744194,
77265,2,server2,2,770.2,763599,560,0.504116,2,1,196349,875446,744194,
55089,2,server2,3,779.8,964336,560,0.504116,2,1,174173,875446,744194,
88597,2,server2,6,773.4,763599,560,0.504116,2,1,207681,875446,744194,
63332,2,server2,8,865908,776.6,560,0.504116,2,1,182416,875446,744194,
65512,2,server2,9,1173.35,770.2,560,0.504116,2,1,184596,875446,744194,
55092,2,server2,11,779.8,993748,560,0.504116,2,1,174176,875446,744194,
92096,2,server2,12,1104.08,779.8,560,0.504116,2,1,211.18,875446,744194,
55091,2,server2,13,1148.32,770.2,560,0.504116,2,1,174175,875446,744194,
57143,2,server2,15,779.8,1028.42,560,0.504116,2,1,176227,875446,744194,
76394,2,server2,16,860763,776.6,560,0.504116,2,1,195478,875446,744194,
59364,2,server2,19,776.6,1026.7,560,0.504116,2,1,178448,875446,744194,
99052,2,server2,20,983173,779.8,560,0.504116,2,1,218136,875446,744194,
61812,2,server2,23,779.8,1027.62,560,0.504116,2,1,180896,875446,744194,
85324,2,server2,24,895709,779.8,560,0.504116,2,1,204408,875446,744194,
63269,2,server2,27,776.6,1026.06,560,0.504116,2,1,182353,875446,744194,
95241,2,server2,28,1014.17,779.8,560,0.504116,2,1,214325,875446,744194,
64055,2,server2,29,1172.59,773.4,560,0.504116,2,1,183139,875446,744194,
66264,2,server2,0,903297,779.8,561,0.517832,2,1,185348,901479,606209,
55091,2,server2,1,1058.39,770.2,561,0.517832,2,1,174175,901479,606209,
77265,2,server2,2,770.2,763599,561,0.517832,2,1,196349,901479,606209,
102649,2,server2,3,779.8,879763,561,0.517832,2,1,221733,901479,606209,
88597,2,server2,6,773.4,763599,561,0.517832,2,1,207681,901479,606209,
63332,2,server2,8,865908,776.6,561,0.517832,2,1,182416,901479,606209,
66.13,2,server2,9,1152.1,770.2,561,0.517832,2,1,185214,901479,606209,
95168,2,server2,11,779.8,878479,561,0.517832,2,1,214252,901479,606209,
92096,2,server2,12,1104.08,779.8,561,0.517832,2,1,211.18,901479,606209,
55091,2,server2,13,1148.32,770.2,561,0.517832,2,1,174175,901479,606209,
76394,2,server2,16,860763,776.6,561,0.517832,2,1,195478,901479,606209,
66.37,2,server2,19,776.6,878464,561,0.517832,2,1,185454,901479,606209,
99052,2,server2,20,983173,779.8,561,0.517832,2,1,218136,901479,606209,
79.3,2,server2,23,779.8,879831,561,0.517832,2,1,198384,901479,606209,
85324,2,server2,24,895709,779.8,561,0.517832,2,1,204408,901479,606209,
81451,2,server2,27,776.6,878589,561,0.517832,2,1,200535,901479,606209,
95241,2,server2,28,1014.17,779.8,561,0.517832,2,1,214325,901479,606209,
64194,2,server2,29,1149.84,773.4,561,0.517832,2,1,183278,901479,606209,
66264,2,server2,0,903297,779.8,562,0.699882,2,0,175.39,1127.59,665707,
55131,2,server2,1,1058.39,770.2,562,0.699882,2,0,164257,1127.59,665707,
103967,2,server2,4,1201.86,779.8,562,0.699882,2,0,213093,1127.59,665707,
63332,2,server2,8,865908,776.6,562,0.699882,2,0,172458,1127.59,665707,
55.14,2,server2,9,1260.65,770.2,562,0.699882,2,0,164266,1127.59,665707,
92096,2,server2,12,1104.08,779.8,562,0.699882,2,0,201222,1127.59,665707,
55131,2,server2,13,1148.32,770.2,562,0.699882,2,0,164257,1127.59,665707,
76394,2,server2,16,860763,776.6,562,0.699882,2,0,185.52,1127.59,665707,
99052,2,server2,20,983173,779.8,562,0.699882,2,0,208178,1127.59,665707,
74643,2,server2,21,1407.9,770.2,562,0.699882,2,0,183769,1127.59,665707,
85324,2,server2,24,895709,779.8,562,0.699882,2,0,194.45,1127.59,665707,
95241,2,server2,28,1014.17,779.8,562,0.699882,2,0,204367,1127.59,665707,
55139,2,server2,29,1265.31,770.2,562,0.699882,2,0,164265,1127.59,665707,
55144,2,server2,3,779.8,964336,563,0.470582,2,1,173276,620611,1046.04,
102976,2,server2,6,773.4,788208,563,0.470582,2,1,221108,620611,1046.04,
55137,2,server2,11,779.8,993748,563,0.470582,2,1,173269,620611,1046.04,
55136,2,server2,19,776.6,1044.5,563,0.470582,2,1,173268,620611,1046.04,
55145,2,server2,23,779.8,1122.48,563,0.470582,2,1,173277,620611,1046.04,
55158,2,server2,27,779.8,1148.91,563,0.470582,2,1,173.29,620611,1046.04,
66264,2,server2,0,903297,779.8,564,0.521427,2,1,184396,1032.84,870928,
55141,2,server2,1,1058.39,770.2,564,0.521427,2,1,173273,1032.84,870928,
77265,2,server2,2,770.2,763599,564,0.521427,2,1,195397,1032.84,870928,
55144,2,server2,3,779.8,964336,564,0.521427,2,1,173276,1032.84,870928,
103967,2,server2,4,1201.86,779.8,564,0.521427,2,1,222099,1032.84,870928,
55133,2,server2,5,914753,770.2,564,0.521427,2,1,173265,1032.84,870928,
88597,2,server2,6,773.4,763599,564,0.521427,2,1,206729,1032.84,870928,
63332,2,server2,8,865908,776.6,564,0.521427,2,1,181464,1032.84,870928,
55.14,2,server2,9,1260.65,770.2,564,0.521427,2,1,173272,1032.84,870928,
55137,2,server2,11,779.8,993748,564,0.521427,2,1,173269,1032.84,870928,
92096,2,server2,12,1104.08,779.8,564,0.521427,2,1,210228,1032.84,870928,
55141,2,server2,13,1148.32,770.2,564,0.521427,2,1,173273,1032.84,870928,
76394,2,server2,16,860763,776.6,564,0.521427,2,1,194526,1032.84,870928,
59364,2,server2,19,776.6,1026.7,564,0.521427,2,1,177496,1032.84,870928,
99052,2,server2,20,983173,779.8,564,0.521427,2,1,217184,1032.84,870928,
61555,2,server2,23,779.8,1031.81,564,0.521427,2,1,179687,1032.84,870928,
85324,2,server2,24,895709,779.8,564,0.521427,2,1,203456,1032.84,870928,
63269,2,server2,27,776.6,1026.06,564,0.521427,2,1,181401,1032.84,870928,
95241,2,server2,28,1014.17,779.8,564,0.521427,2,1,213373,1032.84,870928,
55139,2,server2,29,1265.31,770.2,564,0.521427,2,1,173271,1032.84,870928,
66264,2,server2,0,903297,779.8,565,1.09981,1,2,255409,1064.7,979326,
55156,2,server2,1,1058.39,770.2,565,1.09981,1,2,244301,1064.7,979326,
55149,2,server2,3,779.8,964336,565,1.09981,1,2,244294,1064.7,979326,
103967,2,server2,4,1201.86,779.8,565,1.09981,1,2,293112,1064.7,979326,
55154,2,server2,5,910692,770.2,565,1.09981,1,2,244299,1064.7,979326,
105807,2,server2,6,773.4,908.03,565,1.09981,1,2,294952,1064.7,979326,
63332,2,server2,8,865908,776.6,565,1.09981,1,2,252477,1064.7,979326,
55155,2,server2,9,1260.65,770.2,565,1.09981,1,2,244.3,1064.7,979326,
55147,2,server2,11,779.8,993748,565,1.09981,1,2,244292,1064.7,979326,
92096,2,server2,12,1104.08,779.8,565,1.09981,1,2,281241,1064.7,979326,
55146,2,server2,13,1148.32,770.2,565,1.09981,1,2,244291,1064.7,979326,
55148,2,server2,15,779.8,1047.65,565,1.09981,1,2,244293,1064.7,979326,
76394,2,server2,16,860763,776.6,565,1.09981,1,2,265539,1064.7,979326,
55146,2,server2,19,776.6,1044.5,565,1.09981,1,2,244291,1064.7,979326,
99052,2,server2,20,983173,779.8,565,1.09981,1,2,288197,1064.7,979326,
85324,2,server2,24,895709,779.8,565,1.09981,1,2,274469,1064.7,979326,
62135,2,server2,27,776.6,1062.9,565,1.09981,1,2,251.28,1064.7,979326,
95241,2,server2,28,1014.17,779.8,565,1.09981,1,2,284386,1064.7,979326,
55154,2,server2,29,1265.31,770.2,565,1.09981,1,2,244299,1064.7,979326,
55149,2,server2,3,779.8,964336,566,2.40049,2,2,244294,884444,1208.81,
55147,2,server2,11,779.8,993748,566,2.40049,2,2,244292,884444,1208.81,
55148,2,server2,15,779.8,1047.65,566,2.40049,2,2,244293,884444,1208.81,
55146,2,server2,19,776.6,1044.5,566,2.40049,2,2,244291,884444,1208.81,
55158,2,server2,27,779.8,1148.91,566,2.40049,2,2,244303,884444,1208.81,
66264,2,server2,0,903297,779.8,567,0.783553,2,1,202524,989364,804686,
66264,2,server2,0,903297,779.8,567,1.64418,2,1,204449,682152,621.54,
55261,2,server2,1,1057.1,770.2,567,0.783553,2,1,191521,989364,804686,
56897,2,server2,1,941786,770.2,567,1.64418,2,1,195082,682152,621.54,
77265,2,server2,2,770.2,763599,567,0.783553,2,1,213525,989364,804686,
77265,2,server2,2,770.2,763599,567,1.64418,2,1,215.45,682152,621.54,
55264,2,server2,3,779.8,964336,567,0.783553,2,1,191524,989364,804686,
98157,2,server2,3,779.8,905.11,567,1.64418,2,1,236342,682152,621.54,
103967,2,server2,4,1201.86,779.8,567,0.783553,2,1,240227,989364,804686,
55268,2,server2,5,895823,770.2,567,0.783553,2,1,191528,989364,804686,
88597,2,server2,6,773.4,763599,567,0.783553,2,1,224857,989364,804686,
88597,2,server2,6,773.4,763599,567,1.64418,2,1,226782,682152,621.54,
63332,2,server2,8,865908,776.6,567,0.783553,2,1,199592,989364,804686,
63332,2,server2,8,865908,776.6,567,1.64418,2,1,201517,682152,621.54,
55265,2,server2,9,1260.65,770.2,567,0.783553,2,1,191525,989364,804686,
71422,2,server2,9,942017,770.2,567,1.64418,2,1,209607,682152,621.54,
55262,2,server2,11,779.8,993748,567,0.783553,2,1,191522,989364,804686,
94879,2,server2,11,779.8,904694,567,1.64418,2,1,233064,682152,621.54,
92096,2,server2,12,1104.08,779.8,567,0.783553,2,1,228356,989364,804686,
55266,2,server2,13,1148.32,770.2,567,0.783553,2,1,191526,989364,804686,
57439,2,server2,15,779.8,1018.16,567,0.783553,2,1,193699,989364,804686,
69433,2,server2,15,779.8,903956,567,1.64418,2,1,207618,682152,621.54,
76394,2,server2,16,860763,776.6,567,0.783553,2,1,212654,989364,804686,
76394,2,server2,16,860763,776.6,567,1.64418,2,1,214579,682152,621.54,
65324,2,server2,19,776.6,905131,567,1.64418,2,1,203509,682152,621.54,
99052,2,server2,20,983173,779.8,567,0.783553,2,1,235312,989364,804686,
64314,2,server2,23,779.8,1019.24,567,0.783553,2,1,200574,989364,804686,
79292,2,server2,23,779.8,896543,567,1.64418,2,1,217477,682152,621.54,
85324,2,server2,24,895709,779.8,567,0.783553,2,1,221584,989364,804686,
85324,2,server2,24,895709,779.8,567,1.64418,2,1,223509,682152,621.54,
66239,2,server2,27,776.6,1015.3,567,0.783553,2,1,202499,989364,804686,
71022,2,server2,27,776.6,906237,567,1.64418,2,1,209207,682152,621.54,
95241,2,server2,28,1014.17,779.8,567,0.783553,2,1,231501,989364,804686,
55274,2,server2,29,1265.31,770.2,567,0.783553,2,1,191534,989364,804686,
83265,2,server2,29,939761,773.4,567,1.64418,2,1,221.45,682152,621.54,
55262,2,server2,11,779.8,993748,568,1.48671,2,1,191522,1039.68,1134.69,
55266,2,server2,15,779.8,1046.37,568,1.48671,2,1,191526,1039.68,1134.69,
55262,2,server2,23,779.8,1119.7,568,1.48671,2,1,191522,1039.68,1134.69,
55273,2,server2,27,779.8,1148.91,568,1.48671,2,1,191533,1039.68,1134.69,
66264,2,server2,0,903297,779.8,569,0.462909,1,2,235801,991533,1029.09,
66264,2,server2,0,903297,779.8,569,0.847169,1,2,254.92,977069,855046,
55541,2,server2,1,1057.1,770.2,569,0.462909,1,2,225078,991533,1029.09,
55661,2,server2,1,1057.1,770.2,569,0.847169,1,2,244317,977069,855046,
77265,2,server2,2,770.2,763599,569,0.847169,1,2,265921,977069,855046,
55541,2,server2,3,779.8,964336,569,0.462909,1,2,225078,991533,1029.09,
55661,2,server2,3,779.8,964336,569,0.847169,1,2,244317,977069,855046,
103967,2,server2,4,1201.86,779.8,569,0.847169,1,2,292623,977069,855046,
55548,2,server2,5,895823,770.2,569,0.462909,1,2,225085,991533,1029.09,
55678,2,server2,5,895823,770.2,569,0.847169,1,2,244334,977069,855046,
88597,2,server2,6,773.4,763599,569,0.847169,1,2,277253,977069,855046,
103239,2,server2,6,773.4,824457,569,0.462909,1,2,272776,991533,1029.09,
63332,2,server2,8,865908,776.6,569,0.462909,1,2,232869,991533,1029.09,
63332,2,server2,8,865908,776.6,569,0.847169,1,2,251988,977069,855046,
55.66,2,server2,9,1260.65,770.2,569,0.847169,1,2,244316,977069,855046,
66.13,2,server2,9,1142.66,770.2,569,0.462909,1,2,235667,991533,1029.09,
55539,2,server2,11,779.8,989814,569,0.462909,1,2,225076,991533,1029.09,
55664,2,server2,11,779.8,988504,569,0.847169,1,2,244.32,977069,855046,
92096,2,server2,12,1104.08,779.8,569,0.462909,1,2,261633,991533,1029.09,
92096,2,server2,12,1104.08,779.8,569,0.847169,1,2,280752,977069,855046,
55665,2,server2,13,1143.04,770.2,569,0.462909,1,2,225202,991533,1029.09,
55539,2,server2,15,779.8,1042.52,569,0.462909,1,2,225076,991533,1029.09,
55665,2,server2,15,779.8,1042.52,569,0.847169,1,2,244321,977069,855046,
76394,2,server2,16,860763,776.6,569,0.462909,1,2,245931,991533,1029.09,
76394,2,server2,16,860763,776.6,569,0.847169,1,2,265.05,977069,855046,
55542,2,server2,19,776.6,1040.05,569,0.462909,1,2,225079,991533,1029.09,
55657,2,server2,19,776.6,1040.05,569,0.847169,1,2,244313,977069,855046,
99052,2,server2,20,983173,779.8,569,0.462909,1,2,268589,991533,1029.09,
99052,2,server2,20,983173,779.8,569,0.847169,1,2,287708,977069,855046,
55.54,2,server2,23,779.8,1116.9,569,0.462909,1,2,225077,991533,1029.09,
58031,2,server2,23,779.8,1080.63,569,0.847169,1,2,246687,977069,855046,
85324,2,server2,24,895709,779.8,569,0.462909,1,2,254861,991533,1029.09,
85324,2,server2,24,895709,779.8,569,0.847169,1,2,273.98,977069,855046,
61402,2,server2,27,776.6,1076.71,569,0.847169,1,2,250058,977069,855046,
95241,2,server2,28,1014.17,779.8,569,0.462909,1,2,264778,991533,1029.09,
95241,2,server2,28,1014.17,779.8,569,0.847169,1,2,283897,977069,855046,
55985,2,server2,29,1263.86,770.2,569,0.847169,1,2,244641,977069,855046,
64.22,2,server2,29,1148.33,773.4,569,0.462909,1,2,233757,991533,1029.09,
73244,2,server2,0,940931,779.8,570,0.643458,2,2,214,1175.18,593659,
103967,2,server2,4,1201.86,779.8,570,0.643458,2,2,244723,1175.18,593659,
74.2,2,server2,8,938267,776.6,570,0.643458,2,2,214956,1175.18,593659,
55.76,2,server2,9,1260.65,770.2,570,0.643458,2,2,196516,1175.18,593659,
92096,2,server2,12,1104.08,779.8,570,0.643458,2,2,232852,1175.18,593659,
55769,2,server2,13,1139.88,770.2,570,0.643458,2,2,196525,1175.18,593659,
92.86,2,server2,16,937692,776.6,570,0.643458,2,2,233616,1175.18,593659,
99052,2,server2,20,983173,779.8,570,0.643458,2,2,239808,1175.18,593659,
70451,2,server2,21,1416.73,770.2,570,0.643458,2,2,211207,1175.18,593659,
93544,2,server2,24,941106,779.8,570,0.643458,2,2,234.3,1175.18,593659,
95241,2,server2,28,1014.17,779.8,570,0.643458,2,2,235997,1175.18,593659,
55.76,2,server2,29,1265.31,770.2,570,0.643458,2,2,196516,1175.18,593659,
93099,2,server2,0,1028.81,779.8,571,1.15548,2,2,233856,1141.63,1057.49,
103967,2,server2,4,1201.86,779.8,571,1.15548,2,2,244724,1141.63,1057.49,
76902,2,server2,8,1028.76,779.8,571,1.15548,2,2,217659,1141.63,1057.49,
62023,2,server2,9,1227.63,770.2,571,1.15548,2,2,202.78,1141.63,1057.49,
92096,2,server2,12,1104.08,779.8,571,1.15548,2,2,232853,1141.63,1057.49,
55769,2,server2,13,1139.88,770.2,571,1.15548,2,2,196526,1141.63,1057.49,
100636,2,server2,16,1036.48,776.6,571,1.15548,2,2,241393,1141.63,1057.49,
105.28,2,server2,24,1028.84,779.8,571,1.15548,2,2,246037,1141.63,1057.49,
103587,2,server2,28,1028.22,779.8,571,1.15548,2,2,244344,1141.63,1057.49,
61.64,2,server2,29,1228.39,773.4,571,1.15548,2,2,202397,1141.63,1057.49,
56179,2,server2,3,779.8,963123,572,2.7004,2,1,201357,720499,1237.38,
56184,2,server2,11,779.8,988504,572,2.7004,2,1,201362,720499,1237.38,
56186,2,server2,15,779.8,1034.84,572,2.7004,2,1,201364,720499,1237.38,
56135,2,server2,19,776.6,1040.05,572,0.923538,2,0,169261,652567,1276.33,
56.19,2,server2,19,776.6,1040.05,572,2.7004,2,1,201368,720499,1237.38,
56126,2,server2,23,779.8,1111.33,572,0.923538,2,0,169252,652567,1276.33,
56126,2,server2,23,779.8,1111.33,572,1.22043,2,0,169252,986571,1299.49,
56138,2,server2,27,779.8,1133.96,572,0.923538,2,0,169264,652567,1276.33,
56138,2,server2,27,779.8,1133.96,572,1.22043,2,0,169264,986571,1299.49,
56.18,2,server2,27,779.8,1132.47,572,2.7004,2,1,201358,720499,1237.38,
66264,2,server2,0,903297,779.8,573,0.750229,1,1,172957,910335,879332,
66264,2,server2,0,903297,779.8,573,1.49085,2,2,229956,951253,971812,
77265,2,server2,2,770.2,763599,573,0.750229,1,1,183958,910335,879332,
77265,2,server2,2,770.2,763599,573,1.49085,2,2,240957,951253,971812,
56139,2,server2,3,779.8,963123,573,1.42778,2,2,222277,893435,1154.67,
56693,2,server2,3,779.8,958293,573,0.750229,1,1,163386,910335,879332,
56693,2,server2,3,779.8,958293,573,1.49085,2,2,220385,951253,971812,
56698,2,server2,5,895823,770.2,573,0.750229,1,1,163391,910335,879332,
56698,2,server2,5,895823,770.2,573,1.49085,2,2,220.39,951253,971812,
88597,2,server2,6,773.4,763599,573,0.750229,1,1,195.29,910335,879332,
88597,2,server2,6,773.4,763599,573,1.49085,2,2,252289,951253,971812,
104872,2,server2,6,773.4,880175,573,1.42778,2,2,271.01,893435,1154.67,
63332,2,server2,8,865908,776.6,573,0.750229,1,1,170025,910335,879332,
63332,2,server2,8,865908,776.6,573,1.49085,2,2,227024,951253,971812,
65433,2,server2,9,1188.69,770.2,573,0.750229,1,1,172126,910335,879332,
65512,2,server2,9,1173.35,770.2,573,1.49085,2,2,229204,951253,971812,
56139,2,server2,11,779.8,988504,573,1.42778,2,2,222277,893435,1154.67,
56749,2,server2,11,779.8,988504,573,0.750229,1,1,163442,910335,879332,
56749,2,server2,11,779.8,988504,573,1.49085,2,2,220441,951253,971812,
92096,2,server2,12,1104.08,779.8,573,0.750229,1,1,198789,910335,879332,
92096,2,server2,12,1104.08,779.8,573,1.49085,2,2,255788,951253,971812,
56701,2,server2,13,1135.66,770.2,573,0.750229,1,1,163394,910335,879332,
56701,2,server2,13,1135.66,770.2,573,1.49085,2,2,220393,951253,971812,
56151,2,server2,15,779.8,1034.84,573,1.42778,2,2,222289,893435,1154.67,
56715,2,server2,15,779.8,1034.84,573,0.750229,1,1,163408,910335,879332,
56715,2,server2,15,779.8,1034.84,573,1.49085,2,2,220407,951253,971812,
76394,2,server2,16,860763,776.6,573,0.750229,1,1,183087,910335,879332,
76394,2,server2,16,860763,776.6,573,1.49085,2,2,240086,951253,971812,
56145,2,server2,19,776.6,1040.05,573,1.42778,2,2,222283,893435,1154.67,
56695,2,server2,19,776.6,1040.05,573,0.750229,1,1,163388,910335,879332,
56695,2,server2,19,776.6,1040.05,573,1.49085,2,2,220387,951253,971812,
99052,2,server2,20,983173,779.8,573,0.750229,1,1,205745,910335,879332,
99052,2,server2,20,983173,779.8,573,1.49085,2,2,262744,951253,971812,
56143,2,server2,23,779.8,1109.93,573,1.42778,2,2,222281,893435,1154.67,
56696,2,server2,23,779.8,1100.16,573,0.750229,1,1,163389,910335,879332,
56696,2,server2,23,779.8,1100.16,573,1.49085,2,2,220388,951253,971812,
85324,2,server2,24,895709,779.8,573,0.750229,1,1,192017,910335,879332,
85324,2,server2,24,895709,779.8,573,1.49085,2,2,249016,951253,971812,
57561,2,server2,27,779.8,1114.8,573,0.750229,1,1,164254,910335,879332,
57561,2,server2,27,779.8,1114.8,573,1.49085,2,2,221253,951253,971812,
95241,2,server2,28,1014.17,779.8,573,0.750229,1,1,201934,910335,879332,
95241,2,server2,28,1014.17,779.8,573,1.49085,2,2,258933,951253,971812,
63934,2,server2,29,1190.79,773.4,573,0.750229,1,1,170627,910335,879332,
64041,2,server2,29,1175.62,773.4,573,1.49085,2,2,227733,951253,971812,
66264,2,server2,0,903297,779.8,574,1.0827,2,1,172959,742619,678986,
77265,2,server2,2,770.2,763599,574,1.0827,2,1,183.96,742619,678986,
56698,2,server2,3,779.8,958293,574,1.0827,2,1,163393,742619,678986,
56698,2,server2,5,895823,770.2,574,1.0827,2,1,163393,742619,678986,
88597,2,server2,6,773.4,763599,574,1.0827,2,1,195292,742619,678986,
63332,2,server2,8,865908,776.6,574,1.0827,2,1,170027,742619,678986,
67.75,2,server2,9,1028.19,770.2,574,1.0827,2,1,174445,742619,678986,
60.02,2,server2,11,779.8,975409,574,1.0827,2,1,166715,742619,678986,
61225,2,server2,15,779.8,975796,574,1.0827,2,1,167.92,742619,678986,
76394,2,server2,16,860763,776.6,574,1.0827,2,1,183089,742619,678986,
63079,2,server2,19,776.6,976298,574,1.0827,2,1,169774,742619,678986,
99052,2,server2,20,983173,779.8,574,1.0827,2,1,205747,742619,678986,
65.57,2,server2,23,779.8,976001,574,1.0827,2,1,172265,742619,678986,
85324,2,server2,24,895709,779.8,574,1.0827,2,1,192019,742619,678986,
67292,2,server2,27,776.6,976908,574,1.0827,2,1,173987,742619,678986,
95241,2,server2,28,1014.17,779.8,574,1.0827,2,1,201936,742619,678986,
78.53,2,server2,29,1026.11,773.4,574,1.0827,2,1,185225,742619,678986,
66264,2,server2,0,903297,779.8,575,0.8334,2,2,210963,823395,737651,
77265,2,server2,2,770.2,763599,575,0.8334,2,2,221964,823395,737651,
56708,2,server2,3,779.8,958293,575,0.8334,2,2,201407,823395,737651,
56723,2,server2,5,895823,770.2,575,0.8334,2,2,201422,823395,737651,
88597,2,server2,6,773.4,763599,575,0.8334,2,2,233296,823395,737651,
63332,2,server2,8,865908,776.6,575,0.8334,2,2,208031,823395,737651,
66.14,2,server2,9,1121.42,770.2,575,0.8334,2,2,210839,823395,737651,
56749,2,server2,11,779.8,988504,575,0.8334,2,2,201448,823395,737651,
92096,2,server2,12,1104.08,779.8,575,0.8334,2,2,236795,823395,737651,
64454,2,server2,13,1120.89,770.2,575,0.8334,2,2,209153,823395,737651,
57045,2,server2,15,779.8,1033.56,575,0.8334,2,2,201744,823395,737651,
76394,2,server2,16,860763,776.6,575,0.8334,2,2,221093,823395,737651,
59364,2,server2,19,776.6,1026.7,575,0.8334,2,2,204063,823395,737651,
99052,2,server2,20,983173,779.8,575,0.8334,2,2,243751,823395,737651,
61.41,2,server2,23,779.8,1033.21,575,0.8334,2,2,206109,823395,737651,
85324,2,server2,24,895709,779.8,575,0.8334,2,2,230023,823395,737651,
62751,2,server2,27,776.6,1033.73,575,0.8334,2,2,207.45,823395,737651,
95241,2,server2,28,1014.17,779.8,575,0.8334,2,2,239.94,823395,737651,
69068,2,server2,29,1121.03,773.4,575,0.8334,2,2,213767,823395,737651,
75866,2,server2,0,986973,779.8,576,1.76791,2,2,239566,1270.16,876736,
103967,2,server2,4,1201.86,779.8,576,1.76791,2,2,267667,1270.16,876736,
76569,2,server2,8,987642,776.6,576,1.76791,2,2,240269,1270.16,876736,
56.7,2,server2,9,1260.65,770.2,576,1.76791,2,2,220.4,1270.16,876736,
92096,2,server2,12,1104.08,779.8,576,1.76791,2,2,255796,1270.16,876736,
56701,2,server2,13,1135.66,770.2,576,1.76791,2,2,220401,1270.16,876736,
93391,2,server2,16,988606,776.6,576,1.76791,2,2,257091,1270.16,876736,
56717,2,server2,21,1445.72,770.2,576,1.76791,2,2,220417,1270.16,876736,
98.2,2,server2,24,986489,779.8,576,1.76791,2,2,261.9,1270.16,876736,
95241,2,server2,28,1014.17,779.8,576,1.76791,2,2,258941,1270.16,876736,
56.75,2,server2,29,1263.86,770.2,576,1.76791,2,2,220.45,1270.16,876736,
66264,2,server2,0,903297,779.8,577,0.537449,2,2,235985,849216,530951,
77265,2,server2,2,770.2,763599,577,0.537449,2,2,246986,849216,530951,
56723,2,server2,5,895823,770.2,577,0.537449,2,2,226444,849216,530951,
88597,2,server2,6,773.4,763599,577,0.537449,2,2,258318,849216,530951,
63332,2,server2,8,865908,776.6,577,0.537449,2,2,233053,849216,530951,
67.71,2,server2,9,1029.37,770.2,577,0.537449,2,2,237431,849216,530951,
76394,2,server2,16,860763,776.6,577,0.537449,2,2,246115,849216,530951,
99052,2,server2,20,983173,779.8,577,0.537449,2,2,268773,849216,530951,
79374,2,server2,23,779.8,822525,577,0.537449,2,2,249095,849216,530951,
85324,2,server2,24,895709,779.8,577,0.537449,2,2,255045,849216,530951,
82218,2,server2,27,776.6,821657,577,0.537449,2,2,251939,849216,530951,
95241,2,server2,28,1014.17,779.8,577,0.537449,2,2,264962,849216,530951,
78539,2,server2,29,1024.67,773.4,577,0.537449,2,2,248.26,849216,530951,
66264,2,server2,0,903297,779.8,578,1.37336,2,1,180985,881925,944675,
77265,2,server2,2,770.2,763599,578,1.37336,2,1,191986,881925,944675,
56728,2,server2,3,779.8,958293,578,1.37336,2,1,171449,881925,944675,
56723,2,server2,5,895823,770.2,578,1.37336,2,1,171444,881925,944675,
88597,2,server2,6,773.4,763599,578,1.37336,2,1,203318,881925,944675,
63332,2,server2,8,865908,776.6,578,1.37336,2,1,178053,881925,944675,
66.14,2,server2,9,1124.96,770.2,578,1.37336,2,1,180861,881925,944675,
56749,2,server2,11,779.8,988504,578,1.37336,2,1,171.47,881925,944675,
92096,2,server2,12,1104.08,779.8,578,1.37336,2,1,206817,881925,944675,
63709,2,server2,13,1125.1,770.2,578,1.37336,2,1,178.43,881925,944675,
56.75,2,server2,15,779.8,1034.84,578,1.37336,2,1,171471,881925,944675,
76394,2,server2,16,860763,776.6,578,1.37336,2,1,191115,881925,944675,
56728,2,server2,19,776.6,1038.58,578,1.37336,2,1,171449,881925,944675,
99052,2,server2,20,983173,779.8,578,1.37336,2,1,213773,881925,944675,
56726,2,server2,23,779.8,1100.16,578,1.37336,2,1,171447,881925,944675,
85324,2,server2,24,895709,779.8,578,1.37336,2,1,200045,881925,944675,
57561,2,server2,27,779.8,1114.8,578,1.37336,2,1,172282,881925,944675,
95241,2,server2,28,1014.17,779.8,578,1.37336,2,1,209962,881925,944675,
68936,2,server2,29,1127.1,773.4,578,1.37336,2,1,183657,881925,944675,
77265,2,server2,2,770.2,763599,579,1.36871,2,2,258114,682769,479298,
88597,2,server2,6,773.4,763599,579,1.36871,2,2,269446,682769,479298,
103967,2,server2,4,1201.86,779.8,580,0.53985,1,1,213816,1252.09,1028.37,
80775,2,server2,8,1084.67,779.8,580,0.53985,1,1,190624,1252.09,1028.37,
56.85,2,server2,9,1260.65,770.2,580,0.53985,1,1,166699,1252.09,1028.37,
92096,2,server2,12,1104.08,779.8,580,0.53985,1,1,201945,1252.09,1028.37,
56851,2,server2,13,1135.66,770.2,580,0.53985,1,1,166.7,1252.09,1028.37,
102496,2,server2,16,1090.31,776.6,580,0.53985,1,1,212345,1252.09,1028.37,
74958,2,server2,21,1404.12,770.2,580,0.53985,1,1,184807,1252.09,1028.37,
56855,2,server2,29,1263.86,770.2,580,0.53985,1,1,166704,1252.09,1028.37,
66264,2,server2,0,903297,779.8,581,0.689929,2,1,176113,741287,790082,
77265,2,server2,2,770.2,763599,581,0.689929,2,1,187114,741287,790082,
56853,2,server2,3,779.8,958293,581,0.689929,2,1,166702,741287,790082,
56858,2,server2,5,894467,770.2,581,0.689929,2,1,166707,741287,790082,
88597,2,server2,6,773.4,763599,581,0.689929,2,1,198446,741287,790082,
63332,2,server2,8,865908,776.6,581,0.689929,2,1,173181,741287,790082,
67.65,2,server2,9,1039.98,770.2,581,0.689929,2,1,177499,741287,790082,
56869,2,server2,11,779.8,988504,581,0.689929,2,1,166718,741287,790082,
56.86,2,server2,15,779.8,1034.84,581,0.689929,2,1,166709,741287,790082,
76394,2,server2,16,860763,776.6,581,0.689929,2,1,186243,741287,790082,
59364,2,server2,19,776.6,1026.7,581,0.689929,2,1,169213,741287,790082,
99052,2,server2,20,983173,779.8,581,0.689929,2,1,208901,741287,790082,
57625,2,server2,23,779.8,1086.21,581,0.689929,2,1,167474,741287,790082,
85324,2,server2,24,895709,779.8,581,0.689929,2,1,195173,741287,790082,
60974,2,server2,27,776.6,1087.3,581,0.689929,2,1,170823,741287,790082,
95241,2,server2,28,1014.17,779.8,581,0.689929,2,1,205.09,741287,790082,
77759,2,server2,29,1040.72,773.4,581,0.689929,2,1,187608,741287,790082,
66264,2,server2,0,903297,779.8,582,1.00324,1,1,178131,970424,535861,
56873,2,server2,5,894467,770.2,582,1.00324,1,1,168.74,970424,535861,
63332,2,server2,8,865908,776.6,582,1.00324,1,1,175199,970424,535861,
66.13,2,server2,9,1156.83,770.2,582,1.00324,1,1,177997,970424,535861,
92096,2,server2,12,1104.08,779.8,582,1.00324,1,1,203963,970424,535861,
56876,2,server2,13,1135.66,770.2,582,1.00324,1,1,168743,970424,535861,
76394,2,server2,16,860763,776.6,582,1.00324,1,1,188261,970424,535861,
99052,2,server2,20,983173,779.8,582,1.00324,1,1,210919,970424,535861,
85324,2,server2,24,895709,779.8,582,1.00324,1,1,197191,970424,535861,
95241,2,server2,28,1014.17,779.8,582,1.00324,1,1,207108,970424,535861,
64175,2,server2,29,1152.88,773.4,582,1.00324,1,1,176042,970424,535861,
66264,2,server2,0,903297,779.8,583,1.06483,1,1,178131,843342,898.52,
77265,2,server2,2,770.2,763599,583,1.06483,1,1,189132,843342,898.52,
56868,2,server2,3,779.8,958293,583,1.06483,1,1,168735,843342,898.52,
56873,2,server2,5,894467,770.2,583,1.06483,1,1,168.74,843342,898.52,
88597,2,server2,6,773.4,763599,583,1.06483,1,1,200464,843342,898.52,
63332,2,server2,8,865908,776.6,583,1.06483,1,1,175199,843342,898.52,
66329,2,server2,9,1114.34,770.2,583,1.06483,1,1,178196,843342,898.52,
56869,2,server2,11,779.8,988504,583,1.06483,1,1,168736,843342,898.52,
92096,2,server2,12,1104.08,779.8,583,1.06483,1,1,203963,843342,898.52,
69324,2,server2,13,1113.5,770.2,583,1.06483,1,1,181191,843342,898.52,
56875,2,server2,15,779.8,1034.84,583,1.06483,1,1,168742,843342,898.52,
76394,2,server2,16,860763,776.6,583,1.06483,1,1,188261,843342,898.52,
59364,2,server2,19,776.6,1026.7,583,1.06483,1,1,171231,843342,898.52,
99052,2,server2,20,983173,779.8,583,1.06483,1,1,210919,843342,898.52,
56868,2,server2,23,779.8,1098.76,583,1.06483,1,1,168735,843342,898.52,
85324,2,server2,24,895709,779.8,583,1.06483,1,1,197191,843342,898.52,
57561,2,server2,27,779.8,1114.8,583,1.06483,1,1,169428,843342,898.52,
95241,2,server2,28,1014.17,779.8,583,1.06483,1,1,207108,843342,898.52,
69154,2,server2,29,1114.97,773.4,583,1.06483,1,1,181021,843342,898.52,
66264,2,server2,0,903297,779.8,584,0.510587,2,2,217182,809.58,633149,
77265,2,server2,2,770.2,763599,584,0.510587,2,2,228183,809.58,633149,
97163,2,server2,3,779.8,930476,584,0.510587,2,2,248081,809.58,633149,
56918,2,server2,5,894467,770.2,584,0.510587,2,2,207836,809.58,633149,
88597,2,server2,6,773.4,763599,584,0.510587,2,2,239515,809.58,633149,
63332,2,server2,8,865908,776.6,584,0.510587,2,2,214.25,809.58,633149,
67314,2,server2,9,1075.39,770.2,584,0.510587,2,2,218232,809.58,633149,
92267,2,server2,11,779.8,930887,584,0.510587,2,2,243185,809.58,633149,
94334,2,server2,13,1075.49,770.2,584,0.510587,2,2,245252,809.58,633149,
66718,2,server2,15,779.8,930897,584,0.510587,2,2,217636,809.58,633149,
76394,2,server2,16,860763,776.6,584,0.510587,2,2,227312,809.58,633149,
65213,2,server2,19,776.6,930328,584,0.510587,2,2,216131,809.58,633149,
99052,2,server2,20,983173,779.8,584,0.510587,2,2,249.97,809.58,633149,
70592,2,server2,23,779.8,931362,584,0.510587,2,2,221.51,809.58,633149,
85324,2,server2,24,895709,779.8,584,0.510587,2,2,236242,809.58,633149,
69536,2,server2,27,776.6,930796,584,0.510587,2,2,220454,809.58,633149,
95241,2,server2,28,1014.17,779.8,584,0.510587,2,2,246159,809.58,633149,
74144,2,server2,29,1074.02,773.4,584,0.510587,2,2,225062,809.58,633149,
83066,2,server2,0,1017.65,779.8,585,0.669068,2,2,233985,1089.36,488827,
76571,2,server2,8,1005.73,776.6,585,0.669068,2,2,227.49,1089.36,488827,
65413,2,server2,9,1193.41,770.2,585,0.669068,2,2,216332,1089.36,488827,
92096,2,server2,12,1104.08,779.8,585,0.669068,2,2,243015,1089.36,488827,
56921,2,server2,13,1135.66,770.2,585,0.669068,2,2,207.84,1089.36,488827,
93393,2,server2,16,1005.05,776.6,585,0.669068,2,2,244312,1089.36,488827,
100064,2,server2,24,1016.74,779.8,585,0.669068,2,2,250983,1089.36,488827,
97277,2,server2,28,1017.3,779.8,585,0.669068,2,2,248196,1089.36,488827,
64003,2,server2,29,1183.21,773.4,585,0.669068,2,2,214922,1089.36,488827,
66264,2,server2,0,903297,779.8,586,0.792973,2,2,210208,895305,593009,
77265,2,server2,2,770.2,763599,586,0.792973,2,2,221209,895305,593009,
106286,2,server2,3,779.8,868913,586,0.792973,2,2,250.23,895305,593009,
56948,2,server2,5,894467,770.2,586,0.792973,2,2,200892,895305,593009,
88597,2,server2,6,773.4,763599,586,0.792973,2,2,232541,895305,593009,
63332,2,server2,8,865908,776.6,586,0.792973,2,2,207276,895305,593009,
66.13,2,server2,9,1136.75,770.2,586,0.792973,2,2,210074,895305,593009,
95697,2,server2,11,779.8,869304,586,0.792973,2,2,239641,895305,593009,
92096,2,server2,12,1104.08,779.8,586,0.792973,2,2,236.04,895305,593009,
56951,2,server2,13,1135.66,770.2,586,0.792973,2,2,200895,895305,593009,
76394,2,server2,16,860763,776.6,586,0.792973,2,2,220338,895305,593009,
70774,2,server2,19,776.6,868079,586,0.792973,2,2,214718,895305,593009,
99052,2,server2,20,983173,779.8,586,0.792973,2,2,242996,895305,593009,
79318,2,server2,23,779.8,868666,586,0.792973,2,2,223262,895305,593009,
85324,2,server2,24,895709,779.8,586,0.792973,2,2,229268,895305,593009,
81857,2,server2,27,776.6,867831,586,0.792973,2,2,225801,895305,593009,
95241,2,server2,28,1014.17,779.8,586,0.792973,2,2,239185,895305,593009,
68745,2,server2,29,1134.67,773.4,586,0.792973,2,2,212689,895305,593009,
66264,2,server2,0,903297,779.8,587,1.37493,2,2,210208,1055.88,559621,
103967,2,server2,4,1201.86,779.8,587,1.37493,2,2,247911,1055.88,559621,
56948,2,server2,5,894467,770.2,587,1.37493,2,2,200892,1055.88,559621,
63332,2,server2,8,865908,776.6,587,1.37493,2,2,207276,1055.88,559621,
56945,2,server2,9,1260.65,770.2,587,1.37493,2,2,200889,1055.88,559621,
92096,2,server2,12,1104.08,779.8,587,1.37493,2,2,236.04,1055.88,559621,
56951,2,server2,13,1135.66,770.2,587,1.37493,2,2,200895,1055.88,559621,
76394,2,server2,16,860763,776.6,587,1.37493,2,2,220338,1055.88,559621,
99052,2,server2,20,983173,779.8,587,1.37493,2,2,242996,1055.88,559621,
85324,2,server2,24,895709,779.8,587,1.37493,2,2,229268,1055.88,559621,
95241,2,server2,28,1014.17,779.8,587,1.37493,2,2,239185,1055.88,559621,
56945,2,server2,29,1263.86,770.2,587,1.37493,2,2,200889,1055.88,559621,
77265,2,server2,2,770.2,763599,588,0.920899,2,2,242238,662054,1029.11,
56973,2,server2,3,779.8,958293,588,0.920899,2,2,221946,662054,1029.11,
88597,2,server2,6,773.4,763599,588,0.920899,2,2,253.57,662054,1029.11,
56999,2,server2,11,779.8,988504,588,0.920899,2,2,221972,662054,1029.11,
56985,2,server2,15,779.8,1034.84,588,0.920899,2,2,221958,662054,1029.11,
59364,2,server2,19,776.6,1026.7,588,0.920899,2,2,224337,662054,1029.11,
56978,2,server2,23,779.8,1097.36,588,0.920899,2,2,221951,662054,1029.11,
57561,2,server2,27,779.8,1114.8,588,0.920899,2,2,222534,662054,1029.11,
66264,2,server2,0,903297,779.8,589,1.45482,2,2,231237,1054.34,1011.5,
56973,2,server2,3,779.8,958293,589,1.45482,2,2,221946,1054.34,1011.5,
103967,2,server2,4,1201.86,779.8,589,1.45482,2,2,268.94,1054.34,1011.5,
56978,2,server2,5,894467,770.2,589,1.45482,2,2,221951,1054.34,1011.5,
105767,2,server2,6,773.4,906638,589,1.45482,2,2,270.74,1054.34,1011.5,
63557,2,server2,8,869196,776.6,589,1.45482,2,2,228.53,1054.34,1011.5,
60275,2,server2,9,1232.34,770.2,589,1.45482,2,2,225248,1054.34,1011.5,
56999,2,server2,11,779.8,988504,589,1.45482,2,2,221972,1054.34,1011.5,
92096,2,server2,12,1104.08,779.8,589,1.45482,2,2,257069,1054.34,1011.5,
56981,2,server2,13,1135.66,770.2,589,1.45482,2,2,221954,1054.34,1011.5,
56985,2,server2,15,779.8,1034.84,589,1.45482,2,2,221958,1054.34,1011.5,
80651,2,server2,16,867849,776.6,589,1.45482,2,2,245624,1054.34,1011.5,
59364,2,server2,19,776.6,1026.7,589,1.45482,2,2,224337,1054.34,1011.5,
99052,2,server2,20,983173,779.8,589,1.45482,2,2,264025,1054.34,1011.5,
56978,2,server2,23,779.8,1097.36,589,1.45482,2,2,221951,1054.34,1011.5,
85324,2,server2,24,895709,779.8,589,1.45482,2,2,250297,1054.34,1011.5,
57561,2,server2,27,779.8,1114.8,589,1.45482,2,2,222534,1054.34,1011.5,
95241,2,server2,28,1014.17,779.8,589,1.45482,2,2,260214,1054.34,1011.5,
61623,2,server2,29,1232.56,770.2,589,1.45482,2,2,226596,1054.34,1011.5,
66264,2,server2,0,903297,779.8,590,0.403496,2,2,234285,756592,771139,
66264,2,server2,0,903297,779.8,590,0.589726,2,1,186312,1013.71,910216,
77265,2,server2,2,770.2,763599,590,0.403496,2,2,245286,756592,771139,
77265,2,server2,2,770.2,763599,590,0.589726,2,1,197313,1013.71,910216,
57033,2,server2,3,779.8,958293,590,0.403496,2,2,225054,756592,771139,
57048,2,server2,3,779.8,958293,590,0.589726,2,1,177096,1013.71,910216,
103967,2,server2,4,1201.86,779.8,590,0.589726,2,1,224015,1013.71,910216,
57023,2,server2,5,894467,770.2,590,0.403496,2,2,225044,756592,771139,
57053,2,server2,5,894467,770.2,590,0.589726,2,1,177101,1013.71,910216,
88597,2,server2,6,773.4,763599,590,0.403496,2,2,256618,756592,771139,
88597,2,server2,6,773.4,763599,590,0.589726,2,1,208645,1013.71,910216,
63332,2,server2,8,865908,776.6,590,0.403496,2,2,231353,756592,771139,
63332,2,server2,8,865908,776.6,590,0.589726,2,1,183.38,1013.71,910216,
57.05,2,server2,9,1260.65,770.2,590,0.589726,2,1,177098,1013.71,910216,
67608,2,server2,9,1056.47,770.2,590,0.403496,2,2,235629,756592,771139,
57029,2,server2,11,779.8,988504,590,0.403496,2,2,225.05,756592,771139,
57059,2,server2,11,779.8,988504,590,0.589726,2,1,177107,1013.71,910216,
92096,2,server2,12,1104.08,779.8,590,0.589726,2,1,212144,1013.71,910216,
57056,2,server2,13,1135.66,770.2,590,0.589726,2,1,177104,1013.71,910216,
97663,2,server2,13,1056.49,770.2,590,0.403496,2,2,265684,756592,771139,
57045,2,server2,15,779.8,1034.84,590,0.403496,2,2,225066,756592,771139,
57055,2,server2,15,779.8,1033.56,590,0.589726,2,1,177103,1013.71,910216,
76394,2,server2,16,860763,776.6,590,0.403496,2,2,244415,756592,771139,
76394,2,server2,16,860763,776.6,590,0.589726,2,1,196442,1013.71,910216,
59364,2,server2,19,776.6,1026.7,590,0.403496,2,2,227385,756592,771139,
59364,2,server2,19,776.6,1026.7,590,0.589726,2,1,179412,1013.71,910216,
99052,2,server2,20,983173,779.8,590,0.403496,2,2,267073,756592,771139,
99052,2,server2,20,983173,779.8,590,0.589726,2,1,219.1,1013.71,910216,
57048,2,server2,23,779.8,1097.36,590,0.589726,2,1,177096,1013.71,910216,
58823,2,server2,23,779.8,1069.49,590,0.403496,2,2,226844,756592,771139,
85324,2,server2,24,895709,779.8,590,0.403496,2,2,253345,756592,771139,
85324,2,server2,24,895709,779.8,590,0.589726,2,1,205372,1013.71,910216,
58532,2,server2,27,779.8,1097.38,590,0.589726,2,1,178.58,1013.71,910216,
61858,2,server2,27,776.6,1069.04,590,0.403496,2,2,229879,756592,771139,
95241,2,server2,28,1014.17,779.8,590,0.403496,2,2,263262,756592,771139,
95241,2,server2,28,1014.17,779.8,590,0.589726,2,1,215289,1013.71,910216,
57.05,2,server2,29,1263.86,770.2,590,0.589726,2,1,177098,1013.71,910216,
75475,2,server2,29,1055.81,773.4,590,0.403496,2,2,243496,756592,771139,
66264,2,server2,0,903297,779.8,591,0.799162,2,1,186313,1186.18,702692,
103967,2,server2,4,1201.86,779.8,591,0.799162,2,1,224016,1186.18,702692,
57053,2,server2,5,894467,770.2,591,0.799162,2,1,177102,1186.18,702692,
70244,2,server2,8,895522,776.6,591,0.799162,2,1,190293,1186.18,702692,
57.05,2,server2,9,1260.65,770.2,591,0.799162,2,1,177099,1186.18,702692,
92096,2,server2,12,1104.08,779.8,591,0.799162,2,1,212145,1186.18,702692,
57056,2,server2,13,1135.66,770.2,591,0.799162,2,1,177105,1186.18,702692,
90019,2,server2,16,896121,776.6,591,0.799162,2,1,210068,1186.18,702692,
99052,2,server2,20,983173,779.8,591,0.799162,2,1,219101,1186.18,702692,
57052,2,server2,21,1444.45,770.2,591,0.799162,2,1,177101,1186.18,702692,
85324,2,server2,24,897227,779.8,591,0.799162,2,1,205373,1186.18,702692,
95241,2,server2,28,1014.17,779.8,591,0.799162,2,1,215.29,1186.18,702692,
57.05,2,server2,29,1263.86,770.2,591,0.799162,2,1,177099,1186.18,702692,
66264,2,server2,0,903297,779.8,592,0.644124,2,1,190355,955677,960896,
77265,2,server2,2,770.2,763599,592,0.644124,2,1,201356,955677,960896,
57093,2,server2,3,779.8,958293,592,0.644124,2,1,181184,955677,960896,
57098,2,server2,5,894467,770.2,592,0.644124,2,1,181189,955677,960896,
88597,2,server2,6,773.4,763599,592,0.644124,2,1,212688,955677,960896,
63332,2,server2,8,865908,776.6,592,0.644124,2,1,187423,955677,960896,
65444,2,server2,9,1186.33,770.2,592,0.644124,2,1,189535,955677,960896,
57109,2,server2,11,779.8,988504,592,0.644124,2,1,181.2,955677,960896,
92096,2,server2,12,1104.08,779.8,592,0.644124,2,1,216187,955677,960896,
57101,2,server2,13,1135.66,770.2,592,0.644124,2,1,181192,955677,960896,
57095,2,server2,15,779.8,1033.56,592,0.644124,2,1,181186,955677,960896,
76394,2,server2,16,860763,776.6,592,0.644124,2,1,200485,955677,960896,
59364,2,server2,19,776.6,1026.7,592,0.644124,2,1,183455,955677,960896,
99052,2,server2,20,983173,779.8,592,0.644124,2,1,223143,955677,960896,
57093,2,server2,23,779.8,1097.36,592,0.644124,2,1,181184,955677,960896,
85324,2,server2,24,895709,779.8,592,0.644124,2,1,209415,955677,960896,
57561,2,server2,27,779.8,1114.8,592,0.644124,2,1,181652,955677,960896,
95241,2,server2,28,1014.17,779.8,592,0.644124,2,1,219332,955677,960896,
63.95,2,server2,29,1189.27,773.4,592,0.644124,2,1,188041,955677,960896,
57193,2,server2,23,779.8,1097.36,593,0.70665,2,1,199386,989357,1275.56,
57561,2,server2,27,779.8,1114.8,593,0.70665,2,1,199754,989357,1275.56,
66264,2,server2,0,903297,779.8,594,0.752072,2,1,208461,748683,978064,
57202,2,server2,1,869261,770.2,594,0.752072,2,1,199399,748683,978064,
77265,2,server2,2,770.2,763599,594,0.752072,2,1,219462,748683,978064,
57198,2,server2,3,779.8,958293,594,0.752072,2,1,199395,748683,978064,
57203,2,server2,5,894467,770.2,594,0.752072,2,1,199.4,748683,978064,
88597,2,server2,6,773.4,763599,594,0.752072,2,1,230794,748683,978064,
63332,2,server2,8,865908,776.6,594,0.752072,2,1,205529,748683,978064,
68254,2,server2,9,964445,770.2,594,0.752072,2,1,210451,748683,978064,
57199,2,server2,11,779.8,988504,594,0.752072,2,1,199396,748683,978064,
76394,2,server2,16,860763,776.6,594,0.752072,2,1,218591,748683,978064,
59364,2,server2,19,776.6,1026.7,594,0.752072,2,1,201561,748683,978064,
57198,2,server2,23,779.8,1097.36,594,0.752072,2,1,199395,748683,978064,
85324,2,server2,24,895709,779.8,594,0.752072,2,1,227521,748683,978064,
57561,2,server2,27,779.8,1114.8,594,0.752072,2,1,199758,748683,978064,
83259,2,server2,29,967211,773.4,594,0.752072,2,1,225456,748683,978064,
66264,2,server2,0,903297,779.8,595,0.471109,2,2,264501,878053,921692,
57242,2,server2,1,869261,770.2,595,0.471109,2,2,255479,878053,921692,
77265,2,server2,2,770.2,763599,595,0.471109,2,2,275502,878053,921692,
57238,2,server2,3,779.8,958293,595,0.471109,2,2,255475,878053,921692,
57238,2,server2,5,894467,770.2,595,0.471109,2,2,255475,878053,921692,
88597,2,server2,6,773.4,763599,595,0.471109,2,2,286834,878053,921692,
63332,2,server2,8,865908,776.6,595,0.471109,2,2,261569,878053,921692,
66.13,2,server2,9,1136.75,770.2,595,0.471109,2,2,264367,878053,921692,
57254,2,server2,11,779.8,988504,595,0.471109,2,2,255491,878053,921692,
92096,2,server2,12,1104.08,779.8,595,0.471109,2,2,290333,878053,921692,
57251,2,server2,13,1135.66,770.2,595,0.471109,2,2,255488,878053,921692,
57242,2,server2,15,779.8,1020.73,595,0.471109,2,2,255479,878053,921692,
76394,2,server2,16,860763,776.6,595,0.471109,2,2,274631,878053,921692,
59364,2,server2,19,776.6,1026.7,595,0.471109,2,2,257601,878053,921692,
99052,2,server2,20,983173,779.8,595,0.471109,2,2,297289,878053,921692,
85324,2,server2,24,895709,779.8,595,0.471109,2,2,283561,878053,921692,
57561,2,server2,27,779.8,1114.8,595,0.471109,2,2,255798,878053,921692,
95241,2,server2,28,1014.17,779.8,595,0.471109,2,2,293478,878053,921692,
68683,2,server2,29,1137.71,773.4,595,0.471109,2,2,266.92,878053,921692,
57561,2,server2,27,779.8,1114.8,596,0.513174,2,2,255798,1073.18,1156.01,
57257,2,server2,9,1259.47,770.2,597,1.41214,2,1,160509,1505.64,871284,
57.26,2,server2,29,1262.41,770.2,597,1.41214,2,1,160512,1505.64,871284,
66264,2,server2,0,903297,779.8,598,0.49037,2,2,215551,897613,576874,
66264,2,server2,0,903297,779.8,598,0.552617,2,2,215551,755849,918973,
77265,2,server2,2,770.2,763599,598,0.49037,2,2,226552,897613,576874,
77265,2,server2,2,770.2,763599,598,0.552617,2,2,226552,755849,918973,
57288,2,server2,3,779.8,958293,598,0.552617,2,2,206575,755849,918973,
106291,2,server2,3,779.8,851979,598,0.49037,2,2,255578,897613,576874,
57293,2,server2,5,894467,770.2,598,0.49037,2,2,206.58,897613,576874,
57293,2,server2,5,894467,770.2,598,0.552617,2,2,206.58,755849,918973,
88597,2,server2,6,773.4,763599,598,0.49037,2,2,237884,897613,576874,
88597,2,server2,6,773.4,763599,598,0.552617,2,2,237884,755849,918973,
63332,2,server2,8,865908,776.6,598,0.49037,2,2,212619,897613,576874,
63332,2,server2,8,865908,776.6,598,0.552617,2,2,212619,755849,918973,
66.13,2,server2,9,1126.14,770.2,598,0.49037,2,2,215417,897613,576874,
68225,2,server2,9,1015.21,770.2,598,0.552617,2,2,217512,755849,918973,
57304,2,server2,11,779.8,988504,598,0.552617,2,2,206591,755849,918973,
95703,2,server2,11,779.8,852279,598,0.49037,2,2,244.99,897613,576874,
92096,2,server2,12,1104.08,779.8,598,0.49037,2,2,241383,897613,576874,
60402,2,server2,13,1126.16,770.2,598,0.49037,2,2,209689,897613,576874,
57287,2,server2,15,779.8,1020.73,598,0.552617,2,2,206574,755849,918973,
76394,2,server2,16,860763,776.6,598,0.49037,2,2,225681,897613,576874,
76394,2,server2,16,860763,776.6,598,0.552617,2,2,225681,755849,918973,
59364,2,server2,19,776.6,1026.7,598,0.552617,2,2,208651,755849,918973,
91966,2,server2,19,776.6,850266,598,0.49037,2,2,241253,897613,576874,
99052,2,server2,20,983173,779.8,598,0.49037,2,2,248339,897613,576874,
99052,2,server2,20,983173,779.8,598,0.552617,2,2,248339,755849,918973,
57287,2,server2,23,779.8,1091.78,598,0.552617,2,2,206574,755849,918973,
79336,2,server2,23,779.8,851948,598,0.49037,2,2,228623,897613,576874,
85324,2,server2,24,895709,779.8,598,0.49037,2,2,234611,897613,576874,
85324,2,server2,24,895709,779.8,598,0.552617,2,2,234611,755849,918973,
57561,2,server2,27,779.8,1114.8,598,0.552617,2,2,206848,755849,918973,
82075,2,server2,27,776.6,850947,598,0.49037,2,2,231362,897613,576874,
95241,2,server2,28,1014.17,779.8,598,0.49037,2,2,244528,897613,576874,
95241,2,server2,28,1014.17,779.8,598,0.552617,2,2,244528,755849,918973,
69039,2,server2,29,1124.07,773.4,598,0.49037,2,2,218326,897613,576874,
78539,2,server2,29,1017.56,773.4,598,0.552617,2,2,227826,755849,918973,
57482,2,server2,1,856325,770.2,599,0.671976,2,2,247957,597498,835199,
77265,2,server2,2,770.2,763599,599,0.671976,2,2,267.74,597498,835199,
57478,2,server2,3,779.8,958293,599,0.671976,2,2,247953,597498,835199,
88597,2,server2,6,773.4,763599,599,0.671976,2,2,279072,597498,835199,
63332,2,server2,8,865908,776.6,599,0.671976,2,2,253807,597498,835199,
86047,2,server2,9,890.09,770.2,599,0.671976,2,2,276522,597498,835199,
57479,2,server2,11,779.8,988504,599,0.671976,2,2,247954,597498,835199,
57477,2,server2,15,779.8,1018.16,599,0.671976,2,2,247952,597498,835199,
76394,2,server2,16,860763,776.6,599,0.671976,2,2,266869,597498,835199,
59364,2,server2,19,776.6,1026.7,599,0.671976,2,2,249839,597498,835199,
58734,2,server2,23,779.8,1072.27,599,0.671976,2,2,249209,597498,835199,
61745,2,server2,27,776.6,1075.17,599,0.671976,2,2,252.22,597498,835199,
99121,2,server2,29,891061,773.4,599,0.671976,2,2,289596,597498,835199,
66264,2,server2,0,903297,779.8,600,2.37458,2,2,256739,827417,894118,
57482,2,server2,1,856325,770.2,600,2.37458,2,2,247957,827417,894118,
77265,2,server2,2,770.2,763599,600,2.37458,2,2,267.74,827417,894118,
57478,2,server2,3,779.8,958293,600,2.37458,2,2,247953,827417,894118,
88597,2,server2,6,773.4,763599,600,2.37458,2,2,279072,827417,894118,
63332,2,server2,8,865908,776.6,600,2.37458,2,2,253807,827417,894118,
66359,2,server2,9,1100.17,770.2,600,2.37458,2,2,256834,827417,894118,
57479,2,server2,11,779.8,988504,600,2.37458,2,2,247954,827417,894118,
92096,2,server2,12,1104.08,779.8,600,2.37458,2,2,282571,827417,894118,
73963,2,server2,13,1099.78,770.2,600,2.37458,2,2,264438,827417,894118,
57477,2,server2,15,779.8,1018.16,600,2.37458,2,2,247952,827417,894118,
76394,2,server2,16,860763,776.6,600,2.37458,2,2,266869,827417,894118,
59364,2,server2,19,776.6,1026.7,600,2.37458,2,2,249839,827417,894118,
99052,2,server2,20,983173,779.8,600,2.37458,2,2,289527,827417,894118,
57476,2,server2,23,779.8,1088.99,600,2.37458,2,2,247951,827417,894118,
85324,2,server2,24,895709,779.8,600,2.37458,2,2,275799,827417,894118,
57561,2,server2,27,779.8,1114.8,600,2.37458,2,2,248036,827417,894118,
95241,2,server2,28,1014.17,779.8,600,2.37458,2,2,285716,827417,894118,
73445,2,server2,29,1101.31,773.4,600,2.37458,2,2,263.92,827417,894118,
57563,2,server2,3,779.8,958293,601,0.425169,2,2,234124,607252,1108.33,
104395,2,server2,6,773.4,859285,601,0.425169,2,2,280956,607252,1108.33,
57599,2,server2,11,779.8,988504,601,0.425169,2,2,234.16,607252,1108.33,
57563,2,server2,15,779.8,1016.87,601,0.425169,2,2,234124,607252,1108.33,
59364,2,server2,19,776.6,1026.7,601,0.425169,2,2,235925,607252,1108.33,
57564,2,server2,23,779.8,1087.6,601,0.425169,2,2,234125,607252,1108.33,
57573,2,server2,3,779.8,958293,602,0.494873,2,2,234141,989688,1102.87,
104913,2,server2,6,773.4,895.47,602,0.494873,2,2,281481,989688,1102.87,
57599,2,server2,11,779.8,988504,602,0.494873,2,2,234167,989688,1102.87,
57569,2,server2,15,779.8,1016.87,602,0.494873,2,2,234137,989688,1102.87,
59364,2,server2,19,776.6,1026.7,602,0.494873,2,2,235932,989688,1102.87,
57.57,2,server2,23,779.8,1087.6,602,0.494873,2,2,234138,989688,1102.87,
75824,2,server2,0,984177,779.8,603,0.779684,2,2,249562,1283.48,797072,
103967,2,server2,4,1201.86,779.8,603,0.779684,2,2,277705,1283.48,797072,
76531,2,server2,8,984353,776.6,603,0.779684,2,2,250269,1283.48,797072,
57742,2,server2,9,1259.47,770.2,603,0.779684,2,2,231.48,1283.48,797072,
92096,2,server2,12,1104.08,779.8,603,0.779684,2,2,265834,1283.48,797072,
57746,2,server2,13,1135.66,770.2,603,0.779684,2,2,231484,1283.48,797072,
93363,2,server2,16,985609,776.6,603,0.779684,2,2,267101,1283.48,797072,
101441,2,server2,20,984426,779.8,603,0.779684,2,2,275179,1283.48,797072,
57747,2,server2,21,1444.45,770.2,603,0.779684,2,2,231485,1283.48,797072,
98199,2,server2,24,984975,779.8,603,0.779684,2,2,271937,1283.48,797072,
95241,2,server2,28,1014.17,779.8,603,0.779684,2,2,268979,1283.48,797072,
66264,2,server2,0,903297,779.8,604,0.763816,2,1,205161,959583,790431,
77265,2,server2,2,770.2,763599,604,0.763816,2,1,216162,959583,790431,
57903,2,server2,3,779.8,957081,604,0.763816,2,1,196.8,959583,790431,
103967,2,server2,4,1201.86,779.8,604,0.763816,2,1,242864,959583,790431,
57.9,2,server2,5,880941,770.2,604,0.763816,2,1,196797,959583,790431,
88597,2,server2,6,773.4,763599,604,0.763816,2,1,227494,959583,790431,
63332,2,server2,8,865908,776.6,604,0.763816,2,1,202229,959583,790431,
59852,2,server2,9,1258.29,770.2,604,0.763816,2,1,198749,959583,790431,
57907,2,server2,11,779.8,985888,604,0.763816,2,1,196804,959583,790431,
92096,2,server2,12,1104.08,779.8,604,0.763816,2,1,230993,959583,790431,
57906,2,server2,13,1135.66,770.2,604,0.763816,2,1,196803,959583,790431,
57901,2,server2,15,779.8,1013.03,604,0.763816,2,1,196798,959583,790431,
76394,2,server2,16,860763,776.6,604,0.763816,2,1,215291,959583,790431,
59364,2,server2,19,776.6,1026.7,604,0.763816,2,1,198261,959583,790431,
99052,2,server2,20,983173,779.8,604,0.763816,2,1,237949,959583,790431,
61612,2,server2,23,779.8,1030.41,604,0.763816,2,1,200509,959583,790431,
85324,2,server2,24,895709,779.8,604,0.763816,2,1,224221,959583,790431,
63.24,2,server2,27,776.6,1027.59,604,0.763816,2,1,202137,959583,790431,
95241,2,server2,28,1014.17,779.8,604,0.763816,2,1,234138,959583,790431,
57906,2,server2,29,1250.91,770.2,604,0.763816,2,1,196803,959583,790431,
66264,2,server2,0,903297,779.8,605,0.768034,2,1,205161,659075,931081,
77265,2,server2,2,770.2,763599,605,0.768034,2,1,216162,659075,931081,
57903,2,server2,3,779.8,957081,605,0.768034,2,1,196.8,659075,931081,
57.9,2,server2,5,880941,770.2,605,0.768034,2,1,196797,659075,931081,
88597,2,server2,6,773.4,763599,605,0.768034,2,1,227494,659075,931081,
63332,2,server2,8,865908,776.6,605,0.768034,2,1,202229,659075,931081,
75154,2,server2,9,911342,770.2,605,0.768034,2,1,214051,659075,931081,
57907,2,server2,11,779.8,985888,605,0.768034,2,1,196804,659075,931081,
57901,2,server2,15,779.8,1013.03,605,0.768034,2,1,196798,659075,931081,
76394,2,server2,16,860763,776.6,605,0.768034,2,1,215291,659075,931081,
59364,2,server2,19,776.6,1026.7,605,0.768034,2,1,198261,659075,931081,
57898,2,server2,23,779.8,1083.42,605,0.768034,2,1,196795,659075,931081,
85324,2,server2,24,895709,779.8,605,0.768034,2,1,224221,659075,931081,
57.9,2,server2,27,779.8,1107.52,605,0.768034,2,1,196797,659075,931081,
89284,2,server2,29,914027,773.4,605,0.768034,2,1,228181,659075,931081,
58071,2,server2,21,1441.93,770.2,606,0.734616,2,1,174136,1511.21,967762,
58156,2,server2,27,779.8,1103.17,607,0.400269,2,2,215306,514017,1223.19,
66264,2,server2,0,903297,779.8,608,0.410099,2,2,223414,859108,1066.61,
58152,2,server2,1,843361,770.2,608,0.410099,2,2,215302,859108,1066.61,
58158,2,server2,3,779.8,957081,608,0.410099,2,2,215308,859108,1066.61,
58155,2,server2,5,880941,770.2,608,0.410099,2,2,215305,859108,1066.61,
102646,2,server2,6,773.4,779261,608,0.410099,2,2,259796,859108,1066.61,
63332,2,server2,8,865908,776.6,608,0.410099,2,2,220482,859108,1066.61,
86038,2,server2,9,904.27,770.2,608,0.410099,2,2,243188,859108,1066.61,
58157,2,server2,11,779.8,985888,608,0.410099,2,2,215307,859108,1066.61,
58158,2,server2,15,779.8,1010.46,608,0.410099,2,2,215308,859108,1066.61,
76394,2,server2,16,860763,776.6,608,0.410099,2,2,233544,859108,1066.61,
59364,2,server2,19,776.6,1026.7,608,0.410099,2,2,216514,859108,1066.61,
85324,2,server2,24,895709,779.8,608,0.410099,2,2,242474,859108,1066.61,
58156,2,server2,27,779.8,1103.17,608,0.410099,2,2,215306,859108,1066.61,
83284,2,server2,29,921712,773.4,608,0.410099,2,2,240434,859108,1066.61,
66264,2,server2,0,903297,779.8,609,0.935997,2,1,200.45,748102,941852,
58188,2,server2,1,839475,770.2,609,0.935997,2,1,192374,748102,941852,
77265,2,server2,2,770.2,763599,609,0.935997,2,1,211451,748102,941852,
58188,2,server2,3,779.8,957081,609,0.935997,2,1,192374,748102,941852,
58.19,2,server2,5,880941,770.2,609,0.935997,2,1,192376,748102,941852,
88597,2,server2,6,773.4,763599,609,0.935997,2,1,222783,748102,941852,
63332,2,server2,8,865908,776.6,609,0.935997,2,1,197518,748102,941852,
68226,2,server2,9,993.99,770.2,609,0.935997,2,1,202412,748102,941852,
58187,2,server2,11,779.8,985888,609,0.935997,2,1,192373,748102,941852,
58188,2,server2,15,779.8,1009.17,609,0.935997,2,1,192374,748102,941852,
76394,2,server2,16,860763,776.6,609,0.935997,2,1,210.58,748102,941852,
59364,2,server2,19,776.6,1026.7,609,0.935997,2,1,193.55,748102,941852,
99052,2,server2,20,983173,779.8,609,0.935997,2,1,233238,748102,941852,
58187,2,server2,23,779.8,1079.23,609,0.935997,2,1,192373,748102,941852,
85324,2,server2,24,895709,779.8,609,0.935997,2,1,219.51,748102,941852,
78573,2,server2,29,995357,773.4,609,0.935997,2,1,212759,748102,941852,
66264,2,server2,0,903297,779.8,610,2.51851,1,2,267485,1011.68,811985,
77265,2,server2,2,770.2,763599,610,2.51851,1,2,278486,1011.68,811985,
58248,2,server2,3,779.8,957081,610,2.51851,1,2,259469,1011.68,811985,
103967,2,server2,4,1201.86,779.8,610,2.51851,1,2,305188,1011.68,811985,
58.23,2,server2,5,880941,770.2,610,2.51851,1,2,259451,1011.68,811985,
88597,2,server2,6,773.4,763599,610,2.51851,1,2,289818,1011.68,811985,
63332,2,server2,8,865908,776.6,610,2.51851,1,2,264553,1011.68,811985,
58227,2,server2,9,1259.47,770.2,610,2.51851,1,2,259448,1011.68,811985,
58222,2,server2,11,779.8,985888,610,2.51851,1,2,259443,1011.68,811985,
92096,2,server2,12,1104.08,779.8,610,2.51851,1,2,293317,1011.68,811985,
58226,2,server2,13,1135.66,770.2,610,2.51851,1,2,259447,1011.68,811985,
58757,2,server2,15,779.8,1001.47,610,2.51851,1,2,259978,1011.68,811985,
76394,2,server2,16,860763,776.6,610,2.51851,1,2,277615,1011.68,811985,
63059,2,server2,19,776.6,979262,610,2.51851,1,2,264.28,1011.68,811985,
99052,2,server2,20,983173,779.8,610,2.51851,1,2,300273,1011.68,811985,
64712,2,server2,23,779.8,1001.13,610,2.51851,1,2,265933,1011.68,811985,
85324,2,server2,24,895709,779.8,610,2.51851,1,2,286545,1011.68,811985,
67038,2,server2,27,776.6,996853,610,2.51851,1,2,268259,1011.68,811985,
95241,2,server2,28,1014.17,779.8,610,2.51851,1,2,296462,1011.68,811985,
58221,2,server2,29,1238.19,770.2,610,2.51851,1,2,259442,1011.68,811985,
58248,2,server2,3,779.8,957081,611,0.943404,2,1,192493,639134,1066.81,
103223,2,server2,6,773.4,799.15,611,0.943404,2,1,237468,639134,1066.81,
58247,2,server2,11,779.8,985888,611,0.943404,2,1,192492,639134,1066.81,
58248,2,server2,15,779.8,1009.17,611,0.943404,2,1,192493,639134,1066.81,
59364,2,server2,19,776.6,1026.7,611,0.943404,2,1,193609,639134,1066.81,
58.26,2,server2,23,779.8,1079.23,611,0.943404,2,1,192505,639134,1066.81,
66264,2,server2,0,903297,779.8,612,0.417049,2,2,246522,984104,1046.36,
66264,2,server2,0,903297,779.8,612,0.581738,2,1,213752,815786,943118,
77265,2,server2,2,770.2,763599,612,0.581738,2,1,224753,815786,943118,
58268,2,server2,3,779.8,957081,612,0.417049,2,2,238526,984104,1046.36,
58493,2,server2,3,779.8,957081,612,0.581738,2,1,205981,815786,943118,
58265,2,server2,5,880941,770.2,612,0.417049,2,2,238523,984104,1046.36,
58.49,2,server2,5,879592,770.2,612,0.581738,2,1,205978,815786,943118,
88597,2,server2,6,773.4,763599,612,0.581738,2,1,236085,815786,943118,
103351,2,server2,6,773.4,832822,612,0.417049,2,2,283609,984104,1046.36,
63332,2,server2,8,865908,776.6,612,0.417049,2,2,243.59,984104,1046.36,
63332,2,server2,8,865908,776.6,612,0.581738,2,1,210.82,815786,943118,
66359,2,server2,9,1100.17,770.2,612,0.417049,2,2,246617,984104,1046.36,
67605,2,server2,9,1060.02,770.2,612,0.581738,2,1,215093,815786,943118,
58262,2,server2,11,779.8,985888,612,0.417049,2,2,238.52,984104,1046.36,
58.54,2,server2,11,779.8,983268,612,0.581738,2,1,206028,815786,943118,
92096,2,server2,12,1104.08,779.8,612,0.417049,2,2,272354,984104,1046.36,
73951,2,server2,13,1100.84,770.2,612,0.417049,2,2,254209,984104,1046.36,
97662,2,server2,13,1060.71,770.2,612,0.581738,2,1,245.15,815786,943118,
58492,2,server2,15,779.8,1009.17,612,0.581738,2,1,205.98,815786,943118,
76394,2,server2,16,860763,776.6,612,0.417049,2,2,256652,984104,1046.36,
76394,2,server2,16,860763,776.6,612,0.581738,2,1,223882,815786,943118,
59364,2,server2,19,776.6,1026.7,612,0.417049,2,2,239622,984104,1046.36,
59364,2,server2,19,776.6,1026.7,612,0.581738,2,1,206852,815786,943118,
99052,2,server2,20,983173,779.8,612,0.417049,2,2,279.31,984104,1046.36,
99052,2,server2,20,983173,779.8,612,0.581738,2,1,246.54,815786,943118,
58.26,2,server2,23,779.8,1079.23,612,0.417049,2,2,238518,984104,1046.36,
58489,2,server2,23,779.8,1075.05,612,0.581738,2,1,205977,815786,943118,
85324,2,server2,24,895709,779.8,612,0.417049,2,2,265582,984104,1046.36,
85324,2,server2,24,895709,779.8,612,0.581738,2,1,232812,815786,943118,
58.26,2,server2,27,779.8,1103.17,612,0.417049,2,2,238518,984104,1046.36,
58491,2,server2,27,779.8,1098.82,612,0.581738,2,1,205979,815786,943118,
95241,2,server2,28,1014.17,779.8,612,0.417049,2,2,275499,984104,1046.36,
95241,2,server2,28,1014.17,779.8,612,0.581738,2,1,242729,815786,943118,
73445,2,server2,29,1107.38,773.4,612,0.417049,2,2,253703,984104,1046.36,
75474,2,server2,29,1061.88,773.4,612,0.581738,2,1,222962,815786,943118,
66264,2,server2,0,903297,779.8,613,1.8549,2,2,247953,714628,888047,
58698,2,server2,1,821363,770.2,613,1.8549,2,2,240387,714628,888047,
77265,2,server2,2,770.2,763599,613,1.8549,2,2,258954,714628,888047,
58.69,2,server2,5,879592,770.2,613,1.8549,2,2,240379,714628,888047,
88597,2,server2,6,773.4,763599,613,1.8549,2,2,270286,714628,888047,
63332,2,server2,8,865908,776.6,613,1.8549,2,2,245021,714628,888047,
68227,2,server2,9,990445,770.2,613,1.8549,2,2,249916,714628,888047,
58708,2,server2,11,779.8,983268,613,1.8549,2,2,240397,714628,888047,
58695,2,server2,15,779.8,1004.04,613,1.8549,2,2,240384,714628,888047,
76394,2,server2,16,860763,776.6,613,1.8549,2,2,258083,714628,888047,
59364,2,server2,19,776.6,1026.7,613,1.8549,2,2,241053,714628,888047,
99052,2,server2,20,983173,779.8,613,1.8549,2,2,280741,714628,888047,
58693,2,server2,23,779.8,1073.66,613,1.8549,2,2,240382,714628,888047,
85324,2,server2,24,895709,779.8,613,1.8549,2,2,267013,714628,888047,
58.69,2,server2,27,779.8,1095.94,613,1.8549,2,2,240379,714628,888047,
78573,2,server2,29,991274,773.4,613,1.8549,2,2,260262,714628,888047,
66264,2,server2,0,903297,779.8,614,1.17332,2,1,214101,910298,946275,
77265,2,server2,2,770.2,763599,614,1.17332,2,1,225102,910298,946275,
58837,2,server2,3,779.8,949.82,614,1.17332,2,1,206674,910298,946275,
58845,2,server2,5,879592,770.2,614,1.17332,2,1,206682,910298,946275,
88597,2,server2,6,773.4,763599,614,1.17332,2,1,236434,910298,946275,
63332,2,server2,8,865908,776.6,614,1.17332,2,1,211169,910298,946275,
66.13,2,server2,9,1152.1,770.2,614,1.17332,2,1,213967,910298,946275,
58838,2,server2,11,779.8,983268,614,1.17332,2,1,206675,910298,946275,
92096,2,server2,12,1104.08,779.8,614,1.17332,2,1,239933,910298,946275,
58851,2,server2,13,1135.66,770.2,614,1.17332,2,1,206688,910298,946275,
58874,2,server2,15,779.8,1000.18,614,1.17332,2,1,206711,910298,946275,
76394,2,server2,16,860763,776.6,614,1.17332,2,1,224231,910298,946275,
59364,2,server2,19,776.6,1026.7,614,1.17332,2,1,207201,910298,946275,
99052,2,server2,20,983173,779.8,614,1.17332,2,1,246889,910298,946275,
58.84,2,server2,23,779.8,1069.49,614,1.17332,2,1,206677,910298,946275,
85324,2,server2,24,895709,779.8,614,1.17332,2,1,233161,910298,946275,
58845,2,server2,27,779.8,1095.94,614,1.17332,2,1,206682,910298,946275,
95241,2,server2,28,1014.17,779.8,614,1.17332,2,1,243078,910298,946275,
64168,2,server2,29,1154.39,773.4,614,1.17332,2,1,212005,910298,946275,
66264,2,server2,0,903297,779.8,615,0.661554,2,2,229387,1069.05,779395,
59132,2,server2,1,814.88,770.2,615,0.661554,2,2,222255,1069.05,779395,
77265,2,server2,2,770.2,763599,615,0.661554,2,2,240388,1069.05,779395,
106289,2,server2,3,779.8,858035,615,0.661554,2,2,269412,1069.05,779395,
103967,2,server2,4,1201.86,779.8,615,0.661554,2,2,267.09,1069.05,779395,
59.13,2,server2,5,879592,770.2,615,0.661554,2,2,222253,1069.05,779395,
88597,2,server2,6,773.4,763599,615,0.661554,2,2,251.72,1069.05,779395,
63332,2,server2,8,865908,776.6,615,0.661554,2,2,226455,1069.05,779395,
59127,2,server2,9,1259.47,770.2,615,0.661554,2,2,222.25,1069.05,779395,
95.7,2,server2,11,779.8,858836,615,0.661554,2,2,258823,1069.05,779395,
92096,2,server2,12,1104.08,779.8,615,0.661554,2,2,255219,1069.05,779395,
59131,2,server2,13,1135.66,770.2,615,0.661554,2,2,222254,1069.05,779395,
76394,2,server2,16,860763,776.6,615,0.661554,2,2,239517,1069.05,779395,
99.16,2,server2,19,776.6,845812,615,0.661554,2,2,262283,1069.05,779395,
99052,2,server2,20,983173,779.8,615,0.661554,2,2,262175,1069.05,779395,
88918,2,server2,21,1368.85,770.2,615,0.661554,2,2,252041,1069.05,779395,
79.33,2,server2,23,779.8,858908,615,0.661554,2,2,242453,1069.05,779395,
85324,2,server2,24,895709,779.8,615,0.661554,2,2,248447,1069.05,779395,
82188,2,server2,27,776.6,844801,615,0.661554,2,2,245311,1069.05,779395,
95241,2,server2,28,1014.17,779.8,615,0.661554,2,2,258364,1069.05,779395,
59136,2,server2,29,1238.19,770.2,615,0.661554,2,2,222259,1069.05,779395,
66264,2,server2,0,903297,779.8,616,0.435513,2,2,255394,720035,819378,
66264,2,server2,0,903297,779.8,616,0.555158,2,1,208628,949002,1007.75,
59132,2,server2,1,814.88,770.2,616,0.435513,2,2,248262,720035,819378,
59367,2,server2,1,814.88,770.2,616,0.555158,2,1,201731,949002,1007.75,
77265,2,server2,2,770.2,763599,616,0.435513,2,2,266395,720035,819378,
106151,2,server2,2,770.2,767012,616,0.555158,2,1,248515,949002,1007.75,
59137,2,server2,3,779.8,948615,616,0.435513,2,2,248267,720035,819378,
59366,2,server2,3,779.8,943781,616,0.555158,2,1,201.73,949002,1007.75,
59145,2,server2,5,879592,770.2,616,0.435513,2,2,248275,720035,819378,
59.37,2,server2,5,879592,770.2,616,0.555158,2,1,201734,949002,1007.75,
88597,2,server2,6,773.4,763599,616,0.435513,2,2,277727,720035,819378,
102539,2,server2,6,773.4,764661,616,0.555158,2,1,244903,949002,1007.75,
63332,2,server2,8,865908,776.6,616,0.435513,2,2,252462,720035,819378,
63332,2,server2,8,865908,776.6,616,0.555158,2,1,205696,949002,1007.75,
66.13,2,server2,9,1132.04,770.2,616,0.555158,2,1,208494,949002,1007.75,
68225,2,server2,9,1015.21,770.2,616,0.435513,2,2,257355,720035,819378,
59138,2,server2,11,779.8,983268,616,0.435513,2,2,248268,720035,819378,
59368,2,server2,11,779.8,983268,616,0.555158,2,1,201732,949002,1007.75,
92096,2,server2,12,1104.08,779.8,616,0.555158,2,1,234.46,949002,1007.75,
60058,2,server2,13,1131.44,770.2,616,0.555158,2,1,202422,949002,1007.75,
59134,2,server2,15,779.8,996332,616,0.435513,2,2,248264,720035,819378,
59367,2,server2,15,779.8,993772,616,0.555158,2,1,201731,949002,1007.75,
76394,2,server2,16,860763,776.6,616,0.435513,2,2,265524,720035,819378,
76394,2,server2,16,860763,776.6,616,0.555158,2,1,218758,949002,1007.75,
59364,2,server2,19,776.6,1026.7,616,0.435513,2,2,248494,720035,819378,
99052,2,server2,20,983173,779.8,616,0.435513,2,2,288182,720035,819378,
99052,2,server2,20,983173,779.8,616,0.555158,2,1,241416,949002,1007.75,
59376,2,server2,23,779.8,1063.91,616,0.555158,2,1,201.74,949002,1007.75,
85324,2,server2,24,895709,779.8,616,0.435513,2,2,274454,720035,819378,
85324,2,server2,24,895709,779.8,616,0.555158,2,1,227688,949002,1007.75,
59.13,2,server2,27,779.8,1095.94,616,0.435513,2,2,248.26,720035,819378,
59364,2,server2,27,779.8,1095.94,616,0.555158,2,1,201728,949002,1007.75,
95241,2,server2,28,1014.17,779.8,616,0.435513,2,2,284371,720035,819378,
95241,2,server2,28,1014.17,779.8,616,0.555158,2,1,237605,949002,1007.75,
68695,2,server2,29,1136.19,773.4,616,0.555158,2,1,211059,949002,1007.75,
78573,2,server2,29,1016.14,773.4,616,0.435513,2,2,267703,720035,819378,
59132,2,server2,1,814.88,770.2,617,0.599987,2,2,248262,535641,800203,
78.82,2,server2,1,790276,770.2,617,1.67544,2,2,276379,584756,987741,
77265,2,server2,2,770.2,763599,617,0.599987,2,2,266395,535641,800203,
77265,2,server2,2,770.2,763599,617,1.67544,2,2,274824,584756,987741,
59137,2,server2,3,779.8,948615,617,0.599987,2,2,248267,535641,800203,
59561,2,server2,3,779.8,943781,617,1.67544,2,2,257.12,584756,987741,
70759,2,server2,5,833608,770.2,617,0.599987,2,2,259889,535641,800203,
88597,2,server2,6,773.4,763599,617,0.599987,2,2,277727,535641,800203,
88597,2,server2,6,773.4,763599,617,1.67544,2,2,286156,584756,987741,
59563,2,server2,11,779.8,983268,617,1.67544,2,2,257122,584756,987741,
60056,2,server2,11,779.8,974098,617,0.599987,2,2,249186,535641,800203,
59564,2,server2,15,779.8,993772,617,1.67544,2,2,257123,584756,987741,
61238,2,server2,15,779.8,974513,617,0.599987,2,2,250368,535641,800203,
63069,2,server2,19,776.6,977781,617,0.599987,2,2,252199,535641,800203,
59562,2,server2,23,779.8,1059.72,617,1.67544,2,2,257121,584756,987741,
59559,2,server2,27,779.8,1095.94,617,1.67544,2,2,257118,584756,987741,
67278,2,server2,27,776.6,978438,617,0.599987,2,2,256408,535641,800203,
82887,2,server2,0,1013.47,779.8,618,1.39798,2,2,262807,1277.64,921.93,
59366,2,server2,3,779.8,943781,618,0.490932,2,1,201.73,761256,1126.72,
103967,2,server2,4,1201.86,779.8,618,1.39798,2,2,283887,1277.64,921.93,
103.24,2,server2,6,773.4,827246,618,0.490932,2,1,245604,761256,1126.72,
76822,2,server2,8,1015.6,776.6,618,1.39798,2,2,256742,1277.64,921.93,
59368,2,server2,11,779.8,983268,618,0.490932,2,1,201732,761256,1126.72,
92096,2,server2,12,1104.08,779.8,618,1.39798,2,2,272016,1277.64,921.93,
59921,2,server2,13,1134.6,770.2,618,1.39798,2,2,239841,1277.64,921.93,
59367,2,server2,15,779.8,993772,618,0.490932,2,1,201731,761256,1126.72,
93394,2,server2,16,1015.53,776.6,618,1.39798,2,2,273314,1277.64,921.93,
59923,2,server2,21,1435.62,770.2,618,1.39798,2,2,239843,1277.64,921.93,
59376,2,server2,23,779.8,1063.91,618,0.490932,2,1,201.74,761256,1126.72,
100064,2,server2,24,1016.74,779.8,618,1.39798,2,2,279984,1277.64,921.93,
59364,2,server2,27,779.8,1095.94,618,0.490932,2,1,201728,761256,1126.72,
95241,2,server2,28,1014.17,779.8,618,1.39798,2,2,275161,1277.64,921.93,
59931,2,server2,29,1236.77,770.2,618,1.39798,2,2,239851,1277.64,921.93,
66264,2,server2,0,903297,779.8,619,2.33762,2,2,246184,1016.99,779455,
59947,2,server2,1,814.88,770.2,619,2.33762,2,2,239867,1016.99,779455,
77265,2,server2,2,770.2,763599,619,2.33762,2,2,257185,1016.99,779455,
59921,2,server2,3,779.8,943781,619,2.33762,2,2,239841,1016.99,779455,
103967,2,server2,4,1201.86,779.8,619,2.33762,2,2,283887,1016.99,779455,
59.93,2,server2,5,879592,770.2,619,2.33762,2,2,239.85,1016.99,779455,
88597,2,server2,6,773.4,763599,619,2.33762,2,2,268517,1016.99,779455,
63332,2,server2,8,865908,776.6,619,2.33762,2,2,243252,1016.99,779455,
61585,2,server2,11,779.8,962308,619,2.33762,2,2,241505,1016.99,779455,
92096,2,server2,12,1104.08,779.8,619,2.33762,2,2,272016,1016.99,779455,
59921,2,server2,13,1134.6,770.2,619,2.33762,2,2,239841,1016.99,779455,
61711,2,server2,15,779.8,962971,619,2.33762,2,2,241631,1016.99,779455,
76394,2,server2,16,860763,776.6,619,2.33762,2,2,256314,1016.99,779455,
64556,2,server2,19,776.6,958499,619,2.33762,2,2,244476,1016.99,779455,
99052,2,server2,20,983173,779.8,619,2.33762,2,2,278972,1016.99,779455,
66541,2,server2,23,779.8,962045,619,2.33762,2,2,246461,1016.99,779455,
85324,2,server2,24,895709,779.8,619,2.33762,2,2,265244,1016.99,779455,
68479,2,server2,27,776.6,958449,619,2.33762,2,2,248399,1016.99,779455,
95241,2,server2,28,1014.17,779.8,619,2.33762,2,2,275161,1016.99,779455,
59931,2,server2,29,1236.77,770.2,619,2.33762,2,2,239851,1016.99,779455,
66264,2,server2,0,903297,779.8,620,1.22267,1,0,180.21,1087.23,890328,
59947,2,server2,1,814.88,770.2,620,1.22267,1,0,173893,1087.23,890328,
103967,2,server2,4,1201.86,779.8,620,1.22267,1,0,217913,1087.23,890328,
59.95,2,server2,5,879592,770.2,620,1.22267,1,0,173896,1087.23,890328,
63332,2,server2,8,865908,776.6,620,1.22267,1,0,177278,1087.23,890328,
59.95,2,server2,9,1257.11,770.2,620,1.22267,1,0,173896,1087.23,890328,
92096,2,server2,12,1104.08,779.8,620,1.22267,1,0,206042,1087.23,890328,
76394,2,server2,16,860763,776.6,620,1.22267,1,0,190.34,1087.23,890328,
99052,2,server2,20,983173,779.8,620,1.22267,1,0,212998,1087.23,890328,
101638,2,server2,21,1361.28,770.2,620,1.22267,1,0,215584,1087.23,890328,
85324,2,server2,24,895709,779.8,620,1.22267,1,0,199.27,1087.23,890328,
95241,2,server2,28,1014.17,779.8,620,1.22267,1,0,209187,1087.23,890328,
59946,2,server2,29,1236.77,770.2,620,1.22267,1,0,173892,1087.23,890328,
69624,2,server2,0,911655,779.8,621,0.408807,2,2,211792,1107.18,552907,
103967,2,server2,4,1201.86,779.8,621,0.408807,2,2,246135,1107.18,552907,
72919,2,server2,8,908668,776.6,621,0.408807,2,2,215087,1107.18,552907,
92096,2,server2,12,1104.08,779.8,621,0.408807,2,2,234264,1107.18,552907,
60176,2,server2,13,1128.27,770.2,621,0.408807,2,2,202344,1107.18,552907,
90193,2,server2,16,907785,776.6,621,0.408807,2,2,232361,1107.18,552907,
99052,2,server2,20,983173,779.8,621,0.408807,2,2,241.22,1107.18,552907,
90325,2,server2,24,912369,779.8,621,0.408807,2,2,232493,1107.18,552907,
95241,2,server2,28,1014.17,779.8,621,0.408807,2,2,237409,1107.18,552907,
60171,2,server2,29,1236.77,770.2,621,0.408807,2,2,202339,1107.18,552907,
66264,2,server2,0,903297,779.8,622,2.58498,2,2,208482,1068,727071,
60227,2,server2,1,814.88,770.2,622,2.58498,2,2,202445,1068,727071,
103967,2,server2,4,1201.86,779.8,622,2.58498,2,2,246185,1068,727071,
60225,2,server2,5,879592,770.2,622,2.58498,2,2,202443,1068,727071,
88597,2,server2,6,773.4,763599,622,2.58498,2,2,230815,1068,727071,
63332,2,server2,8,865908,776.6,622,2.58498,2,2,205.55,1068,727071,
92096,2,server2,12,1104.08,779.8,622,2.58498,2,2,234314,1068,727071,
60226,2,server2,13,1128.27,770.2,622,2.58498,2,2,202444,1068,727071,
76394,2,server2,16,860763,776.6,622,2.58498,2,2,218612,1068,727071,
99052,2,server2,20,983173,779.8,622,2.58498,2,2,241.27,1068,727071,
99915,2,server2,21,1363.81,770.2,622,2.58498,2,2,242133,1068,727071,
80.37,2,server2,23,779.8,810253,622,2.58498,2,2,222588,1068,727071,
85324,2,server2,24,895709,779.8,622,2.58498,2,2,227542,1068,727071,
95241,2,server2,28,1014.17,779.8,622,2.58498,2,2,237459,1068,727071,
60251,2,server2,29,1236.77,770.2,622,2.58498,2,2,202469,1068,727071,
60313,2,server2,21,1435.62,770.2,623,0.740029,2,2,239575,1475.66,972318,
66264,2,server2,0,903297,779.8,624,1359,1,2,243708,740314,601116,
94552,2,server2,0,1048.33,779.8,624,0.743207,2,2,273814,1331.52,683767,
60447,2,server2,1,814.88,770.2,624,1359,1,2,237891,740314,601116,
77265,2,server2,2,770.2,763599,624,1359,1,2,254709,740314,601116,
98529,2,server2,3,779.8,897874,624,1359,1,2,275973,740314,601116,
103967,2,server2,4,1201.86,779.8,624,0.743207,2,2,283229,1331.52,683767,
88597,2,server2,6,773.4,763599,624,1359,1,2,266041,740314,601116,
63332,2,server2,8,865908,776.6,624,1359,1,2,240776,740314,601116,
80225,2,server2,8,1048.49,779.8,624,0.743207,2,2,259487,1331.52,683767,
68228,2,server2,9,988081,770.2,624,1359,1,2,245672,740314,601116,
94998,2,server2,11,779.8,898131,624,1359,1,2,272442,740314,601116,
92096,2,server2,12,1104.08,779.8,624,0.743207,2,2,271358,1331.52,683767,
60266,2,server2,13,1128.27,770.2,624,0.743207,2,2,239528,1331.52,683767,
70024,2,server2,15,779.8,897542,624,1359,1,2,247468,740314,601116,
76394,2,server2,16,860763,776.6,624,1359,1,2,253838,740314,601116,
100637,2,server2,16,1046.95,776.6,624,0.743207,2,2,279899,1331.52,683767,
65365,2,server2,19,776.6,897.72,624,1359,1,2,242809,740314,601116,
60313,2,server2,21,1435.62,770.2,624,0.743207,2,2,239575,1331.52,683767,
79292,2,server2,23,779.8,896543,624,1359,1,2,256736,740314,601116,
85324,2,server2,24,895709,779.8,624,1359,1,2,262768,740314,601116,
105365,2,server2,24,1048.5,779.8,624,0.743207,2,2,284627,1331.52,683767,
74512,2,server2,27,776.6,898564,624,1359,1,2,251956,740314,601116,
60271,2,server2,29,1236.77,770.2,624,0.743207,2,2,239533,1331.52,683767,
78573,2,server2,29,985846,773.4,624,1359,1,2,256017,740314,601116,
66264,2,server2,0,903297,779.8,625,0.554008,2,0,187786,676252,940449,
66264,2,server2,0,903297,779.8,625,0.977429,2,2,243704,1131.26,822977,
60547,2,server2,1,814.88,770.2,625,0.554008,2,0,182069,676252,940449,
77265,2,server2,2,770.2,763599,625,0.554008,2,0,198787,676252,940449,
60546,2,server2,3,779.8,943781,625,0.554008,2,0,182068,676252,940449,
103967,2,server2,4,1201.86,779.8,625,0.977429,2,2,281407,1131.26,822977,
88597,2,server2,6,773.4,763599,625,0.554008,2,0,210119,676252,940449,
63332,2,server2,8,865908,776.6,625,0.554008,2,0,184854,676252,940449,
63332,2,server2,8,865908,776.6,625,0.977429,2,2,240772,1131.26,822977,
60448,2,server2,9,1228.81,770.2,625,0.977429,2,2,237888,1131.26,822977,
71568,2,server2,9,923142,770.2,625,0.554008,2,0,193.09,676252,940449,
60536,2,server2,11,779.8,972787,625,0.554008,2,0,182058,676252,940449,
92096,2,server2,12,1104.08,779.8,625,0.977429,2,2,269536,1131.26,822977,
60444,2,server2,13,1126.16,770.2,625,0.977429,2,2,237884,1131.26,822977,
60535,2,server2,15,779.8,987344,625,0.554008,2,0,182057,676252,940449,
76394,2,server2,16,860763,776.6,625,0.554008,2,0,197916,676252,940449,
76394,2,server2,16,860763,776.6,625,0.977429,2,2,253834,1131.26,822977,
63059,2,server2,19,776.6,979262,625,0.554008,2,0,184581,676252,940449,
99052,2,server2,20,983173,779.8,625,0.977429,2,2,276492,1131.26,822977,
66552,2,server2,21,1425.56,770.2,625,0.977429,2,2,243992,1131.26,822977,
60528,2,server2,23,779.8,1058.32,625,0.554008,2,0,182.05,676252,940449,
85324,2,server2,24,895709,779.8,625,0.554008,2,0,206846,676252,940449,
85324,2,server2,24,895709,779.8,625,0.977429,2,2,262764,1131.26,822977,
60.53,2,server2,27,779.8,1095.94,625,0.554008,2,0,182052,676252,940449,
95241,2,server2,28,1014.17,779.8,625,0.977429,2,2,272681,1131.26,822977,
60446,2,server2,29,1236.77,770.2,625,0.977429,2,2,237886,1131.26,822977,
83266,2,server2,29,924286,773.4,625,0.554008,2,0,204788,676252,940449,
66264,2,server2,0,903297,779.8,626,1.03022,1,2,223909,782587,1014.25,
60662,2,server2,1,814.88,770.2,626,1.03022,1,2,218307,782587,1014.25,
77265,2,server2,2,770.2,763599,626,1.03022,1,2,234.91,782587,1014.25,
60646,2,server2,3,779.8,943781,626,1.03022,1,2,218291,782587,1014.25,
88597,2,server2,6,773.4,763599,626,1.03022,1,2,246242,782587,1014.25,
63332,2,server2,8,865908,776.6,626,1.03022,1,2,220977,782587,1014.25,
68265,2,server2,9,956.18,770.2,626,1.03022,1,2,225.91,782587,1014.25,
60661,2,server2,11,779.8,972787,626,1.03022,1,2,218306,782587,1014.25,
60645,2,server2,15,779.8,984783,626,1.03022,1,2,218.29,782587,1014.25,
76394,2,server2,16,860763,776.6,626,1.03022,1,2,234039,782587,1014.25,
63059,2,server2,19,776.6,979262,626,1.03022,1,2,220704,782587,1014.25,
60648,2,server2,23,779.8,1058.32,626,1.03022,1,2,218293,782587,1014.25,
85324,2,server2,24,895709,779.8,626,1.03022,1,2,242969,782587,1014.25,
60645,2,server2,27,779.8,1095.94,626,1.03022,1,2,218.29,782587,1014.25,
83262,2,server2,29,960634,773.4,626,1.03022,1,2,240907,782587,1014.25,
60646,2,server2,3,779.8,943781,627,0.612542,2,1,197291,501542,994.94,
104869,2,server2,6,773.4,869024,627,0.612542,2,1,241514,501542,994.94,
60661,2,server2,11,779.8,972787,627,0.612542,2,1,197306,501542,994.94,
63059,2,server2,19,776.6,979262,627,0.612542,2,1,199704,501542,994.94,
60648,2,server2,23,779.8,1058.32,627,0.612542,2,1,197293,501542,994.94,
60645,2,server2,27,779.8,1095.94,627,0.612542,2,1,197.29,501542,994.94,
66264,2,server2,0,904687,779.8,628,0.87965,2,2,274157,1011.35,1060.15,
60901,2,server2,3,779.8,943781,628,0.87965,2,2,268794,1011.35,1060.15,
104872,2,server2,6,773.4,878786,628,0.87965,2,2,312765,1011.35,1060.15,
72962,2,server2,8,913608,776.6,628,0.87965,2,2,280855,1011.35,1060.15,
67099,2,server2,9,1087.2,770.2,628,0.87965,2,2,274992,1011.35,1060.15,
60901,2,server2,11,779.8,972787,628,0.87965,2,2,268794,1011.35,1060.15,
92096,2,server2,12,1104.08,779.8,628,0.87965,2,2,299989,1011.35,1060.15,
74834,2,server2,13,1088.16,770.2,628,0.87965,2,2,282727,1011.35,1060.15,
60898,2,server2,15,779.8,977085,628,0.87965,2,2,268791,1011.35,1060.15,
90195,2,server2,16,913769,776.6,628,0.87965,2,2,298088,1011.35,1060.15,
63059,2,server2,19,776.6,979262,628,0.87965,2,2,270952,1011.35,1060.15,
99052,2,server2,20,983173,779.8,628,0.87965,2,2,306945,1011.35,1060.15,
60898,2,server2,23,779.8,1058.32,628,0.87965,2,2,268791,1011.35,1060.15,
87966,2,server2,24,904795,779.8,628,0.87965,2,2,295859,1011.35,1060.15,
95241,2,server2,28,1014.17,779.8,628,0.87965,2,2,303134,1011.35,1060.15,
73445,2,server2,29,1098.27,773.4,628,0.87965,2,2,281338,1011.35,1060.15,
60898,2,server2,23,779.8,1058.32,629,1.58929,2,2,268791,629057,1245.35,
60967,2,server2,1,814.88,770.2,630,0.455853,1,2,266925,701105,1026.77,
77265,2,server2,2,770.2,763599,630,0.455853,1,2,283223,701105,1026.77,
61006,2,server2,3,779.8,943781,630,0.455853,1,2,266964,701105,1026.77,
60965,2,server2,5,847136,770.2,630,0.455853,1,2,266923,701105,1026.77,
88597,2,server2,6,773.4,763599,630,0.455853,1,2,294555,701105,1026.77,
63332,2,server2,8,865908,776.6,630,0.455853,1,2,269.29,701105,1026.77,
94703,2,server2,9,855869,770.2,630,0.455853,1,2,300661,701105,1026.77,
60961,2,server2,11,779.8,972787,630,0.455853,1,2,266919,701105,1026.77,
60968,2,server2,15,779.8,977085,630,0.455853,1,2,266926,701105,1026.77,
76394,2,server2,16,860763,776.6,630,0.455853,1,2,282352,701105,1026.77,
63059,2,server2,19,776.6,979262,630,0.455853,1,2,269017,701105,1026.77,
60959,2,server2,27,779.8,1088.74,630,0.455853,1,2,266917,701105,1026.77,
103454,2,server2,29,861419,773.4,630,0.455853,1,2,309412,701105,1026.77,
66264,2,server2,0,903297,779.8,631,2.27222,2,2,232357,1058.82,855643,
106153,2,server2,2,770.2,774.25,631,2.27222,2,2,272246,1058.82,855643,
61116,2,server2,3,779.8,943781,631,2.27222,2,2,227209,1058.82,855643,
103967,2,server2,4,1201.86,779.8,631,2.27222,2,2,270.06,1058.82,855643,
61095,2,server2,5,847136,770.2,631,2.27222,2,2,227188,1058.82,855643,
88597,2,server2,6,773.4,763599,631,2.27222,2,2,254.69,1058.82,855643,
63332,2,server2,8,865908,776.6,631,2.27222,2,2,229425,1058.82,855643,
61098,2,server2,9,1228.81,770.2,631,2.27222,2,2,227191,1058.82,855643,
61503,2,server2,11,779.8,964932,631,2.27222,2,2,227596,1058.82,855643,
92096,2,server2,12,1104.08,779.8,631,2.27222,2,2,258189,1058.82,855643,
61104,2,server2,13,1126.16,770.2,631,2.27222,2,2,227197,1058.82,855643,
61514,2,server2,15,779.8,965538,631,2.27222,2,2,227607,1058.82,855643,
76394,2,server2,16,860763,776.6,631,2.27222,2,2,242487,1058.82,855643,
64.56,2,server2,19,776.6,957013,631,2.27222,2,2,230653,1058.82,855643,
99052,2,server2,20,983173,779.8,631,2.27222,2,2,265145,1058.82,855643,
102.75,2,server2,21,1346.16,770.2,631,2.27222,2,2,268843,1058.82,855643,
66437,2,server2,23,779.8,964828,631,2.27222,2,2,232.53,1058.82,855643,
85324,2,server2,24,895709,779.8,631,2.27222,2,2,251417,1058.82,855643,
68.52,2,server2,27,776.6,956914,631,2.27222,2,2,234613,1058.82,855643,
95241,2,server2,28,1014.17,779.8,631,2.27222,2,2,261334,1058.82,855643,
61096,2,server2,29,1236.77,770.2,631,2.27222,2,2,227189,1058.82,855643,
66264,2,server2,0,903297,779.8,632,1.23701,2,1,204386,1062,823128,
61128,2,server2,1,809704,770.2,632,1.23701,2,1,199.25,1062,823128,
77265,2,server2,2,770.2,763599,632,1.23701,2,1,215387,1062,823128,
97368,2,server2,3,779.8,924429,632,1.23701,2,1,235.49,1062,823128,
103967,2,server2,4,1201.86,779.8,632,1.23701,2,1,242089,1062,823128,
61125,2,server2,5,847136,770.2,632,1.23701,2,1,199247,1062,823128,
88597,2,server2,6,773.4,763599,632,1.23701,2,1,226719,1062,823128,
63332,2,server2,8,865908,776.6,632,1.23701,2,1,201454,1062,823128,
61128,2,server2,9,1228.81,770.2,632,1.23701,2,1,199.25,1062,823128,
92269,2,server2,11,779.8,924338,632,1.23701,2,1,230391,1062,823128,
92096,2,server2,12,1104.08,779.8,632,1.23701,2,1,230218,1062,823128,
61124,2,server2,13,1126.16,770.2,632,1.23701,2,1,199246,1062,823128,
66828,2,server2,15,779.8,924.47,632,1.23701,2,1,204.95,1062,823128,
76394,2,server2,16,860763,776.6,632,1.23701,2,1,214516,1062,823128,
65265,2,server2,19,776.6,915515,632,1.23701,2,1,203387,1062,823128,
99052,2,server2,20,983173,779.8,632,1.23701,2,1,237174,1062,823128,
101716,2,server2,21,1356.24,770.2,632,1.23701,2,1,239838,1062,823128,
85324,2,server2,24,895709,779.8,632,1.23701,2,1,223446,1062,823128,
70412,2,server2,27,776.6,915443,632,1.23701,2,1,208534,1062,823128,
95241,2,server2,28,1014.17,779.8,632,1.23701,2,1,233363,1062,823128,
61146,2,server2,29,1236.77,770.2,632,1.23701,2,1,199268,1062,823128,
66264,2,server2,0,903297,779.8,633,1.26332,2,2,276546,805902,1002.65,
61288,2,server2,1,808404,770.2,633,1.26332,2,2,271.57,805902,1002.65,
77265,2,server2,2,770.2,763599,633,1.26332,2,2,287547,805902,1002.65,
61286,2,server2,3,779.8,943781,633,1.26332,2,2,271568,805902,1002.65,
61.29,2,server2,5,847136,770.2,633,1.26332,2,2,271572,805902,1002.65,
88597,2,server2,6,773.4,763599,633,1.26332,2,2,298879,805902,1002.65,
63332,2,server2,8,865908,776.6,633,1.26332,2,2,273614,805902,1002.65,
68226,2,server2,9,995168,770.2,633,1.26332,2,2,278508,805902,1002.65,
61291,2,server2,11,779.8,972787,633,1.26332,2,2,271573,805902,1002.65,
76394,2,server2,16,860763,776.6,633,1.26332,2,2,286676,805902,1002.65,
63059,2,server2,19,776.6,979262,633,1.26332,2,2,273341,805902,1002.65,
99052,2,server2,20,983173,779.8,633,1.26332,2,2,309334,805902,1002.65,
61309,2,server2,23,779.8,1036,633,1.26332,2,2,271591,805902,1002.65,
85324,2,server2,24,895709,779.8,633,1.26332,2,2,295606,805902,1002.65,
61285,2,server2,27,776.6,1079.78,633,1.26332,2,2,271567,805902,1002.65,
78573,2,server2,29,998096,773.4,633,1.26332,2,2,288855,805902,1002.65,
66264,2,server2,0,903297,779.8,634,0.475493,2,1,202462,673549,799727,
66264,2,server2,0,903297,779.8,634,1.48128,2,2,276547,883311,959883,
61288,2,server2,1,808404,770.2,634,1.48128,2,2,271571,883311,959883,
62213,2,server2,1,808404,770.2,634,0.475493,2,1,198411,673549,799727,
77265,2,server2,2,770.2,763599,634,0.475493,2,1,213463,673549,799727,
77265,2,server2,2,770.2,763599,634,1.48128,2,2,287548,883311,959883,
61286,2,server2,3,779.8,943781,634,1.48128,2,2,271569,883311,959883,
62206,2,server2,3,779.8,943781,634,0.475493,2,1,198404,673549,799727,
61.29,2,server2,5,847136,770.2,634,1.48128,2,2,271573,883311,959883,
62206,2,server2,5,847136,770.2,634,0.475493,2,1,198404,673549,799727,
88597,2,server2,6,773.4,763599,634,0.475493,2,1,224795,673549,799727,
88597,2,server2,6,773.4,763599,634,1.48128,2,2,298.88,883311,959883,
63332,2,server2,8,865908,776.6,634,0.475493,2,1,199.53,673549,799727,
63332,2,server2,8,865908,776.6,634,1.48128,2,2,273615,883311,959883,
66329,2,server2,9,1115.52,770.2,634,1.48128,2,2,276612,883311,959883,
68234,2,server2,9,971552,770.2,634,0.475493,2,1,204432,673549,799727,
61291,2,server2,11,779.8,972787,634,1.48128,2,2,271574,883311,959883,
62208,2,server2,11,779.8,961004,634,0.475493,2,1,198406,673549,799727,
92096,2,server2,12,1104.08,779.8,634,1.48128,2,2,302379,883311,959883,
64545,2,server2,13,1115.61,770.2,634,1.48128,2,2,274828,883311,959883,
62.2,2,server2,15,779.8,960406,634,0.475493,2,1,198398,673549,799727,
76394,2,server2,16,860763,776.6,634,0.475493,2,1,212592,673549,799727,
76394,2,server2,16,860763,776.6,634,1.48128,2,2,286677,883311,959883,
63059,2,server2,19,776.6,979262,634,0.475493,2,1,199257,673549,799727,
63059,2,server2,19,776.6,979262,634,1.48128,2,2,273342,883311,959883,
99052,2,server2,20,983173,779.8,634,1.48128,2,2,309335,883311,959883,
61309,2,server2,23,779.8,1036,634,1.48128,2,2,271592,883311,959883,
62205,2,server2,23,779.8,1024.83,634,0.475493,2,1,198403,673549,799727,
85324,2,server2,24,895709,779.8,634,0.475493,2,1,221522,673549,799727,
85324,2,server2,24,895709,779.8,634,1.48128,2,2,295607,883311,959883,
61285,2,server2,27,776.6,1079.78,634,1.48128,2,2,271568,883311,959883,
95241,2,server2,28,1014.17,779.8,634,1.48128,2,2,305524,883311,959883,
69.09,2,server2,29,1118,773.4,634,1.48128,2,2,279373,883311,959883,
83.25,2,server2,29,971184,773.4,634,0.475493,2,1,219448,673549,799727,
66264,2,server2,0,903297,779.8,635,0.544329,2,1,203618,994804,708116,
92479,2,server2,0,1020.43,779.8,635,0.423731,2,2,290221,1305.93,689714,
61363,2,server2,1,808404,770.2,635,0.544329,2,1,198717,994804,708116,
77265,2,server2,2,770.2,763599,635,0.544329,2,1,214619,994804,708116,
62221,2,server2,3,779.8,943781,635,0.909245,2,1,206.43,690644,1079.29,
97395,2,server2,3,779.8,917182,635,0.544329,2,1,234749,994804,708116,
103967,2,server2,4,1201.86,779.8,635,0.423731,2,2,301709,1305.93,689714,
103967,2,server2,4,1201.86,779.8,635,0.544329,2,1,241321,994804,708116,
61356,2,server2,5,847136,770.2,635,0.544329,2,1,198.71,994804,708116,
88597,2,server2,6,773.4,763599,635,0.544329,2,1,225951,994804,708116,
103076,2,server2,6,773.4,791281,635,0.909245,2,1,247285,690644,1079.29,
63332,2,server2,8,865908,776.6,635,0.544329,2,1,200686,994804,708116,
76825,2,server2,8,1018.89,776.6,635,0.423731,2,2,274567,1305.93,689714,
61363,2,server2,9,1228.81,770.2,635,0.544329,2,1,198717,994804,708116,
61743,2,server2,9,1228.81,770.2,635,0.423731,2,2,259485,1305.93,689714,
62223,2,server2,11,779.8,961004,635,0.909245,2,1,206432,690644,1079.29,
92096,2,server2,12,1104.08,779.8,635,0.423731,2,2,289838,1305.93,689714,
92096,2,server2,12,1104.08,779.8,635,0.544329,2,1,229.45,994804,708116,
61389,2,server2,13,1126.16,770.2,635,0.544329,2,1,198743,994804,708116,
61749,2,server2,13,1126.16,770.2,635,0.423731,2,2,259491,1305.93,689714,
62.21,2,server2,15,779.8,960406,635,0.909245,2,1,206419,690644,1079.29,
67733,2,server2,15,779.8,916777,635,0.544329,2,1,205087,994804,708116,
76394,2,server2,16,860763,776.6,635,0.544329,2,1,213748,994804,708116,
93395,2,server2,16,1020.02,776.6,635,0.423731,2,2,291137,1305.93,689714,
63059,2,server2,19,776.6,979262,635,0.909245,2,1,207268,690644,1079.29,
65277,2,server2,19,776.6,912552,635,0.544329,2,1,202631,994804,708116,
99052,2,server2,20,983173,779.8,635,0.544329,2,1,236406,994804,708116,
61743,2,server2,21,1433.11,770.2,635,0.423731,2,2,259485,1305.93,689714,
72432,2,server2,23,779.8,916024,635,0.544329,2,1,209786,994804,708116,
85324,2,server2,24,895709,779.8,635,0.544329,2,1,222678,994804,708116,
101.93,2,server2,24,1021.28,779.8,635,0.423731,2,2,299672,1305.93,689714,
62244,2,server2,27,776.6,1058.31,635,0.909245,2,1,206453,690644,1079.29,
70.52,2,server2,27,776.6,913909,635,0.544329,2,1,207874,994804,708116,
95241,2,server2,28,1014.17,779.8,635,0.544329,2,1,232595,994804,708116,
101.35,2,server2,28,1020.43,779.8,635,0.423731,2,2,299092,1305.93,689714,
61361,2,server2,29,1236.77,770.2,635,0.544329,2,1,198715,994804,708116,
66264,2,server2,0,903297,779.8,636,1.07862,2,1,210482,659416,867461,
66264,2,server2,0,903297,779.8,636,1.32521,2,2,236132,722953,831083,
78256,2,server2,0,1002.31,779.8,636,0.691471,2,2,259882,1159.02,1034.9,
61883,2,server2,1,808404,770.2,636,1.32521,2,2,231751,722953,831083,
62228,2,server2,1,808404,770.2,636,1.07862,2,1,206446,659416,867461,
63248,2,server2,1,808404,770.2,636,0.693405,2,1,220493,549571,730821,
104.52,2,server2,1,769583,770.2,636,1.81964,2,1,239579,694.12,1060.25,
77265,2,server2,2,770.2,763599,636,0.693405,2,1,234.51,549571,730821,
77265,2,server2,2,770.2,763599,636,1.07862,2,1,221483,659416,867461,
77265,2,server2,2,770.2,763599,636,1.32521,2,2,247133,722953,831083,
106152,2,server2,2,770.2,770156,636,1.81964,2,1,241211,694.12,1060.25,
61871,2,server2,3,779.8,943781,636,1.32521,2,2,231739,722953,831083,
62221,2,server2,3,779.8,943781,636,1.07862,2,1,206439,659416,867461,
63071,2,server2,3,779.8,943781,636,1.81964,2,1,198.13,694.12,1060.25,
97371,2,server2,3,779.8,922014,636,0.693405,2,1,254616,549571,730821,
103967,2,server2,4,1201.86,779.8,636,0.691471,2,2,285593,1159.02,1034.9,
61886,2,server2,5,847136,770.2,636,1.32521,2,2,231754,722953,831083,
62231,2,server2,5,847136,770.2,636,1.07862,2,1,206449,659416,867461,
63261,2,server2,5,845783,770.2,636,0.693405,2,1,220506,549571,730821,
88597,2,server2,6,773.4,763599,636,0.693405,2,1,245842,549571,730821,
88597,2,server2,6,773.4,763599,636,1.07862,2,1,232815,659416,867461,
88597,2,server2,6,773.4,763599,636,1.32521,2,2,258465,722953,831083,
102636,2,server2,6,773.4,776235,636,1.81964,2,1,237695,694.12,1060.25,
63332,2,server2,8,865908,776.6,636,1.07862,2,1,207.55,659416,867461,
63332,2,server2,8,865908,776.6,636,1.32521,2,2,233.2,722953,831083,
76571,2,server2,8,1007.38,776.6,636,0.691471,2,2,258197,1159.02,1034.9,
61633,2,server2,9,1228.81,770.2,636,0.691471,2,2,243259,1159.02,1034.9,
68225,2,server2,9,1016.38,770.2,636,1.32521,2,2,238093,722953,831083,
68447,2,server2,9,943199,770.2,636,1.07862,2,1,212665,659416,867461,
61873,2,server2,11,779.8,962308,636,1.32521,2,2,231741,722953,831083,
62223,2,server2,11,779.8,961004,636,1.07862,2,1,206441,659416,867461,
63063,2,server2,11,779.8,961004,636,1.81964,2,1,198122,694.12,1060.25,
92301,2,server2,11,779.8,923023,636,0.693405,2,1,249546,549571,730821,
92096,2,server2,12,1104.08,779.8,636,0.691471,2,2,273722,1159.02,1034.9,
61644,2,server2,13,1126.16,770.2,636,0.691471,2,2,243.27,1159.02,1034.9,
61874,2,server2,15,779.8,962971,636,1.32521,2,2,231742,722953,831083,
62226,2,server2,15,779.8,959124,636,1.07862,2,1,206444,659416,867461,
63069,2,server2,15,779.8,952711,636,1.81964,2,1,198128,694.12,1060.25,
67355,2,server2,15,779.8,921907,636,0.693405,2,1,224.6,549571,730821,
76394,2,server2,16,860763,776.6,636,1.07862,2,1,220612,659416,867461,
76394,2,server2,16,860763,776.6,636,1.32521,2,2,246262,722953,831083,
93394,2,server2,16,1006.55,776.6,636,0.691471,2,2,275.02,1159.02,1034.9,
63059,2,server2,19,776.6,979262,636,1.07862,2,1,207277,659416,867461,
63059,2,server2,19,776.6,979262,636,1.32521,2,2,232927,722953,831083,
65224,2,server2,19,776.6,925893,636,0.693405,2,1,222469,549571,730821,
99052,2,server2,20,983173,779.8,636,1.32521,2,2,268.92,722953,831083,
61869,2,server2,23,779.8,1027.62,636,1.32521,2,2,231737,722953,831083,
63097,2,server2,23,779.8,1020.64,636,1.81964,2,1,198156,694.12,1060.25,
72257,2,server2,23,779.8,923,636,0.693405,2,1,229502,549571,730821,
85324,2,server2,24,895709,779.8,636,1.07862,2,1,229542,659416,867461,
85324,2,server2,24,895709,779.8,636,1.32521,2,2,255192,722953,831083,
100064,2,server2,24,1001.62,779.8,636,0.691471,2,2,281.69,1159.02,1034.9,
62244,2,server2,27,776.6,1058.31,636,1.07862,2,1,206462,659416,867461,
63067,2,server2,27,776.6,1032.19,636,1.81964,2,1,198126,694.12,1060.25,
95241,2,server2,28,1014.17,779.8,636,0.691471,2,2,276867,1159.02,1034.9,
95241,2,server2,28,1014.17,779.8,636,1.32521,2,2,265109,722953,831083,
78573,2,server2,29,1016.14,773.4,636,1.32521,2,2,248441,722953,831083,
83264,2,server2,29,943646,773.4,636,1.07862,2,1,227482,659416,867461,
66264,2,server2,0,903297,779.8,637,0.860335,2,1,196337,954848,531645,
66264,2,server2,0,903297,779.8,637,0.953712,2,1,198.52,726311,859326,
62078,2,server2,1,808404,770.2,637,0.860335,2,1,192151,954848,531645,
62258,2,server2,1,808404,770.2,637,0.953712,2,1,194514,726311,859326,
77265,2,server2,2,770.2,763599,637,0.860335,2,1,207338,954848,531645,
77265,2,server2,2,770.2,763599,637,0.953712,2,1,209521,726311,859326,
62266,2,server2,3,779.8,943781,637,0.953712,2,1,194522,726311,859326,
103967,2,server2,4,1201.86,779.8,637,1.94726,2,1,222128,1296.05,520736,
62076,2,server2,5,847136,770.2,637,0.860335,2,1,192149,954848,531645,
62261,2,server2,5,847136,770.2,637,0.953712,2,1,194517,726311,859326,
88597,2,server2,6,773.4,763599,637,0.860335,2,1,218.67,954848,531645,
88597,2,server2,6,773.4,763599,637,0.953712,2,1,220853,726311,859326,
63332,2,server2,8,865908,776.6,637,0.860335,2,1,193405,954848,531645,
63332,2,server2,8,865908,776.6,637,0.953712,2,1,195588,726311,859326,
98419,2,server2,8,1145.52,779.8,637,1.94726,2,1,216.58,1296.05,520736,
66.13,2,server2,9,1136.75,770.2,637,0.860335,2,1,196203,954848,531645,
68225,2,server2,9,1011.67,770.2,637,0.953712,2,1,200481,726311,859326,
62263,2,server2,11,779.8,961004,637,0.953712,2,1,194519,726311,859326,
92096,2,server2,12,1104.08,779.8,637,0.860335,2,1,222169,954848,531645,
62084,2,server2,13,1126.16,770.2,637,0.860335,2,1,192157,954848,531645,
76394,2,server2,16,860763,776.6,637,0.860335,2,1,206467,954848,531645,
76394,2,server2,16,860763,776.6,637,0.953712,2,1,208.65,726311,859326,
63059,2,server2,19,776.6,979262,637,0.953712,2,1,195315,726311,859326,
99052,2,server2,20,983173,779.8,637,0.860335,2,1,229125,954848,531645,
99052,2,server2,20,983173,779.8,637,0.953712,2,1,231308,726311,859326,
63198,2,server2,21,1431.85,770.2,637,1.94726,2,1,181359,1296.05,520736,
62257,2,server2,23,779.8,1022.04,637,0.953712,2,1,194513,726311,859326,
85324,2,server2,24,895709,779.8,637,0.860335,2,1,215397,954848,531645,
85324,2,server2,24,895709,779.8,637,0.953712,2,1,217.58,726311,859326,
62259,2,server2,27,776.6,1058.31,637,0.953712,2,1,194515,726311,859326,
95241,2,server2,28,1014.17,779.8,637,0.860335,2,1,225314,954848,531645,
95241,2,server2,28,1014.17,779.8,637,0.953712,2,1,227497,726311,859326,
63179,2,server2,29,1195.34,773.4,637,1.94726,2,1,181.34,1296.05,520736,
78573,2,server2,29,1013.34,773.4,637,0.953712,2,1,210829,726311,859326,
66264,2,server2,0,903297,779.8,638,0.421715,2,1,202459,1053.2,872776,
66264,2,server2,0,903297,779.8,638,0.855979,2,1,223596,1008.69,563488,
62198,2,server2,1,808404,770.2,638,0.421715,2,1,198393,1053.2,872776,
63338,2,server2,1,808404,770.2,638,0.855979,2,1,220.67,1008.69,563488,
106153,2,server2,2,770.2,773611,638,0.421715,2,1,242348,1053.2,872776,
62196,2,server2,3,779.8,943781,638,0.421715,2,1,198391,1053.2,872776,
103967,2,server2,4,1201.86,779.8,638,0.421715,2,1,240162,1053.2,872776,
103967,2,server2,4,1201.86,779.8,638,0.855979,2,1,261299,1008.69,563488,
62196,2,server2,5,847136,770.2,638,0.421715,2,1,198391,1053.2,872776,
63351,2,server2,5,845783,770.2,638,0.855979,2,1,220683,1008.69,563488,
102539,2,server2,6,773.4,764661,638,0.421715,2,1,238734,1053.2,872776,
63332,2,server2,8,865908,776.6,638,0.421715,2,1,199527,1053.2,872776,
62213,2,server2,9,1227.63,770.2,638,0.421715,2,1,198408,1053.2,872776,
63455,2,server2,9,1211.12,770.2,638,0.855979,2,1,220787,1008.69,563488,
62198,2,server2,11,779.8,961004,638,0.421715,2,1,198393,1053.2,872776,
92096,2,server2,12,1104.08,779.8,638,0.421715,2,1,228291,1053.2,872776,
92096,2,server2,12,1104.08,779.8,638,0.855979,2,1,249428,1008.69,563488,
62239,2,server2,13,1126.16,770.2,638,0.421715,2,1,198434,1053.2,872776,
63339,2,server2,13,1126.16,770.2,638,0.855979,2,1,220671,1008.69,563488,
62.2,2,server2,15,779.8,960406,638,0.421715,2,1,198395,1053.2,872776,
76394,2,server2,16,860763,776.6,638,0.421715,2,1,212589,1053.2,872776,
76394,2,server2,16,860763,776.6,638,0.855979,2,1,233726,1008.69,563488,
63059,2,server2,19,776.6,979262,638,0.421715,2,1,199254,1053.2,872776,
99052,2,server2,20,983173,779.8,638,0.421715,2,1,235247,1053.2,872776,
99052,2,server2,20,983173,779.8,638,0.855979,2,1,256384,1008.69,563488,
64758,2,server2,23,779.8,995543,638,0.421715,2,1,200953,1053.2,872776,
85324,2,server2,24,895709,779.8,638,0.421715,2,1,221519,1053.2,872776,
85324,2,server2,24,895709,779.8,638,0.855979,2,1,242656,1008.69,563488,
95241,2,server2,28,1014.17,779.8,638,0.421715,2,1,231436,1053.2,872776,
95241,2,server2,28,1014.17,779.8,638,0.855979,2,1,252573,1008.69,563488,
62214,2,server2,29,1195.34,773.4,638,0.421715,2,1,198409,1053.2,872776,
63334,2,server2,29,1195.34,773.4,638,0.855979,2,1,220666,1008.69,563488,
66264,2,server2,0,903297,779.8,639,0.459231,2,2,239719,955941,960565,
63458,2,server2,1,808404,770.2,639,0.459231,2,2,236913,955941,960565,
77265,2,server2,2,770.2,763599,639,0.459231,2,2,250.72,955941,960565,
63486,2,server2,3,779.8,943781,639,0.459231,2,2,236941,955941,960565,
63456,2,server2,5,845783,770.2,639,0.459231,2,2,236911,955941,960565,
88597,2,server2,6,773.4,763599,639,0.459231,2,2,262052,955941,960565,
63457,2,server2,8,867556,776.6,639,0.459231,2,2,236912,955941,960565,
63463,2,server2,11,779.8,959.69,639,0.459231,2,2,236918,955941,960565,
92096,2,server2,12,1104.08,779.8,639,0.459231,2,2,265551,955941,960565,
63459,2,server2,13,1126.16,770.2,639,0.459231,2,2,236914,955941,960565,
63464,2,server2,15,779.8,952711,639,0.459231,2,2,236919,955941,960565,
76394,2,server2,16,860763,776.6,639,0.459231,2,2,249849,955941,960565,
63461,2,server2,19,776.6,974.82,639,0.459231,2,2,236916,955941,960565,
99052,2,server2,20,983173,779.8,639,0.459231,2,2,272507,955941,960565,
63458,2,server2,23,779.8,1020.64,639,0.459231,2,2,236913,955941,960565,
85324,2,server2,24,895709,779.8,639,0.459231,2,2,258779,955941,960565,
63503,2,server2,27,776.6,1026.06,639,0.459231,2,2,236958,955941,960565,
95241,2,server2,28,1014.17,779.8,639,0.459231,2,2,268696,955941,960565,
63.95,2,server2,29,1189.27,773.4,639,0.459231,2,2,237405,955941,960565,
103967,2,server2,4,1201.86,779.8,640,0.487695,2,2,277426,1458.04,843063,
63503,2,server2,21,1431.85,770.2,640,0.487695,2,2,236962,1458.04,843063,
63459,2,server2,29,1195.34,773.4,640,0.487695,2,2,236918,1458.04,843063,
66264,2,server2,0,903297,779.8,641,1.63108,2,1,204808,1070.25,773704,
63548,2,server2,1,808404,770.2,641,1.63108,2,1,202092,1070.25,773704,
106291,2,server2,3,779.8,848355,641,1.63108,2,1,244835,1070.25,773704,
103967,2,server2,4,1201.86,779.8,641,1.63108,2,1,242511,1070.25,773704,
63646,2,server2,5,845783,770.2,641,1.63108,2,1,202.19,1070.25,773704,
88597,2,server2,6,773.4,763599,641,1.63108,2,1,227141,1070.25,773704,
63547,2,server2,8,867556,776.6,641,1.63108,2,1,202091,1070.25,773704,
63545,2,server2,9,1206.38,770.2,641,1.63108,2,1,202089,1070.25,773704,
92096,2,server2,12,1104.08,779.8,641,1.63108,2,1,230.64,1070.25,773704,
63544,2,server2,13,1126.16,770.2,641,1.63108,2,1,202088,1070.25,773704,
76394,2,server2,16,860763,776.6,641,1.63108,2,1,214938,1070.25,773704,
99052,2,server2,20,983173,779.8,641,1.63108,2,1,237596,1070.25,773704,
88719,2,server2,21,1370.1,770.2,641,1.63108,2,1,227263,1070.25,773704,
79348,2,server2,23,779.8,847768,641,1.63108,2,1,217892,1070.25,773704,
85324,2,server2,24,895709,779.8,641,1.63108,2,1,223868,1070.25,773704,
82217,2,server2,27,776.6,829407,641,1.63108,2,1,220761,1070.25,773704,
95241,2,server2,28,1014.17,779.8,641,1.63108,2,1,233785,1070.25,773704,
63569,2,server2,29,1193.83,773.4,641,1.63108,2,1,202113,1070.25,773704,
66264,2,server2,0,903297,779.8,642,0.947208,2,2,259518,1054.56,973634,
63586,2,server2,3,779.8,943781,642,1.69853,2,1,202.13,577741,1110.1,
64261,2,server2,3,779.8,943781,642,0.947208,2,2,257515,1054.56,973634,
103967,2,server2,4,1201.86,779.8,642,0.947208,2,2,297221,1054.56,973634,
64721,2,server2,5,845783,770.2,642,0.947208,2,2,257975,1054.56,973634,
104869,2,server2,6,773.4,869024,642,0.947208,2,2,298123,1054.56,973634,
104873,2,server2,6,773.4,882957,642,1.69853,2,1,243417,577741,1110.1,
64266,2,server2,8,869196,776.6,642,0.947208,2,2,257.52,1054.56,973634,
64255,2,server2,9,1204.02,770.2,642,0.947208,2,2,257509,1054.56,973634,
64269,2,server2,11,779.8,958379,642,0.947208,2,2,257523,1054.56,973634,
92096,2,server2,12,1104.08,779.8,642,0.947208,2,2,285.35,1054.56,973634,
64259,2,server2,13,1125.1,770.2,642,0.947208,2,2,257513,1054.56,973634,
63545,2,server2,15,779.8,951422,642,1.69853,2,1,202089,577741,1110.1,
76394,2,server2,16,860763,776.6,642,0.947208,2,2,269648,1054.56,973634,
63551,2,server2,19,776.6,974.82,642,1.69853,2,1,202095,577741,1110.1,
64256,2,server2,19,776.6,973335,642,0.947208,2,2,257.51,1054.56,973634,
99052,2,server2,20,983173,779.8,642,0.947208,2,2,292306,1054.56,973634,
63548,2,server2,23,779.8,1020.64,642,1.69853,2,1,202092,577741,1110.1,
64254,2,server2,23,779.8,1020.64,642,0.947208,2,2,257508,1054.56,973634,
85324,2,server2,24,895709,779.8,642,0.947208,2,2,278578,1054.56,973634,
63553,2,server2,27,776.6,1024.52,642,1.69853,2,1,202097,577741,1110.1,
64263,2,server2,27,776.6,1024.52,642,0.947208,2,2,257517,1054.56,973634,
95241,2,server2,28,1014.17,779.8,642,0.947208,2,2,288495,1054.56,973634,
64.26,2,server2,29,1148.33,773.4,642,0.947208,2,2,257514,1054.56,973634,
66264,2,server2,0,903297,779.8,643,0.862211,2,2,226703,1009.75,532583,
94361,2,server2,0,1039.96,779.8,643,0.55477,2,2,269279,1302.48,636.81,
103967,2,server2,4,1201.86,779.8,643,0.55477,2,2,278885,1302.48,636.81,
64721,2,server2,5,845783,770.2,643,0.862211,2,2,225.16,1009.75,532583,
64446,2,server2,8,869196,776.6,643,0.862211,2,2,224885,1009.75,532583,
79061,2,server2,8,1040.27,779.8,643,0.55477,2,2,253979,1302.48,636.81,
63.92,2,server2,9,1205.2,770.2,643,0.55477,2,2,238838,1302.48,636.81,
65418,2,server2,9,1192.23,770.2,643,0.862211,2,2,225857,1009.75,532583,
92096,2,server2,12,1104.08,779.8,643,0.55477,2,2,267014,1302.48,636.81,
92096,2,server2,12,1104.08,779.8,643,0.862211,2,2,252535,1009.75,532583,
63944,2,server2,13,1125.1,770.2,643,0.55477,2,2,238862,1302.48,636.81,
76394,2,server2,16,860763,776.6,643,0.862211,2,2,236833,1009.75,532583,
100636,2,server2,16,1037.98,776.6,643,0.55477,2,2,275554,1302.48,636.81,
99052,2,server2,20,983173,779.8,643,0.862211,2,2,259491,1009.75,532583,
85324,2,server2,24,895709,779.8,643,0.862211,2,2,245763,1009.75,532583,
105324,2,server2,24,1039.42,779.8,643,0.55477,2,2,280242,1302.48,636.81,
95241,2,server2,28,1014.17,779.8,643,0.862211,2,2,255.68,1009.75,532583,
63933,2,server2,29,1193.83,773.4,643,0.55477,2,2,238851,1302.48,636.81,
64.44,2,server2,29,1148.33,773.4,643,0.862211,2,2,224879,1009.75,532583,
66264,2,server2,0,903297,779.8,644,0.425378,2,1,219807,695725,753675,
66264,2,server2,0,903297,779.8,644,0.5316,2,2,250.24,1123.12,719513,
64583,2,server2,1,807112,770.2,644,0.425378,2,1,218126,695725,753675,
77265,2,server2,2,770.2,763599,644,0.425378,2,1,230808,695725,753675,
64556,2,server2,3,779.8,943781,644,0.425378,2,1,218099,695725,753675,
103967,2,server2,4,1201.86,779.8,644,0.5316,2,2,287943,1123.12,719513,
103967,2,server2,4,1201.86,779.8,644,1.7287,2,1,246122,1293.93,1051.59,
64021,2,server2,5,845783,770.2,644,0.5316,2,2,247997,1123.12,719513,
64721,2,server2,5,845783,770.2,644,0.425378,2,1,218264,695725,753675,
88597,2,server2,6,773.4,763599,644,0.425378,2,1,242.14,695725,753675,
63981,2,server2,8,869196,776.6,644,0.5316,2,2,247957,1123.12,719513,
64571,2,server2,8,869196,776.6,644,0.425378,2,1,218114,695725,753675,
63.98,2,server2,9,1205.2,770.2,644,0.5316,2,2,247956,1123.12,719513,
64165,2,server2,9,1204.02,770.2,644,1.7287,2,1,206.32,1293.93,1051.59,
68226,2,server2,9,995168,770.2,644,0.425378,2,1,221769,695725,753675,
64544,2,server2,11,779.8,958379,644,0.425378,2,1,218087,695725,753675,
92096,2,server2,12,1104.08,779.8,644,0.5316,2,2,276072,1123.12,719513,
63984,2,server2,13,1125.1,770.2,644,0.5316,2,2,247.96,1123.12,719513,
64.55,2,server2,15,779.8,939884,644,0.425378,2,1,218093,695725,753675,
76394,2,server2,16,860763,776.6,644,0.425378,2,1,229937,695725,753675,
76394,2,server2,16,860763,776.6,644,0.5316,2,2,260.37,1123.12,719513,
99052,2,server2,20,983173,779.8,644,0.425378,2,1,252595,695725,753675,
99052,2,server2,20,983173,779.8,644,0.5316,2,2,283028,1123.12,719513,
70451,2,server2,21,1418,770.2,644,0.5316,2,2,254427,1123.12,719513,
79419,2,server2,21,1397.81,770.2,644,1.7287,2,1,221574,1293.93,1051.59,
64602,2,server2,23,779.8,1010.89,644,0.425378,2,1,218145,695725,753675,
85324,2,server2,24,895709,779.8,644,0.425378,2,1,238867,695725,753675,
85324,2,server2,24,895709,779.8,644,0.5316,2,2,269.3,1123.12,719513,
64553,2,server2,27,776.6,1024.52,644,0.425378,2,1,218096,695725,753675,
95241,2,server2,28,1014.17,779.8,644,0.5316,2,2,279217,1123.12,719513,
78573,2,server2,29,993994,773.4,644,0.425378,2,1,232116,695725,753675,
95022,2,server2,0,1059.47,779.8,645,0.574335,2,1,227085,1170.36,501162,
64583,2,server2,1,807112,770.2,645,0.474077,2,1,218126,608983,966718,
77265,2,server2,2,770.2,763599,645,0.474077,2,1,230808,608983,966718,
64261,2,server2,3,779.8,943781,645,0.585947,2,2,257515,644.44,1166.87,
64556,2,server2,3,779.8,943781,645,0.474077,2,1,218099,608983,966718,
103967,2,server2,4,1201.86,779.8,645,0.574335,2,1,236.03,1170.36,501162,
70741,2,server2,5,834964,770.2,645,0.474077,2,1,224284,608983,966718,
88597,2,server2,6,773.4,763599,645,0.474077,2,1,242.14,608983,966718,
104913,2,server2,6,773.4,896865,645,0.585947,2,2,298167,644.44,1166.87,
80259,2,server2,8,1060.01,779.8,645,0.574335,2,1,212322,1170.36,501162,
64065,2,server2,9,1205.2,770.2,645,0.574335,2,1,196128,1170.36,501162,
64269,2,server2,11,779.8,958379,645,0.585947,2,2,257523,644.44,1166.87,
64544,2,server2,11,779.8,958379,645,0.474077,2,1,218087,608983,966718,
92096,2,server2,12,1104.08,779.8,645,0.574335,2,1,224159,1170.36,501162,
64064,2,server2,13,1125.1,770.2,645,0.574335,2,1,196127,1170.36,501162,
64.55,2,server2,15,779.8,939884,645,0.474077,2,1,218093,608983,966718,
100638,2,server2,16,1052.94,776.6,645,0.574335,2,1,232701,1170.36,501162,
64256,2,server2,19,776.6,973335,645,0.585947,2,2,257.51,644.44,1166.87,
64254,2,server2,23,779.8,1020.64,645,0.585947,2,2,257508,644.44,1166.87,
64602,2,server2,23,779.8,1010.89,645,0.474077,2,1,218145,608983,966718,
105374,2,server2,24,1060.59,779.8,645,0.574335,2,1,237437,1170.36,501162,
64263,2,server2,27,776.6,1024.52,645,0.585947,2,2,257517,644.44,1166.87,
64553,2,server2,27,776.6,1024.52,645,0.474077,2,1,218096,608983,966718,
71799,2,server2,0,925591,779.8,646,0.969462,2,1,203862,1217.56,715913,
64556,2,server2,3,779.8,943781,646,2.32104,2,1,201099,725365,1223.68,
103967,2,server2,4,1201.86,779.8,646,0.969462,2,1,236.03,1217.56,715913,
73052,2,server2,8,925127,776.6,646,0.969462,2,1,205115,1217.56,715913,
64065,2,server2,9,1205.2,770.2,646,0.969462,2,1,196128,1217.56,715913,
64544,2,server2,11,779.8,958379,646,2.32104,2,1,201087,725365,1223.68,
92096,2,server2,12,1104.08,779.8,646,0.969462,2,1,224159,1217.56,715913,
64064,2,server2,13,1125.1,770.2,646,0.969462,2,1,196127,1217.56,715913,
64.55,2,server2,15,779.8,939884,646,2.32104,2,1,201093,725365,1223.68,
92721,2,server2,16,924239,776.6,646,0.969462,2,1,224784,1217.56,715913,
99052,2,server2,20,983173,779.8,646,0.969462,2,1,231115,1217.56,715913,
64068,2,server2,21,1430.6,770.2,646,0.969462,2,1,196131,1217.56,715913,
64602,2,server2,23,779.8,1010.89,646,2.32104,2,1,201145,725365,1223.68,
91569,2,server2,24,924467,779.8,646,0.969462,2,1,223632,1217.56,715913,
64553,2,server2,27,776.6,1024.52,646,2.32104,2,1,201096,725365,1223.68,
95241,2,server2,28,1014.17,779.8,646,0.969462,2,1,227304,1217.56,715913,
66264,2,server2,0,903297,779.8,647,0.666775,2,2,224807,689816,851462,
66264,2,server2,0,903297,779.8,647,1.6428,2,1,208419,1131.36,858195,
64583,2,server2,1,807112,770.2,647,0.666775,2,2,223126,689816,851462,
77265,2,server2,2,770.2,763599,647,0.666775,2,2,235808,689816,851462,
64556,2,server2,3,779.8,943781,647,0.666775,2,2,223099,689816,851462,
103967,2,server2,4,1201.86,779.8,647,1.6428,2,1,246122,1131.36,858195,
64721,2,server2,5,845783,770.2,647,0.666775,2,2,223264,689816,851462,
64721,2,server2,5,845783,770.2,647,1.6428,2,1,206876,1131.36,858195,
88597,2,server2,6,773.4,763599,647,0.666775,2,2,247.14,689816,851462,
64156,2,server2,8,869196,776.6,647,1.6428,2,1,206311,1131.36,858195,
64571,2,server2,8,869196,776.6,647,0.666775,2,2,223114,689816,851462,
64165,2,server2,9,1204.02,770.2,647,1.6428,2,1,206.32,1131.36,858195,
68232,2,server2,9,977443,770.2,647,0.666775,2,2,226775,689816,851462,
64544,2,server2,11,779.8,958379,647,0.666775,2,2,223087,689816,851462,
92096,2,server2,12,1104.08,779.8,647,1.6428,2,1,234251,1131.36,858195,
64159,2,server2,13,1125.1,770.2,647,1.6428,2,1,206314,1131.36,858195,
64.55,2,server2,15,779.8,939884,647,0.666775,2,2,223093,689816,851462,
76394,2,server2,16,860763,776.6,647,0.666775,2,2,234937,689816,851462,
76394,2,server2,16,860763,776.6,647,1.6428,2,1,218549,1131.36,858195,
99052,2,server2,20,983173,779.8,647,1.6428,2,1,241207,1131.36,858195,
70451,2,server2,21,1418,770.2,647,1.6428,2,1,212606,1131.36,858195,
64602,2,server2,23,779.8,1010.89,647,0.666775,2,2,223145,689816,851462,
85324,2,server2,24,895709,779.8,647,0.666775,2,2,243867,689816,851462,
85324,2,server2,24,895709,779.8,647,1.6428,2,1,227479,1131.36,858195,
64553,2,server2,27,776.6,1024.52,647,0.666775,2,2,223096,689816,851462,
95241,2,server2,28,1014.17,779.8,647,1.6428,2,1,237396,1131.36,858195,
78724,2,server2,29,979155,773.4,647,0.666775,2,2,237267,689816,851462,
64576,2,server2,3,779.8,943781,648,1.97746,2,1,223149,768608,1145.93,
103889,2,server2,6,773.4,846759,648,1.97746,2,1,262462,768608,1145.93,
64579,2,server2,11,779.8,958379,648,1.97746,2,1,223152,768608,1145.93,
64585,2,server2,15,779.8,939884,648,1.97746,2,1,223158,768608,1145.93,
64602,2,server2,23,779.8,1010.89,648,1.97746,2,1,223175,768608,1145.93,
64583,2,server2,27,776.6,1024.52,648,1.97746,2,1,223156,768608,1145.93,
66264,2,server2,0,903297,779.8,650,1.42856,2,2,269022,904198,804578,
64763,2,server2,1,807112,770.2,650,1.42856,2,2,267521,904198,804578,
77265,2,server2,2,770.2,763599,650,1.42856,2,2,280023,904198,804578,
64766,2,server2,3,779.8,943781,650,1.42856,2,2,267524,904198,804578,
103967,2,server2,4,1201.86,779.8,650,1.42856,2,2,306725,904198,804578,
64816,2,server2,5,845783,770.2,650,1.42856,2,2,267574,904198,804578,
88597,2,server2,6,773.4,763599,650,1.42856,2,2,291355,904198,804578,
64761,2,server2,8,870839,776.6,650,1.42856,2,2,267519,904198,804578,
65324,2,server2,9,1201.66,770.2,650,1.42856,2,2,268082,904198,804578,
64769,2,server2,11,779.8,958379,650,1.42856,2,2,267527,904198,804578,
92096,2,server2,12,1104.08,779.8,650,1.42856,2,2,294854,904198,804578,
64.76,2,server2,13,1115.61,770.2,650,1.42856,2,2,267518,904198,804578,
64765,2,server2,15,779.8,939884,650,1.42856,2,2,267523,904198,804578,
76394,2,server2,16,860763,776.6,650,1.42856,2,2,279152,904198,804578,
64762,2,server2,19,776.6,939223,650,1.42856,2,2,267.52,904198,804578,
99052,2,server2,20,983173,779.8,650,1.42856,2,2,301.81,904198,804578,
85324,2,server2,24,895709,779.8,650,1.42856,2,2,288082,904198,804578,
64763,2,server2,27,776.6,1024.52,650,1.42856,2,2,267521,904198,804578,
95241,2,server2,28,1014.17,779.8,650,1.42856,2,2,297999,904198,804578,
64.76,2,server2,29,1148.33,773.4,650,1.42856,2,2,267518,904198,804578,
64766,2,server2,3,779.8,943781,651,1.90206,2,2,267525,719633,1155.66,
104725,2,server2,6,773.4,860.68,651,1.90206,2,2,307484,719633,1155.66,
64769,2,server2,11,779.8,958379,651,1.90206,2,2,267528,719633,1155.66,
64765,2,server2,15,779.8,939884,651,1.90206,2,2,267524,719633,1155.66,
64762,2,server2,19,776.6,939223,651,1.90206,2,2,267521,719633,1155.66,
64763,2,server2,27,776.6,1024.52,651,1.90206,2,2,267522,719633,1155.66,
65153,2,server2,27,776.6,1021.44,651,0.511979,2,2,277305,983568,1203.27,
66264,2,server2,0,903297,779.8,652,2.20342,2,2,278466,671.41,733489,
65248,2,server2,1,807112,770.2,652,2.20342,2,2,277.45,671.41,733489,
77265,2,server2,2,770.2,763599,652,2.20342,2,2,289467,671.41,733489,
65206,2,server2,3,779.8,943781,652,2.20342,2,2,277408,671.41,733489,
65221,2,server2,5,845783,770.2,652,2.20342,2,2,277423,671.41,733489,
88597,2,server2,6,773.4,763599,652,2.20342,2,2,300799,671.41,733489,
65211,2,server2,8,870839,776.6,652,2.20342,2,2,277413,671.41,733489,
68234,2,server2,9,967998,770.2,652,2.20342,2,2,280436,671.41,733489,
64989,2,server2,11,779.8,958379,652,1.17683,2,2,276962,502187,1059.06,
65244,2,server2,11,779.8,958379,652,2.20342,2,2,277446,671.41,733489,
76394,2,server2,16,860763,776.6,652,2.20342,2,2,288596,671.41,733489,
65208,2,server2,19,776.6,931816,652,2.20342,2,2,277.41,671.41,733489,
64979,2,server2,23,779.8,984.37,652,1.17683,2,2,276952,502187,1059.06,
65315,2,server2,23,779.8,981579,652,2.20342,2,2,277517,671.41,733489,
85324,2,server2,24,895709,779.8,652,2.20342,2,2,297526,671.41,733489,
64975,2,server2,27,776.6,1021.44,652,1.17683,2,2,276948,502187,1059.06,
65153,2,server2,27,776.6,1021.44,652,0.656925,2,1,218295,1003.66,1186.07,
66268,2,server2,27,776.6,1013.76,652,2.20342,2,2,278.47,671.41,733489,
83259,2,server2,29,968534,773.4,652,2.20342,2,2,295461,671.41,733489,
66264,2,server2,0,903297,779.8,653,2.29955,2,1,212497,774891,1005.14,
65248,2,server2,1,807112,770.2,653,2.29955,2,1,211481,774891,1005.14,
77265,2,server2,2,770.2,763599,653,2.29955,2,1,223498,774891,1005.14,
65241,2,server2,3,779.8,943781,653,2.29955,2,1,211474,774891,1005.14,
65241,2,server2,5,845783,770.2,653,2.29955,2,1,211474,774891,1005.14,
88597,2,server2,6,773.4,763599,653,2.29955,2,1,234.83,774891,1005.14,
65236,2,server2,8,870839,776.6,653,2.29955,2,1,211469,774891,1005.14,
68263,2,server2,9,960907,770.2,653,2.29955,2,1,214496,774891,1005.14,
65244,2,server2,11,779.8,958379,653,2.29955,2,1,211477,774891,1005.14,
65237,2,server2,15,779.8,932175,653,2.29955,2,1,211.47,774891,1005.14,
76394,2,server2,16,860763,776.6,653,2.29955,2,1,222627,774891,1005.14,
65315,2,server2,23,779.8,981579,653,2.29955,2,1,211548,774891,1005.14,
85324,2,server2,24,895709,779.8,653,2.29955,2,1,231557,774891,1005.14,
65237,2,server2,27,776.6,1018.36,653,2.29955,2,1,211.47,774891,1005.14,
83261,2,server2,29,964574,773.4,653,2.29955,2,1,229494,774891,1005.14,
103967,2,server2,4,1201.86,779.8,654,0.950282,2,1,216291,1445.61,684244,
65353,2,server2,21,1429.33,770.2,654,0.950282,2,1,177677,1445.61,684244,
66264,2,server2,0,903297,779.8,655,1.39125,2,1,178588,908362,986212,
65328,2,server2,1,807112,770.2,655,1.39125,2,1,177652,908362,986212,
77265,2,server2,2,770.2,763599,655,1.39125,2,1,189589,908362,986212,
65326,2,server2,3,779.8,943781,655,1.39125,2,1,177.65,908362,986212,
65346,2,server2,5,845783,770.2,655,1.39125,2,1,177.67,908362,986212,
88597,2,server2,6,773.4,763599,655,1.39125,2,1,200921,908362,986212,
65326,2,server2,8,870839,776.6,655,1.39125,2,1,177.65,908362,986212,
65349,2,server2,11,779.8,958379,655,1.39125,2,1,177673,908362,986212,
92096,2,server2,12,1104.08,779.8,655,1.39125,2,1,204.42,908362,986212,
65325,2,server2,13,1115.61,770.2,655,1.39125,2,1,177649,908362,986212,
65352,2,server2,15,779.8,932175,655,1.39125,2,1,177676,908362,986212,
76394,2,server2,16,860763,776.6,655,1.39125,2,1,188718,908362,986212,
65324,2,server2,19,776.6,906612,655,1.39125,2,1,177648,908362,986212,
99052,2,server2,20,983173,779.8,655,1.39125,2,1,211376,908362,986212,
65.35,2,server2,23,779.8,981579,655,1.39125,2,1,177674,908362,986212,
85324,2,server2,24,895709,779.8,655,1.39125,2,1,197648,908362,986212,
65337,2,server2,27,776.6,1018.36,655,1.39125,2,1,177661,908362,986212,
95241,2,server2,28,1014.17,779.8,655,1.39125,2,1,207565,908362,986212,
69079,2,server2,29,1119.51,773.4,655,1.39125,2,1,181403,908362,986212,
65326,2,server2,3,779.8,943781,656,0.604409,2,1,217.65,781629,1206.09,
105767,2,server2,6,773.4,906638,656,0.604409,2,1,258091,781629,1206.09,
65349,2,server2,11,779.8,958379,656,0.604409,2,1,217673,781629,1206.09,
65352,2,server2,15,779.8,932175,656,0.604409,2,1,217676,781629,1206.09,
65.35,2,server2,23,779.8,981579,656,0.604409,2,1,217674,781629,1206.09,
65337,2,server2,27,776.6,1018.36,656,0.604409,2,1,217661,781629,1206.09,
66264,2,server2,0,903297,779.8,657,0.665751,2,1,218592,753.08,729036,
65343,2,server2,1,807112,770.2,657,0.665751,2,1,217671,753.08,729036,
77265,2,server2,2,770.2,763599,657,0.665751,2,1,229593,753.08,729036,
65341,2,server2,3,779.8,943781,657,0.665751,2,1,217669,753.08,729036,
65346,2,server2,5,845783,770.2,657,0.665751,2,1,217674,753.08,729036,
88597,2,server2,6,773.4,763599,657,0.665751,2,1,240925,753.08,729036,
65331,2,server2,8,870839,776.6,657,0.665751,2,1,217659,753.08,729036,
67.65,2,server2,9,1049.4,770.2,657,0.665751,2,1,219978,753.08,729036,
65349,2,server2,11,779.8,958379,657,0.665751,2,1,217677,753.08,729036,
100152,2,server2,13,1050.14,770.2,657,0.665751,2,1,252.48,753.08,729036,
65352,2,server2,15,779.8,932175,657,0.665751,2,1,217.68,753.08,729036,
76394,2,server2,16,860763,776.6,657,0.665751,2,1,228722,753.08,729036,
99052,2,server2,20,983173,779.8,657,0.665751,2,1,251.38,753.08,729036,
65.35,2,server2,23,779.8,981579,657,0.665751,2,1,217678,753.08,729036,
85324,2,server2,24,895709,779.8,657,0.665751,2,1,237652,753.08,729036,
65337,2,server2,27,776.6,1018.36,657,0.665751,2,1,217665,753.08,729036,
95241,2,server2,28,1014.17,779.8,657,0.665751,2,1,247569,753.08,729036,
75533,2,server2,29,1049.74,773.4,657,0.665751,2,1,227861,753.08,729036,
66264,2,server2,0,903297,779.8,658,0.639901,2,2,236656,702915,884257,
65403,2,server2,1,807112,770.2,658,0.639901,2,2,235795,702915,884257,
77265,2,server2,2,770.2,763599,658,0.639901,2,2,247657,702915,884257,
65446,2,server2,3,779.8,943781,658,0.639901,2,2,235838,702915,884257,
65466,2,server2,5,845783,770.2,658,0.639901,2,2,235858,702915,884257,
88597,2,server2,6,773.4,763599,658,0.639901,2,2,258989,702915,884257,
65396,2,server2,8,870839,776.6,658,0.639901,2,2,235788,702915,884257,
68232,2,server2,9,979807,770.2,658,0.639901,2,2,238624,702915,884257,
65404,2,server2,11,779.8,958379,658,0.639901,2,2,235796,702915,884257,
65397,2,server2,15,779.8,932175,658,0.639901,2,2,235789,702915,884257,
76394,2,server2,16,860763,776.6,658,0.639901,2,2,246786,702915,884257,
99052,2,server2,20,983173,779.8,658,0.639901,2,2,269444,702915,884257,
65.41,2,server2,23,779.8,981579,658,0.639901,2,2,235802,702915,884257,
85324,2,server2,24,895709,779.8,658,0.639901,2,2,255716,702915,884257,
65407,2,server2,27,776.6,1018.36,658,0.639901,2,2,235799,702915,884257,
78695,2,server2,29,980491,773.4,658,0.639901,2,2,249087,702915,884257,
106154,2,server2,2,770.2,776993,659,1.10399,2,2,276546,600184,1024.12,
65446,2,server2,3,779.8,943781,659,1.10399,2,2,235838,600184,1024.12,
102646,2,server2,6,773.4,779261,659,1.10399,2,2,273038,600184,1024.12,
65404,2,server2,11,779.8,958379,659,1.10399,2,2,235796,600184,1024.12,
65397,2,server2,15,779.8,932175,659,1.10399,2,2,235789,600184,1024.12,
65.41,2,server2,23,779.8,981579,659,1.10399,2,2,235802,600184,1024.12,
65407,2,server2,27,776.6,1018.36,659,1.10399,2,2,235799,600184,1024.12,
94552,2,server2,0,1049.72,779.8,660,1.16066,2,2,265994,1343.41,723798,
103967,2,server2,4,1201.86,779.8,660,1.16066,2,2,275409,1343.41,723798,
80.25,2,server2,8,1050.14,779.8,660,1.16066,2,2,251692,1343.41,723798,
92096,2,server2,12,1104.08,779.8,660,1.16066,2,2,263538,1343.41,723798,
65445,2,server2,13,1115.61,770.2,660,1.16066,2,2,236887,1343.41,723798,
100637,2,server2,16,1048.45,776.6,660,1.16066,2,2,272079,1343.41,723798,
65453,2,server2,21,1429.33,770.2,660,1.16066,2,2,236895,1343.41,723798,
105372,2,server2,24,1050.01,779.8,660,1.16066,2,2,276814,1343.41,723798,
65445,2,server2,29,1148.33,773.4,660,1.16066,2,2,236887,1343.41,723798,
66264,2,server2,0,903297,779.8,661,0.491608,2,1,190759,1124.32,841166,
103967,2,server2,4,1201.86,779.8,661,0.491608,2,1,228462,1124.32,841166,
65571,2,server2,5,845783,770.2,661,0.491608,2,1,190066,1124.32,841166,
65501,2,server2,8,870839,776.6,661,0.491608,2,1,189996,1124.32,841166,
92096,2,server2,12,1104.08,779.8,661,0.491608,2,1,216591,1124.32,841166,
65.5,2,server2,13,1115.61,770.2,661,0.491608,2,1,189995,1124.32,841166,
76394,2,server2,16,860763,776.6,661,0.491608,2,1,200889,1124.32,841166,
99052,2,server2,20,983173,779.8,661,0.491608,2,1,223547,1124.32,841166,
71066,2,server2,21,1415.47,770.2,661,0.491608,2,1,195561,1124.32,841166,
85324,2,server2,24,895709,779.8,661,0.491608,2,1,209819,1124.32,841166,
95241,2,server2,28,1014.17,779.8,661,0.491608,2,1,219736,1124.32,841166,
65495,2,server2,29,1148.33,773.4,661,0.491608,2,1,189.99,1124.32,841166,
65513,2,server2,21,1429.33,770.2,662,2.2923,2,1,190012,1425.97,470369,
67253,2,server2,0,908872,779.8,663,0.885903,2,2,247198,1055.68,1041.23,
103967,2,server2,4,1201.86,779.8,663,0.885903,2,2,283912,1055.68,1041.23,
72972,2,server2,8,915252,776.6,663,0.885903,2,2,252917,1055.68,1041.23,
65948,2,server2,9,1160.37,770.2,663,0.885903,2,2,245893,1055.68,1041.23,
65959,2,server2,11,779.8,958379,663,0.885903,2,2,245904,1055.68,1041.23,
92096,2,server2,12,1104.08,779.8,663,0.885903,2,2,272041,1055.68,1041.23,
65.95,2,server2,13,1115.61,770.2,663,0.885903,2,2,245895,1055.68,1041.23,
65957,2,server2,15,779.8,932175,663,0.885903,2,2,245902,1055.68,1041.23,
90195,2,server2,16,915265,776.6,663,0.885903,2,2,270.14,1055.68,1041.23,
99052,2,server2,20,983173,779.8,663,0.885903,2,2,278997,1055.68,1041.23,
65946,2,server2,23,779.8,970415,663,0.885903,2,2,245891,1055.68,1041.23,
88873,2,server2,24,909336,779.8,663,0.885903,2,2,268818,1055.68,1041.23,
65967,2,server2,27,776.6,1016.83,663,0.885903,2,2,245912,1055.68,1041.23,
95241,2,server2,28,1014.17,779.8,663,0.885903,2,2,275186,1055.68,1041.23,
65945,2,server2,29,1148.33,773.4,663,0.885903,2,2,245.89,1055.68,1041.23,
105.93,2,server2,6,773.4,913597,664,0.93563,2,2,285875,861.76,1199.37,
65959,2,server2,11,779.8,958379,664,0.93563,2,2,245904,861.76,1199.37,
65957,2,server2,15,779.8,932175,664,0.93563,2,2,245902,861.76,1199.37,
65946,2,server2,23,779.8,970415,664,0.93563,2,2,245891,861.76,1199.37,
65967,2,server2,27,776.6,1016.83,664,0.93563,2,2,245912,861.76,1199.37,
92.44,2,server2,0,1019.04,779.8,665,1.61856,2,2,274.57,1318.05,772772,
103967,2,server2,4,1201.86,779.8,665,1.61856,2,2,286097,1318.05,772772,
76825,2,server2,8,1018.89,776.6,665,1.61856,2,2,258955,1318.05,772772,
92096,2,server2,12,1104.08,779.8,665,1.61856,2,2,274226,1318.05,772772,
66135,2,server2,13,1115.61,770.2,665,1.61856,2,2,248265,1318.05,772772,
93395,2,server2,16,1018.52,776.6,665,1.61856,2,2,275525,1318.05,772772,
66138,2,server2,21,1428.08,770.2,665,1.61856,2,2,248268,1318.05,772772,
100064,2,server2,24,1018.26,779.8,665,1.61856,2,2,282194,1318.05,772772,
101328,2,server2,28,1018.86,779.8,665,1.61856,2,2,283458,1318.05,772772,
66.1301,2,server2,29,1148.33,773.4,665,1.61856,2,2,248.26,1318.05,772772,
66264,2,server2,0,903297,779.8,666,2.27693,2,2,248394,1024.1,1051.61,
66145,2,server2,3,779.8,940155,666,2.27693,2,2,248275,1024.1,1051.61,
104874,2,server2,6,773.4,887133,666,2.27693,2,2,287004,1024.1,1051.61,
72787,2,server2,8,905385,776.6,666,2.27693,2,2,254917,1024.1,1051.61,
66.13,2,server2,11,779.8,957069,666,2.27693,2,2,248.26,1024.1,1051.61,
92096,2,server2,12,1104.08,779.8,666,2.27693,2,2,274226,1024.1,1051.61,
66135,2,server2,13,1115.61,770.2,666,2.27693,2,2,248265,1024.1,1051.61,
66137,2,server2,15,779.8,932175,666,2.27693,2,2,248267,1024.1,1051.61,
90193,2,server2,16,904784,776.6,666,2.27693,2,2,272323,1024.1,1051.61,
99052,2,server2,20,983173,779.8,666,2.27693,2,2,281182,1024.1,1051.61,
66143,2,server2,23,779.8,970415,666,2.27693,2,2,248273,1024.1,1051.61,
85324,2,server2,24,897227,779.8,666,2.27693,2,2,267454,1024.1,1051.61,
66133,2,server2,27,776.6,1016.83,666,2.27693,2,2,248263,1024.1,1051.61,
95241,2,server2,28,1014.17,779.8,666,2.27693,2,2,277371,1024.1,1051.61,
68695,2,server2,29,1136.19,773.4,666,2.27693,2,2,250825,1024.1,1051.61,
66264,2,server2,0,903297,779.8,667,0.523285,2,1,200394,934619,665249,
66138,2,server2,1,807112,770.2,667,0.523285,2,1,200268,934619,665249,
77265,2,server2,2,770.2,763599,667,0.523285,2,1,211395,934619,665249,
97371,2,server2,3,779.8,922014,667,0.523285,2,1,231501,934619,665249,
103967,2,server2,4,1201.86,779.8,667,0.523285,2,1,238097,934619,665249,
66146,2,server2,5,845783,770.2,667,0.523285,2,1,200276,934619,665249,
88597,2,server2,6,773.4,763599,667,0.523285,2,1,222727,934619,665249,
66131,2,server2,8,870839,776.6,667,0.523285,2,1,200261,934619,665249,
92378,2,server2,11,779.8,921711,667,0.523285,2,1,226508,934619,665249,
92096,2,server2,12,1104.08,779.8,667,0.523285,2,1,226226,934619,665249,
66135,2,server2,13,1115.61,770.2,667,0.523285,2,1,200265,934619,665249,
67355,2,server2,15,779.8,921907,667,0.523285,2,1,201485,934619,665249,
76394,2,server2,16,860763,776.6,667,0.523285,2,1,210524,934619,665249,
66154,2,server2,19,776.6,881.42,667,0.523285,2,1,200284,934619,665249,
99052,2,server2,20,983173,779.8,667,0.523285,2,1,233182,934619,665249,
72317,2,server2,23,779.8,921602,667,0.523285,2,1,206447,934619,665249,
85324,2,server2,24,895709,779.8,667,0.523285,2,1,219454,934619,665249,
70.21,2,server2,27,776.6,920053,667,0.523285,2,1,204.34,934619,665249,
95241,2,server2,28,1014.17,779.8,667,0.523285,2,1,229371,934619,665249,
66.1301,2,server2,29,1148.33,773.4,667,0.523285,2,1,200.26,934619,665249,
78232,2,server2,0,992567,779.8,668,0.875665,2,1,212362,1130.19,1046.06,
103967,2,server2,4,1201.86,779.8,668,0.875665,2,1,238097,1130.19,1046.06,
76.57,2,server2,8,999156,776.6,668,0.875665,2,1,210.7,1130.19,1046.06,
92096,2,server2,12,1104.08,779.8,668,0.875665,2,1,226226,1130.19,1046.06,
66135,2,server2,13,1115.61,770.2,668,0.875665,2,1,200265,1130.19,1046.06,
93393,2,server2,16,999.08,776.6,668,0.875665,2,1,227523,1130.19,1046.06,
98949,2,server2,24,992556,779.8,668,0.875665,2,1,233079,1130.19,1046.06,
95241,2,server2,28,1014.17,779.8,668,0.875665,2,1,229371,1130.19,1046.06,
66.1301,2,server2,29,1148.33,773.4,668,0.875665,2,1,200.26,1130.19,1046.06,
103967,2,server2,4,1201.86,779.8,669,0.405917,2,1,236097,1267.52,1046.95,
93138,2,server2,8,1132.37,779.8,669,0.405917,2,1,225268,1267.52,1046.95,
83919,2,server2,21,1382.71,770.2,669,0.405917,2,1,216049,1267.52,1046.95,
66.1301,2,server2,29,1148.33,773.4,669,0.405917,2,1,198.26,1267.52,1046.95,
66393,2,server2,0,904687,779.8,670,2.06271,2,1,192722,822418,651612,
66268,2,server2,1,807112,770.2,670,0.519719,2,0,197532,811149,849715,
66338,2,server2,1,807112,770.2,670,2.06271,2,1,192667,822418,651612,
77265,2,server2,2,770.2,763599,670,0.519719,2,0,208529,811149,849715,
77265,2,server2,2,770.2,763599,670,2.06271,2,1,203594,822418,651612,
66265,2,server2,3,779.8,940155,670,0.519719,2,0,197529,811149,849715,
66.34,2,server2,3,779.8,940155,670,2.06271,2,1,192669,822418,651612,
66276,2,server2,5,845783,770.2,670,0.519719,2,0,197.54,811149,849715,
66341,2,server2,5,845783,770.2,670,2.06271,2,1,192.67,822418,651612,
88597,2,server2,6,773.4,763599,670,0.519719,2,0,219861,811149,849715,
88597,2,server2,6,773.4,763599,670,2.06271,2,1,214926,822418,651612,
66268,2,server2,8,870839,776.6,670,0.519719,2,0,197532,811149,849715,
66344,2,server2,8,870839,776.6,670,2.06271,2,1,192673,822418,651612,
66359,2,server2,9,1100.17,770.2,670,0.519719,2,0,197623,811149,849715,
66314,2,server2,11,779.8,953135,670,0.519719,2,0,197578,811149,849715,
67044,2,server2,11,779.8,947902,670,2.06271,2,1,193373,822418,651612,
73963,2,server2,13,1099.78,770.2,670,0.519719,2,0,205227,811149,849715,
73988,2,server2,13,1097.67,770.2,670,2.06271,2,1,200317,822418,651612,
66272,2,server2,15,779.8,932175,670,0.519719,2,0,197536,811149,849715,
66347,2,server2,15,779.8,932175,670,2.06271,2,1,192676,822418,651612,
76394,2,server2,16,860763,776.6,670,0.519719,2,0,207658,811149,849715,
76394,2,server2,16,860763,776.6,670,2.06271,2,1,202723,822418,651612,
66269,2,server2,19,776.6,881.42,670,0.519719,2,0,197533,811149,849715,
66.33,2,server2,19,776.6,881.42,670,2.06271,2,1,192659,822418,651612,
99052,2,server2,20,983173,779.8,670,0.519719,2,0,230316,811149,849715,
99052,2,server2,20,983173,779.8,670,2.06271,2,1,225381,822418,651612,
66273,2,server2,23,779.8,970415,670,0.519719,2,0,197537,811149,849715,
67676,2,server2,23,779.8,948088,670,2.06271,2,1,194005,822418,651612,
85324,2,server2,24,895709,779.8,670,0.519719,2,0,216588,811149,849715,
85324,2,server2,24,895709,779.8,670,2.06271,2,1,211653,822418,651612,
66264,2,server2,27,776.6,1015.3,670,0.519719,2,0,197528,811149,849715,
68735,2,server2,27,776.6,947693,670,2.06271,2,1,195064,822418,651612,
95241,2,server2,28,1014.17,779.8,670,0.519719,2,0,226505,811149,849715,
95241,2,server2,28,1014.17,779.8,670,2.06271,2,1,221.57,822418,651612,
73445,2,server2,29,1099.8,773.4,670,0.519719,2,0,204709,811149,849715,
73445,2,server2,29,1095.24,773.4,670,2.06271,2,1,199774,822418,651612,
66.37,2,server2,3,779.8,940155,671,0.649436,2,0,200727,680387,1138.15,
104278,2,server2,6,773.4,853.72,671,0.649436,2,0,238635,680387,1138.15,
66369,2,server2,11,779.8,953135,671,0.649436,2,0,200726,680387,1138.15,
66362,2,server2,15,779.8,932175,671,0.649436,2,0,200719,680387,1138.15,
66359,2,server2,19,776.6,879943,671,0.649436,2,0,200716,680387,1138.15,
66371,2,server2,27,776.6,1012.23,671,0.649436,2,0,200728,680387,1138.15,
66363,2,server2,1,807112,770.2,672,1.13542,1,0,200721,605789,751934,
67258,2,server2,1,807112,770.2,672,0.831545,2,0,204508,640012,966798,
77265,2,server2,2,770.2,763599,672,0.831545,2,0,214515,640012,966798,
77265,2,server2,2,770.2,763599,672,1.13542,1,0,211623,605789,751934,
66.37,2,server2,3,779.8,940155,672,1.13542,1,0,200728,605789,751934,
67.26,2,server2,3,779.8,940155,672,0.831545,2,0,204.51,640012,966798,
66361,2,server2,5,845783,770.2,672,1.13542,1,0,200719,605789,751934,
67261,2,server2,5,845783,770.2,672,0.831545,2,0,204511,640012,966798,
88597,2,server2,6,773.4,763599,672,0.831545,2,0,225847,640012,966798,
88597,2,server2,6,773.4,763599,672,1.13542,1,0,222955,605789,751934,
66359,2,server2,8,870839,776.6,672,1.13542,1,0,200717,605789,751934,
67251,2,server2,8,870839,776.6,672,0.831545,2,0,204501,640012,966798,
86038,2,server2,9,904.27,770.2,672,1.13542,1,0,220396,605789,751934,
94681,2,server2,9,866487,770.2,672,0.831545,2,0,231931,640012,966798,
66369,2,server2,11,779.8,953135,672,1.13542,1,0,200727,605789,751934,
67251,2,server2,11,779.8,947902,672,0.831545,2,0,204501,640012,966798,
66362,2,server2,15,779.8,932175,672,1.13542,1,0,200.72,605789,751934,
67254,2,server2,15,779.8,923189,672,0.831545,2,0,204504,640012,966798,
76394,2,server2,16,860763,776.6,672,0.831545,2,0,213644,640012,966798,
76394,2,server2,16,860763,776.6,672,1.13542,1,0,210752,605789,751934,
66359,2,server2,19,776.6,879943,672,1.13542,1,0,200717,605789,751934,
67262,2,server2,19,776.6,876985,672,0.831545,2,0,204512,640012,966798,
67252,2,server2,23,779.8,962045,672,0.831545,2,0,204502,640012,966798,
85324,2,server2,24,895709,779.8,672,1.13542,1,0,219682,605789,751934,
67038,2,server2,27,776.6,996853,672,1.13542,1,0,201396,605789,751934,
89395,2,server2,29,903811,773.4,672,1.13542,1,0,223753,605789,751934,
99126,2,server2,29,868999,773.4,672,0.831545,2,0,236376,640012,966798,
66393,2,server2,0,904687,779.8,673,0.69479,2,1,216772,814408,740374,
66838,2,server2,0,906081,779.8,673,0.563454,2,1,194667,983959,632.1,
66388,2,server2,1,807112,770.2,673,0.69479,2,1,216767,814408,740374,
66833,2,server2,1,807112,770.2,673,0.563454,2,1,194662,983959,632.1,
67258,2,server2,1,807112,770.2,673,1.66106,2,1,212511,634282,996803,
77265,2,server2,2,770.2,763599,673,0.563454,2,1,205094,983959,632.1,
77265,2,server2,2,770.2,763599,673,0.69479,2,1,227644,814408,740374,
77265,2,server2,2,770.2,763599,673,1.66106,2,1,222518,634282,996803,
66385,2,server2,3,779.8,940155,673,0.69479,2,1,216764,814408,740374,
67.26,2,server2,3,779.8,940155,673,1.66106,2,1,212513,634282,996803,
106291,2,server2,3,779.8,850771,673,0.563454,2,1,234.12,983959,632.1,
103967,2,server2,4,1201.86,779.8,673,0.563454,2,1,231796,983959,632.1,
66386,2,server2,5,845783,770.2,673,0.69479,2,1,216765,814408,740374,
66831,2,server2,5,845783,770.2,673,0.563454,2,1,194.66,983959,632.1,
70847,2,server2,5,829549,770.2,673,1.66106,2,1,216.1,634282,996803,
88597,2,server2,6,773.4,763599,673,0.563454,2,1,216426,983959,632.1,
88597,2,server2,6,773.4,763599,673,0.69479,2,1,238976,814408,740374,
88597,2,server2,6,773.4,763599,673,1.66106,2,1,233.85,634282,996803,
66384,2,server2,8,870839,776.6,673,0.69479,2,1,216763,814408,740374,
66836,2,server2,8,870839,776.6,673,0.563454,2,1,194665,983959,632.1,
66384,2,server2,9,1100.17,770.2,673,0.69479,2,1,216763,814408,740374,
66394,2,server2,11,779.8,953135,673,0.69479,2,1,216773,814408,740374,
67261,2,server2,11,779.8,947902,673,1.66106,2,1,212514,634282,996803,
95703,2,server2,11,779.8,850968,673,0.563454,2,1,223532,983959,632.1,
92096,2,server2,12,1104.08,779.8,673,0.563454,2,1,219925,983959,632.1,
92096,2,server2,12,1104.08,779.8,673,0.69479,2,1,242475,814408,740374,
67.23,2,server2,13,1115.61,770.2,673,0.563454,2,1,195059,983959,632.1,
69335,2,server2,13,1112.44,770.2,673,0.69479,2,1,219714,814408,740374,
66382,2,server2,15,779.8,932175,673,0.69479,2,1,216761,814408,740374,
67254,2,server2,15,779.8,923189,673,1.66106,2,1,212507,634282,996803,
76394,2,server2,16,860763,776.6,673,0.563454,2,1,204223,983959,632.1,
76394,2,server2,16,860763,776.6,673,0.69479,2,1,226773,814408,740374,
67262,2,server2,19,776.6,876985,673,1.66106,2,1,212515,634282,996803,
91.99,2,server2,19,776.6,848782,673,0.563454,2,1,219819,983959,632.1,
99052,2,server2,20,983173,779.8,673,0.563454,2,1,226881,983959,632.1,
99052,2,server2,20,983173,779.8,673,0.69479,2,1,249431,814408,740374,
66383,2,server2,23,779.8,967627,673,0.69479,2,1,216762,814408,740374,
67262,2,server2,23,779.8,962045,673,1.66106,2,1,212515,634282,996803,
79337,2,server2,23,779.8,850556,673,0.563454,2,1,207166,983959,632.1,
85324,2,server2,24,895709,779.8,673,0.563454,2,1,213153,983959,632.1,
85324,2,server2,24,895709,779.8,673,0.69479,2,1,235703,814408,740374,
66386,2,server2,27,776.6,1012.23,673,0.69479,2,1,216765,814408,740374,
67253,2,server2,27,776.6,981502,673,1.66106,2,1,212506,634282,996803,
82133,2,server2,27,776.6,847875,673,0.563454,2,1,209962,983959,632.1,
95241,2,server2,28,1014.17,779.8,673,0.563454,2,1,223.07,983959,632.1,
95241,2,server2,28,1014.17,779.8,673,0.69479,2,1,245.62,814408,740374,
66865,2,server2,29,1146.81,773.4,673,0.563454,2,1,194694,983959,632.1,
69229,2,server2,29,1111.94,773.4,673,0.69479,2,1,219608,814408,740374,
69624,2,server2,0,911655,779.8,674,1.63369,1,2,223833,1055.92,517197,
93055,2,server2,0,1023.23,779.8,674,0.591411,2,1,220914,1296.58,901075,
67258,2,server2,1,807112,770.2,674,1.72561,2,1,206511,957008,832579,
77265,2,server2,2,770.2,763599,674,1.72561,2,1,216518,957008,832579,
66385,2,server2,3,779.8,940155,674,1.59255,2,1,216765,623621,1166.03,
67.26,2,server2,3,779.8,940155,674,1.72561,2,1,206513,957008,832579,
103967,2,server2,4,1201.86,779.8,674,0.591411,2,1,231826,1296.58,901075,
103967,2,server2,4,1201.86,779.8,674,1.72561,2,1,243.22,957008,832579,
67261,2,server2,5,845783,770.2,674,1.72561,2,1,206514,957008,832579,
88597,2,server2,6,773.4,763599,674,1.72561,2,1,227.85,957008,832579,
105767,2,server2,6,773.4,906638,674,1.59255,2,1,256147,623621,1166.03,
67256,2,server2,8,870839,776.6,674,1.72561,2,1,206509,957008,832579,
72787,2,server2,8,905385,776.6,674,1.63369,1,2,226996,1055.92,517197,
76845,2,server2,8,1023.82,776.6,674,0.591411,2,1,204704,1296.58,901075,
67259,2,server2,9,1078.93,770.2,674,1.72561,2,1,206512,957008,832579,
66394,2,server2,11,779.8,953135,674,1.59255,2,1,216774,623621,1166.03,
67261,2,server2,11,779.8,947902,674,1.72561,2,1,206514,957008,832579,
92096,2,server2,12,1104.08,779.8,674,0.591411,2,1,219955,1296.58,901075,
92096,2,server2,12,1104.08,779.8,674,1.63369,1,2,246305,1055.92,517197,
92096,2,server2,12,1104.08,779.8,674,1.72561,2,1,231349,957008,832579,
67.23,2,server2,13,1115.61,770.2,674,0.591411,2,1,195089,1296.58,901075,
67.23,2,server2,13,1115.61,770.2,674,1.63369,1,2,221439,1055.92,517197,
67265,2,server2,13,1115.61,770.2,674,1.72561,2,1,206518,957008,832579,
66382,2,server2,15,779.8,932175,674,1.59255,2,1,216762,623621,1166.03,
67254,2,server2,15,779.8,923189,674,1.72561,2,1,206507,957008,832579,
76394,2,server2,16,860763,776.6,674,1.72561,2,1,215647,957008,832579,
90193,2,server2,16,906285,776.6,674,1.63369,1,2,244402,1055.92,517197,
99627,2,server2,16,1024.5,776.6,674,0.591411,2,1,227486,1296.58,901075,
67262,2,server2,19,776.6,876985,674,1.72561,2,1,206515,957008,832579,
99052,2,server2,20,983173,779.8,674,1.63369,1,2,253261,1055.92,517197,
99052,2,server2,20,983173,779.8,674,1.72561,2,1,238305,957008,832579,
66887,2,server2,21,1425.56,770.2,674,0.591411,2,1,194746,1296.58,901075,
66383,2,server2,23,779.8,967627,674,1.59255,2,1,216763,623621,1166.03,
67262,2,server2,23,779.8,962045,674,1.72561,2,1,206515,957008,832579,
85324,2,server2,24,895709,779.8,674,1.72561,2,1,224577,957008,832579,
90325,2,server2,24,912369,779.8,674,1.63369,1,2,244534,1055.92,517197,
101981,2,server2,24,1022.79,779.8,674,0.591411,2,1,229.84,1296.58,901075,
66386,2,server2,27,776.6,1012.23,674,1.59255,2,1,216766,623621,1166.03,
67253,2,server2,27,776.6,981502,674,1.72561,2,1,206506,957008,832579,
95241,2,server2,28,1014.17,779.8,674,1.63369,1,2,249.45,1055.92,517197,
95241,2,server2,28,1014.17,779.8,674,1.72561,2,1,234494,957008,832579,
101861,2,server2,28,1023.54,779.8,674,0.591411,2,1,229.72,1296.58,901075,
66865,2,server2,29,1146.81,773.4,674,0.591411,2,1,194724,1296.58,901075,
67225,2,server2,29,1146.81,773.4,674,1.63369,1,2,221434,1055.92,517197,
67255,2,server2,29,1146.81,773.4,674,1.72561,2,1,206508,957008,832579,
106155,2,server2,2,770.2,777729,675,1.74664,2,1,254408,674288,1061.45,
67045,2,server2,3,779.8,940155,675,0.530668,2,2,276083,489072,1009.65,
67.26,2,server2,3,779.8,940155,675,1.74664,2,1,215513,674288,1061.45,
102646,2,server2,6,773.4,778476,675,1.74664,2,1,250899,674288,1061.45,
105963,2,server2,6,773.4,914994,675,0.530668,2,2,315001,489072,1009.65,
67044,2,server2,11,779.8,949206,675,0.530668,2,2,276082,489072,1009.65,
67261,2,server2,11,779.8,947902,675,1.74664,2,1,215514,674288,1061.45,
67254,2,server2,15,779.8,923189,675,1.74664,2,1,215507,674288,1061.45,
67262,2,server2,19,776.6,876985,675,1.74664,2,1,215515,674288,1061.45,
67042,2,server2,23,779.8,962045,675,0.530668,2,2,276.08,489072,1009.65,
67262,2,server2,23,779.8,962045,675,1.74664,2,1,215515,674288,1061.45,
67253,2,server2,27,776.6,981502,675,1.74664,2,1,215506,674288,1061.45,
94.45,2,server2,0,1041.35,779.8,676,0.440388,2,1,241494,1201.63,526454,
67258,2,server2,1,807112,770.2,676,1.90005,1,1,212511,818962,620425,
77265,2,server2,2,770.2,763599,676,1.90005,1,1,222518,818962,620425,
97395,2,server2,3,779.8,917182,676,1.90005,1,1,242648,818962,620425,
103967,2,server2,4,1201.86,779.8,676,0.440388,2,1,251011,1201.63,526454,
67261,2,server2,5,845783,770.2,676,1.90005,1,1,212514,818962,620425,
88597,2,server2,6,773.4,763599,676,1.90005,1,1,233.85,818962,620425,
67256,2,server2,8,870839,776.6,676,1.90005,1,1,212509,818962,620425,
79088,2,server2,8,1041.92,779.8,676,0.440388,2,1,226132,1201.63,526454,
67274,2,server2,9,1077.75,770.2,676,1.90005,1,1,212527,818962,620425,
94834,2,server2,11,779.8,917782,676,1.90005,1,1,240087,818962,620425,
92096,2,server2,12,1104.08,779.8,676,0.440388,2,1,239.14,1201.63,526454,
67.23,2,server2,13,1115.61,770.2,676,0.440388,2,1,214274,1201.63,526454,
94203,2,server2,13,1078.65,770.2,676,1.90005,1,1,239456,818962,620425,
67733,2,server2,15,779.8,916777,676,1.90005,1,1,212986,818962,620425,
76394,2,server2,16,860763,776.6,676,1.90005,1,1,221647,818962,620425,
100636,2,server2,16,1036.48,776.6,676,0.440388,2,1,247.68,1201.63,526454,
67262,2,server2,19,776.6,876985,676,1.90005,1,1,212515,818962,620425,
99052,2,server2,20,983173,779.8,676,1.90005,1,1,244305,818962,620425,
88144,2,server2,21,1376.4,770.2,676,0.440388,2,1,235188,1201.63,526454,
72386,2,server2,23,779.8,917424,676,1.90005,1,1,217639,818962,620425,
85324,2,server2,24,895709,779.8,676,1.90005,1,1,230577,818962,620425,
105324,2,server2,24,1042.44,779.8,676,0.440388,2,1,252368,1201.63,526454,
70353,2,server2,27,776.6,916974,676,1.90005,1,1,215606,818962,620425,
95241,2,server2,28,1014.17,779.8,676,1.90005,1,1,240494,818962,620425,
67055,2,server2,29,1146.81,773.4,676,0.440388,2,1,214099,1201.63,526454,
74093,2,server2,29,1075.53,773.4,676,1.90005,1,1,219346,818962,620425,
67258,2,server2,1,807112,770.2,677,0.464993,2,2,284511,815113,819457,
77265,2,server2,2,770.2,763599,677,0.464993,2,2,294518,815113,819457,
67135,2,server2,3,779.8,940155,677,1.40928,2,0,199.27,683194,1077.7,
67.26,2,server2,3,779.8,940155,677,0.464993,2,2,284513,815113,819457,
67261,2,server2,5,845783,770.2,677,0.464993,2,2,284514,815113,819457,
88597,2,server2,6,773.4,763599,677,0.464993,2,2,305.85,815113,819457,
103121,2,server2,6,773.4,792345,677,1.40928,2,0,235256,683194,1077.7,
67256,2,server2,8,870839,776.6,677,0.464993,2,2,284509,815113,819457,
67259,2,server2,9,1078.93,770.2,677,0.464993,2,2,284512,815113,819457,
67151,2,server2,11,779.8,947902,677,1.40928,2,0,199286,683194,1077.7,
67261,2,server2,11,779.8,947902,677,0.464993,2,2,284514,815113,819457,
92096,2,server2,12,1104.08,779.8,677,0.464993,2,2,309349,815113,819457,
69355,2,server2,13,1110.32,770.2,677,0.464993,2,2,286608,815113,819457,
67139,2,server2,15,779.8,923189,677,1.40928,2,0,199274,683194,1077.7,
67254,2,server2,15,779.8,923189,677,0.464993,2,2,284507,815113,819457,
76394,2,server2,16,860763,776.6,677,0.464993,2,2,293647,815113,819457,
67137,2,server2,19,776.6,876985,677,1.40928,2,0,199272,683194,1077.7,
67262,2,server2,19,776.6,876985,677,0.464993,2,2,284515,815113,819457,
99052,2,server2,20,983173,779.8,677,0.464993,2,2,316305,815113,819457,
67147,2,server2,23,779.8,962045,677,1.40928,2,0,199282,683194,1077.7,
67262,2,server2,23,779.8,962045,677,0.464993,2,2,284515,815113,819457,
85324,2,server2,24,895709,779.8,677,0.464993,2,2,302577,815113,819457,
67142,2,server2,27,776.6,989171,677,1.40928,2,0,199277,683194,1077.7,
67253,2,server2,27,776.6,981502,677,0.464993,2,2,284506,815113,819457,
95241,2,server2,28,1014.17,779.8,677,0.464993,2,2,312494,815113,819457,
73181,2,server2,29,1110.42,773.4,677,0.464993,2,2,290434,815113,819457,
67258,2,server2,1,807112,770.2,678,0.572575,2,2,289511,1055.59,682624,
77265,2,server2,2,770.2,763599,678,0.572575,2,2,299518,1055.59,682624,
103967,2,server2,4,1201.86,779.8,678,0.572575,2,2,326.22,1055.59,682624,
67261,2,server2,5,845783,770.2,678,0.572575,2,2,289514,1055.59,682624,
88597,2,server2,6,773.4,763599,678,0.572575,2,2,310.85,1055.59,682624,
67256,2,server2,8,870839,776.6,678,0.572575,2,2,289509,1055.59,682624,
67259,2,server2,9,1078.93,770.2,678,0.572575,2,2,289512,1055.59,682624,
92096,2,server2,12,1104.08,779.8,678,0.572575,2,2,314349,1055.59,682624,
67265,2,server2,13,1115.61,770.2,678,0.572575,2,2,289518,1055.59,682624,
76394,2,server2,16,860763,776.6,678,0.572575,2,2,298647,1055.59,682624,
99052,2,server2,20,983173,779.8,678,0.572575,2,2,321305,1055.59,682624,
85324,2,server2,24,895709,779.8,678,0.572575,2,2,307577,1055.59,682624,
95241,2,server2,28,1014.17,779.8,678,0.572575,2,2,317494,1055.59,682624,
67255,2,server2,29,1146.81,773.4,678,0.572575,2,2,289508,1055.59,682624,
67258,2,server2,1,807112,770.2,679,0.585858,2,2,284511,651924,769594,
77265,2,server2,2,770.2,763599,679,0.585858,2,2,294518,651924,769594,
67.26,2,server2,3,779.8,940155,679,0.585858,2,2,284513,651924,769594,
67261,2,server2,5,845783,770.2,679,0.585858,2,2,284514,651924,769594,
88597,2,server2,6,773.4,763599,679,0.585858,2,2,305.85,651924,769594,
67256,2,server2,8,870839,776.6,679,0.585858,2,2,284509,651924,769594,
68292,2,server2,9,951447,770.2,679,0.585858,2,2,285545,651924,769594,
67261,2,server2,11,779.8,947902,679,0.585858,2,2,284514,651924,769594,
67254,2,server2,15,779.8,923189,679,0.585858,2,2,284507,651924,769594,
76394,2,server2,16,860763,776.6,679,0.585858,2,2,293647,651924,769594,
67262,2,server2,19,776.6,876985,679,0.585858,2,2,284515,651924,769594,
67262,2,server2,23,779.8,962045,679,0.585858,2,2,284515,651924,769594,
85324,2,server2,24,895709,779.8,679,0.585858,2,2,302577,651924,769594,
67253,2,server2,27,776.6,981502,679,0.585858,2,2,284506,651924,769594,
83263,2,server2,29,951452,773.4,679,0.585858,2,2,300516,651924,769594,
67553,2,server2,0,908872,779.8,680,1.16072,2,1,229101,727219,774384,
67258,2,server2,1,807112,770.2,680,1.26728,2,2,289511,673356,676929,
67558,2,server2,1,807112,770.2,680,1.16072,2,1,229106,727219,774384,
77265,2,server2,2,770.2,763599,680,1.16072,2,1,238813,727219,774384,
77265,2,server2,2,770.2,763599,680,1.26728,2,2,299518,673356,676929,
67.26,2,server2,3,779.8,940155,680,1.26728,2,2,289513,673356,676929,
67555,2,server2,3,779.8,940155,680,1.16072,2,1,229103,727219,774384,
67261,2,server2,5,845783,770.2,680,1.26728,2,2,289514,673356,676929,
67551,2,server2,5,845783,770.2,680,1.16072,2,1,229099,727219,774384,
88597,2,server2,6,773.4,763599,680,1.16072,2,1,250145,727219,774384,
88597,2,server2,6,773.4,763599,680,1.26728,2,2,310.85,673356,676929,
67256,2,server2,8,870839,776.6,680,1.26728,2,2,289509,673356,676929,
67551,2,server2,8,870839,776.6,680,1.16072,2,1,229099,727219,774384,
67795,2,server2,9,1027.01,770.2,680,1.16072,2,1,229343,727219,774384,
68264,2,server2,9,957358,770.2,680,1.26728,2,2,290517,673356,676929,
67261,2,server2,11,779.8,947902,680,1.26728,2,2,289514,673356,676929,
67562,2,server2,11,779.8,947902,680,1.16072,2,1,229.11,727219,774384,
67254,2,server2,15,779.8,923189,680,1.26728,2,2,289507,673356,676929,
67557,2,server2,15,779.8,920627,680,1.16072,2,1,229105,727219,774384,
76394,2,server2,16,860763,776.6,680,1.16072,2,1,237942,727219,774384,
76394,2,server2,16,860763,776.6,680,1.26728,2,2,298647,673356,676929,
67262,2,server2,19,776.6,876985,680,1.26728,2,2,289515,673356,676929,
67587,2,server2,19,776.6,876985,680,1.16072,2,1,229135,727219,774384,
99052,2,server2,20,983173,779.8,680,1.16072,2,1,260.6,727219,774384,
67502,2,server2,23,779.8,956459,680,1.26728,2,2,289755,673356,676929,
85324,2,server2,24,895709,779.8,680,1.16072,2,1,246872,727219,774384,
85324,2,server2,24,895709,779.8,680,1.26728,2,2,307577,673356,676929,
67556,2,server2,27,776.6,973834,680,1.16072,2,1,229104,727219,774384,
68479,2,server2,27,776.6,958449,680,1.26728,2,2,290732,673356,676929,
95241,2,server2,28,1014.17,779.8,680,1.16072,2,1,256789,727219,774384,
78.53,2,server2,29,1026.11,773.4,680,1.16072,2,1,240078,727219,774384,
83262,2,server2,29,956686,773.4,680,1.26728,2,2,305515,673356,676929,
67553,2,server2,0,908872,779.8,681,0.783483,2,1,229.1,823251,832.16,
67608,2,server2,0,908872,779.8,681,0.404417,2,1,208211,964432,897405,
67558,2,server2,1,807112,770.2,681,0.783483,2,1,229105,823251,832.16,
67608,2,server2,1,807112,770.2,681,0.404417,2,1,208211,964432,897405,
77265,2,server2,2,770.2,763599,681,0.404417,2,1,217868,964432,897405,
77265,2,server2,2,770.2,763599,681,0.783483,2,1,238812,823251,832.16,
67555,2,server2,3,779.8,940155,681,0.783483,2,1,229102,823251,832.16,
67605,2,server2,3,779.8,940155,681,0.404417,2,1,208208,964432,897405,
103967,2,server2,4,1201.86,779.8,681,0.404417,2,1,244.57,964432,897405,
67551,2,server2,5,845783,770.2,681,0.783483,2,1,229098,823251,832.16,
67611,2,server2,5,845783,770.2,681,0.404417,2,1,208214,964432,897405,
88597,2,server2,6,773.4,763599,681,0.404417,2,1,229.2,964432,897405,
88597,2,server2,6,773.4,763599,681,0.783483,2,1,250144,823251,832.16,
67551,2,server2,8,870839,776.6,681,0.783483,2,1,229098,823251,832.16,
67646,2,server2,8,870839,776.6,681,0.404417,2,1,208249,964432,897405,
67549,2,server2,9,1069.48,770.2,681,0.783483,2,1,229096,823251,832.16,
67562,2,server2,11,779.8,947902,681,0.783483,2,1,229109,823251,832.16,
67652,2,server2,11,779.8,947902,681,0.404417,2,1,208255,964432,897405,
92096,2,server2,12,1104.08,779.8,681,0.404417,2,1,232699,964432,897405,
92096,2,server2,12,1104.08,779.8,681,0.783483,2,1,253643,823251,832.16,
67555,2,server2,13,1115.61,770.2,681,0.783483,2,1,229102,823251,832.16,
67615,2,server2,13,1115.61,770.2,681,0.404417,2,1,208218,964432,897405,
67557,2,server2,15,779.8,920627,681,0.783483,2,1,229104,823251,832.16,
67612,2,server2,15,779.8,920627,681,0.404417,2,1,208215,964432,897405,
76394,2,server2,16,860763,776.6,681,0.404417,2,1,216997,964432,897405,
76394,2,server2,16,860763,776.6,681,0.783483,2,1,237941,823251,832.16,
67587,2,server2,19,776.6,876985,681,0.783483,2,1,229134,823251,832.16,
67632,2,server2,19,776.6,876985,681,0.404417,2,1,208235,964432,897405,
99052,2,server2,20,983173,779.8,681,0.404417,2,1,239655,964432,897405,
99052,2,server2,20,983173,779.8,681,0.783483,2,1,260599,823251,832.16,
67608,2,server2,23,779.8,950877,681,0.404417,2,1,208211,964432,897405,
85324,2,server2,24,895709,779.8,681,0.404417,2,1,225927,964432,897405,
85324,2,server2,24,895709,779.8,681,0.783483,2,1,246871,823251,832.16,
67556,2,server2,27,776.6,973834,681,0.783483,2,1,229103,823251,832.16,
67611,2,server2,27,776.6,973834,681,0.404417,2,1,208214,964432,897405,
95241,2,server2,28,1014.17,779.8,681,0.404417,2,1,235844,964432,897405,
95241,2,server2,28,1014.17,779.8,681,0.783483,2,1,256788,823251,832.16,
67645,2,server2,29,1146.81,773.4,681,0.404417,2,1,208248,964432,897405,
69101,2,server2,29,1116.49,773.4,681,0.783483,2,1,230648,823251,832.16,
73197,2,server2,0,938.14,779.8,682,0.510231,2,1,213.8,1167.76,586.92,
103967,2,server2,4,1201.86,779.8,682,0.510231,2,1,244.57,1167.76,586.92,
74176,2,server2,8,936625,776.6,682,0.510231,2,1,214779,1167.76,586.92,
92096,2,server2,12,1104.08,779.8,682,0.510231,2,1,232699,1167.76,586.92,
67615,2,server2,13,1115.61,770.2,682,0.510231,2,1,208218,1167.76,586.92,
92826,2,server2,16,936.2,776.6,682,0.510231,2,1,233429,1167.76,586.92,
99052,2,server2,20,983173,779.8,682,0.510231,2,1,239655,1167.76,586.92,
74958,2,server2,21,1404.12,770.2,682,0.510231,2,1,215561,1167.76,586.92,
93481,2,server2,24,938079,779.8,682,0.510231,2,1,234084,1167.76,586.92,
95241,2,server2,28,1014.17,779.8,682,0.510231,2,1,235844,1167.76,586.92,
67645,2,server2,29,1146.81,773.4,682,0.510231,2,1,208248,1167.76,586.92,
67608,2,server2,0,908872,779.8,683,0.697313,2,2,233213,892465,1062.21,
67.65,2,server2,3,779.8,940155,683,0.697313,2,2,233255,892465,1062.21,
67611,2,server2,5,845783,770.2,683,0.697313,2,2,233216,892465,1062.21,
102951,2,server2,6,773.4,787221,683,0.697313,2,2,268556,892465,1062.21,
67646,2,server2,8,870839,776.6,683,0.697313,2,2,233251,892465,1062.21,
67652,2,server2,11,779.8,947902,683,0.697313,2,2,233257,892465,1062.21,
67612,2,server2,15,779.8,920627,683,0.697313,2,2,233217,892465,1062.21,
76394,2,server2,16,860763,776.6,683,0.697313,2,2,241999,892465,1062.21,
67632,2,server2,19,776.6,876985,683,0.697313,2,2,233237,892465,1062.21,
99052,2,server2,20,983173,779.8,683,0.697313,2,2,264657,892465,1062.21,
67608,2,server2,23,779.8,950877,683,0.697313,2,2,233213,892465,1062.21,
85324,2,server2,24,895709,779.8,683,0.697313,2,2,250929,892465,1062.21,
67611,2,server2,27,776.6,973834,683,0.697313,2,2,233216,892465,1062.21,
83225,2,server2,29,972508,773.4,683,0.697313,2,2,248.83,892465,1062.21,
67628,2,server2,0,908872,779.8,684,2.40381,2,2,284252,669648,946944,
67628,2,server2,1,807112,770.2,684,2.40381,2,2,284252,669648,946944,
77265,2,server2,2,770.2,763599,684,2.40381,2,2,293889,669648,946944,
67.65,2,server2,3,779.8,940155,684,2.40381,2,2,284274,669648,946944,
67626,2,server2,5,845783,770.2,684,2.40381,2,2,284.25,669648,946944,
88597,2,server2,6,773.4,763599,684,2.40381,2,2,305221,669648,946944,
67646,2,server2,8,870839,776.6,684,2.40381,2,2,284.27,669648,946944,
75154,2,server2,9,911342,770.2,684,2.40381,2,2,291778,669648,946944,
67652,2,server2,11,779.8,947902,684,2.40381,2,2,284276,669648,946944,
76394,2,server2,16,860763,776.6,684,2.40381,2,2,293018,669648,946944,
67632,2,server2,19,776.6,876985,684,2.40381,2,2,284256,669648,946944,
67645,2,server2,23,779.8,950877,684,2.40381,2,2,284269,669648,946944,
85324,2,server2,24,895709,779.8,684,2.40381,2,2,301948,669648,946944,
67631,2,server2,27,776.6,973834,684,2.40381,2,2,284255,669648,946944,
89284,2,server2,29,914027,773.4,684,2.40381,2,2,305908,669648,946944,
67658,2,server2,0,908872,779.8,685,1.35194,2,2,247308,1145.18,907034,
103967,2,server2,4,1201.86,779.8,685,1.35194,2,2,283617,1145.18,907034,
67965,2,server2,8,875767,776.6,685,1.35194,2,2,247615,1145.18,907034,
92096,2,server2,12,1104.08,779.8,685,1.35194,2,2,271746,1145.18,907034,
67.66,2,server2,13,1115.61,770.2,685,1.35194,2,2,247.31,1145.18,907034,
81.65,2,server2,16,876.33,776.6,685,1.35194,2,2,261.3,1145.18,907034,
99052,2,server2,20,983173,779.8,685,1.35194,2,2,278702,1145.18,907034,
73.01,2,server2,21,1411.68,770.2,685,1.35194,2,2,252.66,1145.18,907034,
85324,2,server2,24,895709,779.8,685,1.35194,2,2,264974,1145.18,907034,
95241,2,server2,28,1014.17,779.8,685,1.35194,2,2,274891,1145.18,907034,
67.66,2,server2,29,1146.81,773.4,685,1.35194,2,2,247.31,1145.18,907034,
67658,2,server2,0,908872,779.8,686,1.24944,2,0,188308,934027,865299,
67658,2,server2,1,807112,770.2,686,1.24944,2,0,188308,934027,865299,
77265,2,server2,2,770.2,763599,686,1.24944,2,0,197915,934027,865299,
67.66,2,server2,3,779.8,940155,686,1.24944,2,0,188.31,934027,865299,
103967,2,server2,4,1201.86,779.8,686,1.24944,2,0,224617,934027,865299,
67656,2,server2,5,845783,770.2,686,1.24944,2,0,188306,934027,865299,
88597,2,server2,6,773.4,763599,686,1.24944,2,0,209247,934027,865299,
67656,2,server2,8,870839,776.6,686,1.24944,2,0,188306,934027,865299,
67652,2,server2,11,779.8,947902,686,1.24944,2,0,188302,934027,865299,
92096,2,server2,12,1104.08,779.8,686,1.24944,2,0,212746,934027,865299,
67.66,2,server2,13,1115.61,770.2,686,1.24944,2,0,188.31,934027,865299,
67.65,2,server2,15,779.8,918064,686,1.24944,2,0,188.3,934027,865299,
76394,2,server2,16,860763,776.6,686,1.24944,2,0,197044,934027,865299,
67652,2,server2,19,776.6,876985,686,1.24944,2,0,188302,934027,865299,
99052,2,server2,20,983173,779.8,686,1.24944,2,0,219702,934027,865299,
67.65,2,server2,23,779.8,950877,686,1.24944,2,0,188.3,934027,865299,
85324,2,server2,24,895709,779.8,686,1.24944,2,0,205974,934027,865299,
67651,2,server2,27,776.6,973834,686,1.24944,2,0,188301,934027,865299,
95241,2,server2,28,1014.17,779.8,686,1.24944,2,0,215891,934027,865299,
67.66,2,server2,29,1146.81,773.4,686,1.24944,2,0,188.31,934027,865299,
67843,2,server2,0,908872,779.8,687,1.12662,2,1,203684,1121.47,867306,
103967,2,server2,4,1201.86,779.8,687,1.12662,2,1,239808,1121.47,867306,
67846,2,server2,5,845783,770.2,687,1.12662,2,1,203687,1121.47,867306,
67851,2,server2,8,870839,776.6,687,1.12662,2,1,203692,1121.47,867306,
92096,2,server2,12,1104.08,779.8,687,1.12662,2,1,227937,1121.47,867306,
67855,2,server2,13,1115.61,770.2,687,1.12662,2,1,203696,1121.47,867306,
76394,2,server2,16,860763,776.6,687,1.12662,2,1,212235,1121.47,867306,
99052,2,server2,20,983173,779.8,687,1.12662,2,1,234893,1121.47,867306,
74958,2,server2,21,1404.12,770.2,687,1.12662,2,1,210799,1121.47,867306,
85324,2,server2,24,895709,779.8,687,1.12662,2,1,221165,1121.47,867306,
95241,2,server2,28,1014.17,779.8,687,1.12662,2,1,231082,1121.47,867306,
67855,2,server2,29,1146.81,773.4,687,1.12662,2,1,203696,1121.47,867306,
67903,2,server2,0,908872,779.8,688,0.57352,2,2,250791,735745,812.71,
67903,2,server2,1,807112,770.2,688,0.57352,2,2,250791,735745,812.71,
77265,2,server2,2,770.2,763599,688,0.57352,2,2,260153,735745,812.71,
67.89,2,server2,3,779.8,940155,688,0.57352,2,2,250778,735745,812.71,
67896,2,server2,5,845783,770.2,688,0.57352,2,2,250784,735745,812.71,
88597,2,server2,6,773.4,763599,688,0.57352,2,2,271485,735745,812.71,
67896,2,server2,8,870839,776.6,688,0.57352,2,2,250784,735745,812.71,
67891,2,server2,9,1021.1,770.2,688,0.57352,2,2,250779,735745,812.71,
67892,2,server2,11,779.8,947902,688,0.57352,2,2,250.78,735745,812.71,
67894,2,server2,15,779.8,912929,688,0.57352,2,2,250782,735745,812.71,
76394,2,server2,16,860763,776.6,688,0.57352,2,2,259282,735745,812.71,
67892,2,server2,19,776.6,876985,688,0.57352,2,2,250.78,735745,812.71,
99052,2,server2,20,983173,779.8,688,0.57352,2,2,281.94,735745,812.71,
67892,2,server2,23,779.8,946689,688,0.57352,2,2,250.78,735745,812.71,
85324,2,server2,24,895709,779.8,688,0.57352,2,2,268212,735745,812.71,
95241,2,server2,28,1014.17,779.8,688,0.57352,2,2,278129,735745,812.71,
77901,2,server2,29,1031.9,773.4,688,0.57352,2,2,260789,735745,812.71,
67903,2,server2,1,807112,770.2,689,0.734254,2,2,250792,717172,1012.75,
77265,2,server2,2,770.2,763599,689,0.734254,2,2,260154,717172,1012.75,
67.89,2,server2,3,779.8,940155,689,0.734254,2,2,250779,717172,1012.75,
67896,2,server2,5,845783,770.2,689,0.734254,2,2,250785,717172,1012.75,
88597,2,server2,6,773.4,763599,689,0.734254,2,2,271486,717172,1012.75,
67896,2,server2,8,870839,776.6,689,0.734254,2,2,250785,717172,1012.75,
86041,2,server2,9,893635,770.2,689,0.734254,2,2,268.93,717172,1012.75,
67892,2,server2,11,779.8,947902,689,0.734254,2,2,250781,717172,1012.75,
67894,2,server2,15,779.8,912929,689,0.734254,2,2,250783,717172,1012.75,
76394,2,server2,16,860763,776.6,689,0.734254,2,2,259283,717172,1012.75,
67892,2,server2,19,776.6,876985,689,0.734254,2,2,250781,717172,1012.75,
67892,2,server2,23,779.8,946689,689,0.734254,2,2,250781,717172,1012.75,
85324,2,server2,24,895709,779.8,689,0.734254,2,2,268213,717172,1012.75,
89395,2,server2,29,897411,773.4,689,0.734254,2,2,272284,717172,1012.75,
68073,2,server2,0,908872,779.8,690,1.39185,2,1,218.12,793274,844832,
68083,2,server2,1,807112,770.2,690,1.39185,2,1,218.13,793274,844832,
77265,2,server2,2,770.2,763599,690,1.39185,2,1,227312,793274,844832,
68055,2,server2,3,779.8,940155,690,1.39185,2,1,218102,793274,844832,
68048,2,server2,5,843074,770.2,690,1.39185,2,1,218095,793274,844832,
88597,2,server2,6,773.4,763599,690,1.39185,2,1,238644,793274,844832,
68051,2,server2,9,1018.74,770.2,690,1.39185,2,1,218098,793274,844832,
68052,2,server2,11,779.8,947902,690,1.39185,2,1,218099,793274,844832,
74945,2,server2,13,1082.88,770.2,690,1.39185,2,1,224992,793274,844832,
68049,2,server2,15,779.8,912929,690,1.39185,2,1,218096,793274,844832,
76394,2,server2,16,860763,776.6,690,1.39185,2,1,226441,793274,844832,
68057,2,server2,19,776.6,876985,690,1.39185,2,1,218104,793274,844832,
99052,2,server2,20,983173,779.8,690,1.39185,2,1,249099,793274,844832,
68047,2,server2,23,779.8,946689,690,1.39185,2,1,218094,793274,844832,
85324,2,server2,24,895709,779.8,690,1.39185,2,1,235371,793274,844832,
68047,2,server2,27,776.6,963065,690,1.39185,2,1,218094,793274,844832,
95241,2,server2,28,1014.17,779.8,690,1.39185,2,1,245288,793274,844832,
73492,2,server2,29,1084.63,773.4,690,1.39185,2,1,223539,793274,844832,
68.23,2,server2,3,779.8,940155,691,0.536765,2,2,272453,649.96,1098.3,
103239,2,server2,6,773.4,825855,691,0.536765,2,2,307462,649.96,1098.3,
68227,2,server2,11,779.8,947902,691,0.536765,2,2,272.45,649.96,1098.3,
68224,2,server2,15,779.8,912929,691,0.536765,2,2,272447,649.96,1098.3,
68227,2,server2,19,776.6,876985,691,0.536765,2,2,272.45,649.96,1098.3,
68226,2,server2,27,776.6,961526,691,0.536765,2,2,272449,649.96,1098.3,
78233,2,server2,0,998.13,779.8,692,1.86872,2,1,217458,1180.06,541988,
103967,2,server2,4,1201.86,779.8,692,1.86872,2,1,243192,1180.06,541988,
76569,2,server2,8,994213,776.6,692,1.86872,2,1,215794,1180.06,541988,
92096,2,server2,12,1104.08,779.8,692,1.86872,2,1,231321,1180.06,541988,
68225,2,server2,13,1114.56,770.2,692,1.86872,2,1,207.45,1180.06,541988,
93392,2,server2,16,993099,776.6,692,1.86872,2,1,232617,1180.06,541988,
88342,2,server2,21,1373.88,770.2,692,1.86872,2,1,227567,1180.06,541988,
100038,2,server2,24,998597,779.8,692,1.86872,2,1,239263,1180.06,541988,
95241,2,server2,28,1014.17,779.8,692,1.86872,2,1,234466,1180.06,541988,
68225,2,server2,29,1146.81,773.4,692,1.86872,2,1,207.45,1180.06,541988,
68258,2,server2,0,908872,779.8,693,2.70461,2,1,223484,796838,610481,
68258,2,server2,1,807112,770.2,693,2.70461,2,1,223484,796838,610481,
77265,2,server2,2,770.2,763599,693,2.70461,2,1,232491,796838,610481,
98147,2,server2,3,779.8,909.93,693,2.70461,2,1,253373,796838,610481,
68234,2,server2,5,837664,770.2,693,2.70461,2,1,223.46,796838,610481,
88597,2,server2,6,773.4,763599,693,2.70461,2,1,243823,796838,610481,
68227,2,server2,8,879057,776.6,693,2.70461,2,1,223453,796838,610481,
94877,2,server2,11,779.8,909932,693,2.70461,2,1,250103,796838,610481,
100152,2,server2,13,1050.14,770.2,693,2.70461,2,1,255378,796838,610481,
68956,2,server2,15,779.8,909.08,693,2.70461,2,1,224182,796838,610481,
76394,2,server2,16,860763,776.6,693,2.70461,2,1,231.62,796838,610481,
68227,2,server2,19,776.6,876985,693,2.70461,2,1,223453,796838,610481,
99052,2,server2,20,983173,779.8,693,2.70461,2,1,254278,796838,610481,
79292,2,server2,23,779.8,896543,693,2.70461,2,1,234518,796838,610481,
85324,2,server2,24,895709,779.8,693,2.70461,2,1,240.55,796838,610481,
70825,2,server2,27,776.6,909307,693,2.70461,2,1,226051,796838,610481,
95241,2,server2,28,1014.17,779.8,693,2.70461,2,1,250467,796838,610481,
75557,2,server2,29,1048.23,773.4,693,2.70461,2,1,230783,796838,610481,
73843,2,server2,0,978606,779.8,694,0.553156,2,2,235071,1212.09,592003,
103967,2,server2,4,1201.86,779.8,694,0.553156,2,2,265195,1212.09,592003,
76.44,2,server2,8,976119,776.6,694,0.553156,2,2,237668,1212.09,592003,
92096,2,server2,12,1104.08,779.8,694,0.553156,2,2,253324,1212.09,592003,
68235,2,server2,13,1114.56,770.2,694,0.553156,2,2,229463,1212.09,592003,
92992,2,server2,16,976627,776.6,694,0.553156,2,2,254.22,1212.09,592003,
99052,2,server2,20,983173,779.8,694,0.553156,2,2,260.28,1212.09,592003,
68232,2,server2,21,1424.3,770.2,694,0.553156,2,2,229.46,1212.09,592003,
96884,2,server2,24,978924,779.8,694,0.553156,2,2,258112,1212.09,592003,
95241,2,server2,28,1014.17,779.8,694,0.553156,2,2,256469,1212.09,592003,
68235,2,server2,29,1146.81,773.4,694,0.553156,2,2,229463,1212.09,592003,
68258,2,server2,0,908872,779.8,695,0.819347,2,2,229486,826862,500655,
68258,2,server2,1,807112,770.2,695,0.819347,2,2,229486,826862,500655,
77265,2,server2,2,770.2,763599,695,0.819347,2,2,238493,826862,500655,
68234,2,server2,5,837664,770.2,695,0.819347,2,2,229462,826862,500655,
88597,2,server2,6,773.4,763599,695,0.819347,2,2,249825,826862,500655,
68242,2,server2,8,879057,776.6,695,0.819347,2,2,229.47,826862,500655,
76394,2,server2,16,860763,776.6,695,0.819347,2,2,237622,826862,500655,
85324,2,server2,24,895709,779.8,695,0.819347,2,2,246552,826862,500655,
83263,2,server2,29,951452,773.4,695,0.819347,2,2,244491,826862,500655,
68258,2,server2,0,908872,779.8,696,0.495658,1,2,233491,1054.66,540367,
103967,2,server2,4,1201.86,779.8,696,0.495658,1,2,269.2,1054.66,540367,
68242,2,server2,8,879057,776.6,696,0.495658,1,2,233475,1054.66,540367,
92096,2,server2,12,1104.08,779.8,696,0.495658,1,2,257329,1054.66,540367,
68235,2,server2,13,1114.56,770.2,696,0.495658,1,2,233468,1054.66,540367,
80968,2,server2,16,870675,776.6,696,0.495658,1,2,246201,1054.66,540367,
99052,2,server2,20,983173,779.8,696,0.495658,1,2,264285,1054.66,540367,
85324,2,server2,24,895709,779.8,696,0.495658,1,2,250557,1054.66,540367,
95241,2,server2,28,1014.17,779.8,696,0.495658,1,2,260474,1054.66,540367,
68235,2,server2,29,1146.81,773.4,696,0.495658,1,2,233468,1054.66,540367,
68273,2,server2,0,908872,779.8,697,0.415534,2,2,252536,777979,596274,
68293,2,server2,1,807112,770.2,697,0.415534,2,2,252556,777979,596274,
77265,2,server2,2,770.2,763599,697,0.415534,2,2,261528,777979,596274,
99046,2,server2,3,779.8,895.47,697,0.415534,2,2,283309,777979,596274,
68264,2,server2,5,837664,770.2,697,0.415534,2,2,252527,777979,596274,
88597,2,server2,6,773.4,763599,697,0.415534,2,2,272.86,777979,596274,
68272,2,server2,8,879057,776.6,697,0.415534,2,2,252535,777979,596274,
95099,2,server2,11,779.8,895.52,697,0.415534,2,2,279362,777979,596274,
70056,2,server2,15,779.8,896.26,697,0.415534,2,2,254319,777979,596274,
76394,2,server2,16,860763,776.6,697,0.415534,2,2,260657,777979,596274,
68277,2,server2,19,776.6,876985,697,0.415534,2,2,252.54,777979,596274,
99052,2,server2,20,983173,779.8,697,0.415534,2,2,283315,777979,596274,
79292,2,server2,23,779.8,895153,697,0.415534,2,2,263555,777979,596274,
85324,2,server2,24,895709,779.8,697,0.415534,2,2,269587,777979,596274,
74566,2,server2,27,776.6,895.49,697,0.415534,2,2,258829,777979,596274,
95241,2,server2,28,1014.17,779.8,697,0.415534,2,2,279504,777979,596274,
78539,2,server2,29,1018.97,773.4,697,0.415534,2,2,262802,777979,596274,
82977,2,server2,0,1016.25,779.8,698,0.894921,2,2,297.27,1156.75,1044.78,
103967,2,server2,4,1201.86,779.8,698,0.894921,2,2,318.26,1156.75,1044.78,
76845,2,server2,8,1023.82,776.6,698,0.894921,2,2,291138,1156.75,1044.78,
92096,2,server2,12,1104.08,779.8,698,0.894921,2,2,306389,1156.75,1044.78,
68.3,2,server2,13,1114.56,770.2,698,0.894921,2,2,282593,1156.75,1044.78,
96956,2,server2,16,1023.01,776.6,698,0.894921,2,2,311249,1156.75,1044.78,
100064,2,server2,24,1016.74,779.8,698,0.894921,2,2,314357,1156.75,1044.78,
97277,2,server2,28,1017.3,779.8,698,0.894921,2,2,311.57,1156.75,1044.78,
68.3,2,server2,29,1146.81,773.4,698,0.894921,2,2,282593,1156.75,1044.78,
68628,2,server2,0,908872,779.8,699,0.41141,2,1,237224,942.29,673598,
68608,2,server2,1,807112,770.2,699,0.41141,2,1,237204,942.29,673598,
77265,2,server2,2,770.2,763599,699,0.41141,2,1,245861,942.29,673598,
97367,2,server2,3,779.8,925641,699,0.41141,2,1,265963,942.29,673598,
103967,2,server2,4,1201.86,779.8,699,0.41141,2,1,272563,942.29,673598,
68599,2,server2,5,837664,770.2,699,0.41141,2,1,237195,942.29,673598,
88597,2,server2,6,773.4,763599,699,0.41141,2,1,257193,942.29,673598,
68602,2,server2,8,879057,776.6,699,0.41141,2,1,237198,942.29,673598,
68597,2,server2,9,943199,770.2,699,0.41141,2,1,237193,942.29,673598,
92268,2,server2,11,779.8,925644,699,0.41141,2,1,260864,942.29,673598,
92096,2,server2,12,1104.08,779.8,699,0.41141,2,1,260692,942.29,673598,
68.61,2,server2,13,1114.56,770.2,699,0.41141,2,1,237206,942.29,673598,
68604,2,server2,15,779.8,912929,699,0.41141,2,1,237.2,942.29,673598,
76394,2,server2,16,860763,776.6,699,0.41141,2,1,244.99,942.29,673598,
68606,2,server2,19,776.6,875507,699,0.41141,2,1,237202,942.29,673598,
99052,2,server2,20,983173,779.8,699,0.41141,2,1,267648,942.29,673598,
72004,2,server2,23,779.8,924391,699,0.41141,2,1,240.6,942.29,673598,
85324,2,server2,24,895709,779.8,699,0.41141,2,1,253.92,942.29,673598,
95241,2,server2,28,1014.17,779.8,699,0.41141,2,1,263837,942.29,673598,
68605,2,server2,29,1146.81,773.4,699,0.41141,2,1,237201,942.29,673598,
68608,2,server2,1,807112,770.2,700,0.422237,2,1,237208,752184,1058.1,
77265,2,server2,2,770.2,763599,700,0.422237,2,1,245865,752184,1058.1,
68605,2,server2,3,779.8,940155,700,0.422237,2,1,237205,752184,1058.1,
70549,2,server2,5,836312,770.2,700,0.422237,2,1,239149,752184,1058.1,
88597,2,server2,6,773.4,763599,700,0.422237,2,1,257197,752184,1058.1,
68602,2,server2,11,779.8,947902,700,0.422237,2,1,237202,752184,1058.1,
68604,2,server2,15,779.8,912929,700,0.422237,2,1,237204,752184,1058.1,
68606,2,server2,19,776.6,875507,700,0.422237,2,1,237206,752184,1058.1,
68602,2,server2,23,779.8,935544,700,0.422237,2,1,237202,752184,1058.1,
73244,2,server2,0,940931,779.8,701,0.560455,2,1,233274,1152.76,991302,
103967,2,server2,4,1201.86,779.8,701,0.477929,2,2,274635,1307.94,1059.28,
103967,2,server2,4,1201.86,779.8,701,0.560455,2,1,263997,1152.76,991302,
76051,2,server2,8,944849,776.6,701,0.560455,2,1,236081,1152.76,991302,
92096,2,server2,12,1104.08,779.8,701,0.560455,2,1,252126,1152.76,991302,
69045,2,server2,13,1114.56,770.2,701,0.560455,2,1,229075,1152.76,991302,
92954,2,server2,16,943683,776.6,701,0.560455,2,1,252984,1152.76,991302,
99052,2,server2,20,983173,779.8,701,0.560455,2,1,259082,1152.76,991302,
83702,2,server2,21,1387.74,770.2,701,0.477929,2,2,254.37,1307.94,1059.28,
101728,2,server2,21,1354.98,770.2,701,0.560455,2,1,261758,1152.76,991302,
93544,2,server2,24,941106,779.8,701,0.560455,2,1,253574,1152.76,991302,
95241,2,server2,28,1014.17,779.8,701,0.560455,2,1,255271,1152.76,991302,
82.94,2,server2,0,1014.86,779.8,702,1.02121,2,1,242.97,1279.21,920787,
103967,2,server2,4,1201.86,779.8,702,0.795885,2,2,274635,1420.17,948857,
103967,2,server2,4,1201.86,779.8,702,1.02121,2,1,263997,1279.21,920787,
76822,2,server2,8,1017.24,776.6,702,1.02121,2,1,236852,1279.21,920787,
92096,2,server2,12,1104.08,779.8,702,1.02121,2,1,252126,1279.21,920787,
69045,2,server2,13,1114.56,770.2,702,1.02121,2,1,229075,1279.21,920787,
93395,2,server2,16,1017.03,776.6,702,1.02121,2,1,253425,1279.21,920787,
68697,2,server2,21,1423.04,770.2,702,0.795885,2,2,239365,1420.17,948857,
69037,2,server2,21,1423.04,770.2,702,1.02121,2,1,229067,1279.21,920787,
100064,2,server2,24,1016.74,779.8,702,1.02121,2,1,260094,1279.21,920787,
97228,2,server2,28,1015.74,779.8,702,1.02121,2,1,257258,1279.21,920787,
69023,2,server2,0,908872,779.8,703,0.571102,2,2,247018,938.28,689907,
69208,2,server2,0,908872,779.8,703,1.06568,2,1,232.36,949905,797146,
69268,2,server2,0,908872,779.8,703,1.43869,2,1,220498,822131,514613,
69003,2,server2,1,807112,770.2,703,0.571102,2,2,246998,938.28,689907,
69158,2,server2,1,807112,770.2,703,1.06568,2,1,232.31,949905,797146,
69242,2,server2,1,805821,770.2,703,1.43869,2,1,220472,822131,514613,
77265,2,server2,2,770.2,763599,703,0.571102,2,2,255.26,938.28,689907,
77265,2,server2,2,770.2,763599,703,1.06568,2,1,240417,949905,797146,
77265,2,server2,2,770.2,763599,703,1.43869,2,1,228495,822131,514613,
69005,2,server2,3,779.8,940155,703,0.571102,2,2,247,938.28,689907,
69.16,2,server2,3,779.8,940155,703,1.06568,2,1,232312,949905,797146,
103967,2,server2,4,1201.86,779.8,703,0.571102,2,2,281962,938.28,689907,
103967,2,server2,4,1201.86,779.8,703,1.06568,2,1,267119,949905,797146,
69014,2,server2,5,837664,770.2,703,0.571102,2,2,247009,938.28,689907,
69154,2,server2,5,837664,770.2,703,1.06568,2,1,232306,949905,797146,
69239,2,server2,5,837664,770.2,703,1.43869,2,1,220469,822131,514613,
88597,2,server2,6,773.4,763599,703,0.571102,2,2,266592,938.28,689907,
88597,2,server2,6,773.4,763599,703,1.06568,2,1,251749,949905,797146,
88597,2,server2,6,773.4,763599,703,1.43869,2,1,239827,822131,514613,
69007,2,server2,8,879057,776.6,703,0.571102,2,2,247002,938.28,689907,
69167,2,server2,8,879057,776.6,703,1.06568,2,1,232319,949905,797146,
69002,2,server2,9,943199,770.2,703,0.571102,2,2,246997,938.28,689907,
69162,2,server2,9,943199,770.2,703,1.06568,2,1,232314,949905,797146,
69237,2,server2,9,943199,770.2,703,1.43869,2,1,220467,822131,514613,
69187,2,server2,11,779.8,947902,703,1.06568,2,1,232339,949905,797146,
92188,2,server2,11,779.8,943981,703,0.571102,2,2,270183,938.28,689907,
92096,2,server2,12,1104.08,779.8,703,0.571102,2,2,270091,938.28,689907,
92096,2,server2,12,1104.08,779.8,703,1.06568,2,1,255248,949905,797146,
69.01,2,server2,13,1114.56,770.2,703,0.571102,2,2,247005,938.28,689907,
69.16,2,server2,13,1114.56,770.2,703,1.06568,2,1,232312,949905,797146,
69157,2,server2,15,779.8,906513,703,1.06568,2,1,232309,949905,797146,
76394,2,server2,16,860763,776.6,703,0.571102,2,2,254389,938.28,689907,
76394,2,server2,16,860763,776.6,703,1.06568,2,1,239546,949905,797146,
76394,2,server2,16,860763,776.6,703,1.43869,2,1,227624,822131,514613,
69006,2,server2,19,776.6,875507,703,0.571102,2,2,247001,938.28,689907,
69161,2,server2,19,776.6,875507,703,1.06568,2,1,232313,949905,797146,
99052,2,server2,20,983173,779.8,703,0.571102,2,2,277047,938.28,689907,
99052,2,server2,20,983173,779.8,703,1.06568,2,1,262204,949905,797146,
69002,2,server2,23,779.8,934151,703,0.571102,2,2,246997,938.28,689907,
69162,2,server2,23,779.8,934151,703,1.06568,2,1,232314,949905,797146,
79544,2,server2,23,779.8,811602,703,1.43869,2,1,230774,822131,514613,
85324,2,server2,24,895709,779.8,703,0.571102,2,2,263319,938.28,689907,
85324,2,server2,24,895709,779.8,703,1.06568,2,1,248476,949905,797146,
85324,2,server2,24,895709,779.8,703,1.43869,2,1,236554,822131,514613,
68997,2,server2,27,776.6,940018,703,0.571102,2,2,246992,938.28,689907,
82222,2,server2,27,776.6,810679,703,1.43869,2,1,233452,822131,514613,
95241,2,server2,28,1014.17,779.8,703,0.571102,2,2,273236,938.28,689907,
95241,2,server2,28,1014.17,779.8,703,1.06568,2,1,258393,949905,797146,
69001,2,server2,29,1127.1,773.4,703,0.571102,2,2,246996,938.28,689907,
69152,2,server2,29,1116.49,773.4,703,1.06568,2,1,232304,949905,797146,
80397,2,server2,29,973836,773.4,703,1.43869,2,1,231627,822131,514613,
69268,2,server2,0,908872,779.8,704,2.40872,2,1,221498,1008.04,785426,
69242,2,server2,1,805821,770.2,704,2.40872,2,1,221472,1008.04,785426,
77265,2,server2,2,770.2,763599,704,2.40872,2,1,229495,1008.04,785426,
69235,2,server2,3,779.8,940155,704,2.40872,2,1,221465,1008.04,785426,
103967,2,server2,4,1201.86,779.8,704,2.40872,2,1,256197,1008.04,785426,
69239,2,server2,5,837664,770.2,704,2.40872,2,1,221469,1008.04,785426,
88597,2,server2,6,773.4,763599,704,2.40872,2,1,240827,1008.04,785426,
69237,2,server2,9,943199,770.2,704,2.40872,2,1,221467,1008.04,785426,
69242,2,server2,11,779.8,947902,704,2.40872,2,1,221472,1008.04,785426,
92096,2,server2,12,1104.08,779.8,704,2.40872,2,1,244326,1008.04,785426,
69245,2,server2,13,1114.56,770.2,704,2.40872,2,1,221475,1008.04,785426,
69232,2,server2,15,779.8,906513,704,2.40872,2,1,221462,1008.04,785426,
76394,2,server2,16,860763,776.6,704,2.40872,2,1,228624,1008.04,785426,
69231,2,server2,19,776.6,875507,704,2.40872,2,1,221461,1008.04,785426,
99052,2,server2,20,983173,779.8,704,2.40872,2,1,251282,1008.04,785426,
69247,2,server2,23,779.8,934151,704,2.40872,2,1,221477,1008.04,785426,
85324,2,server2,24,895709,779.8,704,2.40872,2,1,237554,1008.04,785426,
69248,2,server2,27,776.6,933.87,704,2.40872,2,1,221478,1008.04,785426,
95241,2,server2,28,1014.17,779.8,704,2.40872,2,1,247471,1008.04,785426,
69239,2,server2,29,1111.94,773.4,704,2.40872,2,1,221469,1008.04,785426,
69268,2,server2,0,908872,779.8,705,1.26463,1,2,266511,1106.11,742234,
103967,2,server2,4,1201.86,779.8,705,1.26463,1,2,301.21,1106.11,742234,
69254,2,server2,5,837664,770.2,705,1.26463,1,2,266497,1106.11,742234,
69252,2,server2,9,943199,770.2,705,1.26463,1,2,266495,1106.11,742234,
92096,2,server2,12,1104.08,779.8,705,1.26463,1,2,289339,1106.11,742234,
69245,2,server2,13,1114.56,770.2,705,1.26463,1,2,266488,1106.11,742234,
76394,2,server2,16,860763,776.6,705,1.26463,1,2,273637,1106.11,742234,
99052,2,server2,20,983173,779.8,705,1.26463,1,2,296295,1106.11,742234,
74958,2,server2,21,1404.12,770.2,705,1.26463,1,2,272201,1106.11,742234,
85324,2,server2,24,895709,779.8,705,1.26463,1,2,282567,1106.11,742234,
95241,2,server2,28,1014.17,779.8,705,1.26463,1,2,292484,1106.11,742234,
69244,2,server2,29,1111.94,773.4,705,1.26463,1,2,266487,1106.11,742234,
70158,2,server2,0,915832,779.8,706,1.17669,2,2,245304,836956,899671,
94361,2,server2,0,1039.96,779.8,706,1.4148,2,0,219696,1175.45,512.51,
70149,2,server2,1,804525,770.2,706,1.17669,2,2,245295,836956,899671,
77265,2,server2,2,770.2,763599,706,1.17669,2,2,252411,836956,899671,
70.15,2,server2,3,779.8,940155,706,1.17669,2,2,245296,836956,899671,
103967,2,server2,4,1201.86,779.8,706,1.4148,2,0,229302,1175.45,512.51,
70159,2,server2,5,837664,770.2,706,1.17669,2,2,245305,836956,899671,
88597,2,server2,6,773.4,763599,706,1.17669,2,2,263743,836956,899671,
70.16,2,server2,8,888935,776.6,706,1.17669,2,2,245306,836956,899671,
79061,2,server2,8,1040.27,779.8,706,1.4148,2,0,204396,1175.45,512.51,
70152,2,server2,9,943199,770.2,706,1.17669,2,2,245298,836956,899671,
70157,2,server2,11,779.8,947902,706,1.17669,2,2,245303,836956,899671,
92096,2,server2,12,1104.08,779.8,706,1.17669,2,2,267242,836956,899671,
92096,2,server2,12,1104.08,779.8,706,1.4148,2,0,217431,1175.45,512.51,
70.15,2,server2,13,1106.12,770.2,706,1.17669,2,2,245296,836956,899671,
76394,2,server2,16,860763,776.6,706,1.17669,2,2,251.54,836956,899671,
100635,2,server2,16,1033.48,776.6,706,1.4148,2,0,225.97,1175.45,512.51,
70146,2,server2,19,776.6,875507,706,1.17669,2,2,245292,836956,899671,
99052,2,server2,20,983173,779.8,706,1.17669,2,2,274198,836956,899671,
70147,2,server2,23,779.8,934151,706,1.17669,2,2,245293,836956,899671,
85324,2,server2,24,895709,779.8,706,1.17669,2,2,260.47,836956,899671,
105324,2,server2,24,1039.42,779.8,706,1.4148,2,0,230659,1175.45,512.51,
70151,2,server2,27,776.6,921589,706,1.17669,2,2,245297,836956,899671,
95241,2,server2,28,1014.17,779.8,706,1.17669,2,2,270387,836956,899671,
69344,2,server2,29,1111.94,773.4,706,1.4148,2,0,194679,1175.45,512.51,
73.44,2,server2,29,1108.9,773.4,706,1.17669,2,2,248586,836956,899671,
70158,2,server2,0,915832,779.8,707,0.555653,2,2,245304,791396,809294,
70149,2,server2,1,804525,770.2,707,0.555653,2,2,245295,791396,809294,
77265,2,server2,2,770.2,763599,707,0.555653,2,2,252411,791396,809294,
70.15,2,server2,3,779.8,940155,707,0.555653,2,2,245296,791396,809294,
70215,2,server2,3,779.8,940155,707,1.01732,2,1,240426,688.9,1115.63,
70159,2,server2,5,837664,770.2,707,0.555653,2,2,245305,791396,809294,
88597,2,server2,6,773.4,763599,707,0.555653,2,2,263743,791396,809294,
103241,2,server2,6,773.4,828636,707,1.01732,2,1,273452,688.9,1115.63,
70.16,2,server2,8,888935,776.6,707,0.555653,2,2,245306,791396,809294,
70152,2,server2,9,943199,770.2,707,0.555653,2,2,245298,791396,809294,
70157,2,server2,11,779.8,947902,707,0.555653,2,2,245303,791396,809294,
70247,2,server2,11,779.8,947902,707,1.01732,2,1,240458,688.9,1115.63,
74834,2,server2,13,1088.16,770.2,707,0.555653,2,2,249.98,791396,809294,
70246,2,server2,15,779.8,893696,707,1.01732,2,1,240457,688.9,1115.63,
76394,2,server2,16,860763,776.6,707,0.555653,2,2,251.54,791396,809294,
70146,2,server2,19,776.6,875507,707,0.555653,2,2,245292,791396,809294,
70221,2,server2,19,776.6,875507,707,1.01732,2,1,240432,688.9,1115.63,
99052,2,server2,20,983173,779.8,707,0.555653,2,2,274198,791396,809294,
70147,2,server2,23,779.8,934151,707,0.555653,2,2,245293,791396,809294,
70247,2,server2,23,779.8,934151,707,1.01732,2,1,240458,688.9,1115.63,
85324,2,server2,24,895709,779.8,707,0.555653,2,2,260.47,791396,809294,
70151,2,server2,27,776.6,921589,707,0.555653,2,2,245297,791396,809294,
95241,2,server2,28,1014.17,779.8,707,0.555653,2,2,270387,791396,809294,
73446,2,server2,29,1089.18,773.4,707,0.555653,2,2,248592,791396,809294,
70243,2,server2,0,915832,779.8,708,1.22244,2,1,240464,1053.59,909054,
70234,2,server2,1,804525,770.2,708,1.22244,2,1,240455,1053.59,909054,
70.23,2,server2,3,779.8,940155,708,1.22244,2,1,240451,1053.59,909054,
103967,2,server2,4,1201.86,779.8,708,1.22244,2,1,274188,1053.59,909054,
70234,2,server2,5,837664,770.2,708,1.22244,2,1,240455,1053.59,909054,
103233,2,server2,6,773.4,802.8,708,1.22244,2,1,273454,1053.59,909054,
70244,2,server2,8,893879,776.6,708,1.22244,2,1,240465,1053.59,909054,
70227,2,server2,9,943199,770.2,708,1.22244,2,1,240448,1053.59,909054,
70247,2,server2,11,779.8,947902,708,1.22244,2,1,240468,1053.59,909054,
92096,2,server2,12,1104.08,779.8,708,1.22244,2,1,262317,1053.59,909054,
70245,2,server2,13,1106.12,770.2,708,1.22244,2,1,240466,1053.59,909054,
70246,2,server2,15,779.8,893696,708,1.22244,2,1,240467,1053.59,909054,
76394,2,server2,16,860763,776.6,708,1.22244,2,1,246615,1053.59,909054,
70231,2,server2,19,776.6,875507,708,1.22244,2,1,240452,1053.59,909054,
99052,2,server2,20,983173,779.8,708,1.22244,2,1,269273,1053.59,909054,
70247,2,server2,23,779.8,934151,708,1.22244,2,1,240468,1053.59,909054,
85324,2,server2,24,895709,779.8,708,1.22244,2,1,255545,1053.59,909054,
95241,2,server2,28,1014.17,779.8,708,1.22244,2,1,265462,1053.59,909054,
70231,2,server2,29,1111.94,773.4,708,1.22244,2,1,240452,1053.59,909054,
70779,2,server2,1,804525,770.2,709,1.45666,2,1,214547,571.27,670324,
77265,2,server2,2,770.2,763599,709,1.45666,2,1,221033,571.27,670324,
99079,2,server2,3,779.8,885802,709,1.45666,2,1,242847,571.27,670324,
88597,2,server2,6,773.4,763599,709,1.45666,2,1,232365,571.27,670324,
101756,2,server2,9,853.51,770.2,709,1.45666,2,1,245524,571.27,670324,
95168,2,server2,11,779.8,878479,709,1.45666,2,1,238936,571.27,670324,
97065,2,server2,15,779.8,885991,709,1.45666,2,1,240833,571.27,670324,
70774,2,server2,19,776.6,869565,709,1.45666,2,1,214542,571.27,670324,
79297,2,server2,23,779.8,885402,709,1.45666,2,1,223065,571.27,670324,
78503,2,server2,27,776.6,887818,709,1.45666,2,1,222271,571.27,670324,
70778,2,server2,0,915832,779.8,710,1.50214,2,1,214546,887007,494916,
71465,2,server2,0,921418,779.8,710,492,1,2,284923,923813,953116,
70779,2,server2,1,804525,770.2,710,1.50214,2,1,214547,887007,494916,
71464,2,server2,1,804525,770.2,710,492,1,2,284922,923813,953116,
77265,2,server2,2,770.2,763599,710,492,1,2,290723,923813,953116,
77265,2,server2,2,770.2,763599,710,1.50214,2,1,221033,887007,494916,
71.46,2,server2,3,779.8,938941,710,492,1,2,284918,923813,953116,
71467,2,server2,5,829549,770.2,710,492,1,2,284925,923813,953116,
88597,2,server2,6,773.4,763599,710,492,1,2,302055,923813,953116,
88597,2,server2,6,773.4,763599,710,1.50214,2,1,232365,887007,494916,
70779,2,server2,8,895522,776.6,710,1.50214,2,1,214547,887007,494916,
71469,2,server2,8,895522,776.6,710,492,1,2,284927,923813,953116,
70777,2,server2,9,943199,770.2,710,1.50214,2,1,214545,887007,494916,
71482,2,server2,11,779.8,947902,710,492,1,2,284.94,923813,953116,
92096,2,server2,12,1104.08,779.8,710,492,1,2,305554,923813,953116,
71.46,2,server2,13,1105.07,770.2,710,492,1,2,284918,923813,953116,
71461,2,server2,15,779.8,893696,710,492,1,2,284919,923813,953116,
76394,2,server2,16,860763,776.6,710,492,1,2,289852,923813,953116,
76394,2,server2,16,860763,776.6,710,1.50214,2,1,220162,887007,494916,
71464,2,server2,19,776.6,862.14,710,492,1,2,284922,923813,953116,
99052,2,server2,20,983173,779.8,710,492,1,2,312.51,923813,953116,
71467,2,server2,23,779.8,929961,710,492,1,2,284925,923813,953116,
85324,2,server2,24,895709,779.8,710,492,1,2,298782,923813,953116,
85324,2,server2,24,895709,779.8,710,1.50214,2,1,229092,887007,494916,
71463,2,server2,27,776.6,906237,710,492,1,2,284921,923813,953116,
95241,2,server2,28,1014.17,779.8,710,492,1,2,308699,923813,953116,
71461,2,server2,29,1111.94,773.4,710,492,1,2,284919,923813,953116,
78573,2,server2,29,998096,773.4,710,1.50214,2,1,222341,887007,494916,
70913,2,server2,0,915832,779.8,711,0.402075,2,2,283807,848275,704263,
71799,2,server2,0,925591,779.8,711,1.27007,2,2,285367,1080.22,523506,
70899,2,server2,1,804525,770.2,711,0.402075,2,2,283793,848275,704263,
77265,2,server2,2,770.2,763599,711,0.402075,2,2,290159,848275,704263,
70.9,2,server2,3,779.8,938941,711,0.402075,2,2,283794,848275,704263,
103967,2,server2,4,1201.86,779.8,711,1.27007,2,2,317535,1080.22,523506,
70897,2,server2,5,829549,770.2,711,0.402075,2,2,283791,848275,704263,
88597,2,server2,6,773.4,763599,711,0.402075,2,2,301491,848275,704263,
70899,2,server2,8,895522,776.6,711,0.402075,2,2,283793,848275,704263,
73013,2,server2,8,920192,776.6,711,1.27007,2,2,286581,1080.22,523506,
70897,2,server2,9,943199,770.2,711,0.402075,2,2,283791,848275,704263,
70917,2,server2,11,779.8,947902,711,0.402075,2,2,283811,848275,704263,
92096,2,server2,12,1104.08,779.8,711,0.402075,2,2,304.99,848275,704263,
92096,2,server2,12,1104.08,779.8,711,1.27007,2,2,305664,1080.22,523506,
70.9,2,server2,13,1105.07,770.2,711,0.402075,2,2,283794,848275,704263,
71.57,2,server2,13,1105.07,770.2,711,1.27007,2,2,285138,1080.22,523506,
70901,2,server2,15,779.8,893696,711,0.402075,2,2,283795,848275,704263,
76394,2,server2,16,860763,776.6,711,0.402075,2,2,289288,848275,704263,
90196,2,server2,16,919747,776.6,711,1.27007,2,2,303764,1080.22,523506,
99052,2,server2,20,983173,779.8,711,0.402075,2,2,311946,848275,704263,
99052,2,server2,20,983173,779.8,711,1.27007,2,2,312.62,1080.22,523506,
70928,2,server2,23,779.8,931362,711,0.402075,2,2,283822,848275,704263,
85324,2,server2,24,895709,779.8,711,0.402075,2,2,298218,848275,704263,
91569,2,server2,24,924467,779.8,711,1.27007,2,2,305137,1080.22,523506,
70904,2,server2,27,776.6,909307,711,0.402075,2,2,283798,848275,704263,
95241,2,server2,28,1014.17,779.8,711,0.402075,2,2,308135,848275,704263,
95241,2,server2,28,1014.17,779.8,711,1.27007,2,2,308809,1080.22,523506,
70896,2,server2,29,1111.94,773.4,711,0.402075,2,2,283.79,848275,704263,
71576,2,server2,29,1111.94,773.4,711,1.27007,2,2,285144,1080.22,523506,
70913,2,server2,0,915832,779.8,712,0.974661,2,2,283809,816555,843487,
70899,2,server2,1,804525,770.2,712,0.974661,2,2,283795,816555,843487,
71599,2,server2,1,804525,770.2,712,0.852218,2,2,290188,697018,576.98,
77265,2,server2,2,770.2,763599,712,0.852218,2,2,295854,697018,576.98,
77265,2,server2,2,770.2,763599,712,0.974661,2,2,290161,816555,843487,
70.9,2,server2,3,779.8,938941,712,0.974661,2,2,283796,816555,843487,
106286,2,server2,3,779.8,865293,712,0.852218,2,2,324875,697018,576.98,
70897,2,server2,5,829549,770.2,712,0.974661,2,2,283793,816555,843487,
71602,2,server2,5,829549,770.2,712,0.852218,2,2,290191,697018,576.98,
88597,2,server2,6,773.4,763599,712,0.852218,2,2,307186,697018,576.98,
88597,2,server2,6,773.4,763599,712,0.974661,2,2,301493,816555,843487,
70899,2,server2,8,895522,776.6,712,0.974661,2,2,283795,816555,843487,
71609,2,server2,8,895522,776.6,712,0.852218,2,2,290198,697018,576.98,
70897,2,server2,9,943199,770.2,712,0.974661,2,2,283793,816555,843487,
70917,2,server2,11,779.8,947902,712,0.974661,2,2,283813,816555,843487,
95.7,2,server2,11,779.8,864075,712,0.852218,2,2,314289,697018,576.98,
92096,2,server2,12,1104.08,779.8,712,0.974661,2,2,304992,816555,843487,
70.9,2,server2,13,1105.07,770.2,712,0.974661,2,2,283796,816555,843487,
70901,2,server2,15,779.8,893696,712,0.974661,2,2,283797,816555,843487,
76394,2,server2,16,860763,776.6,712,0.852218,2,2,294983,697018,576.98,
76394,2,server2,16,860763,776.6,712,0.974661,2,2,289.29,816555,843487,
71594,2,server2,19,776.6,862.14,712,0.852218,2,2,290183,697018,576.98,
99052,2,server2,20,983173,779.8,712,0.974661,2,2,311948,816555,843487,
70928,2,server2,23,779.8,931362,712,0.974661,2,2,283824,816555,843487,
79.33,2,server2,23,779.8,864479,712,0.852218,2,2,297919,697018,576.98,
85324,2,server2,24,895709,779.8,712,0.852218,2,2,303913,697018,576.98,
85324,2,server2,24,895709,779.8,712,0.974661,2,2,298.22,816555,843487,
70904,2,server2,27,776.6,909307,712,0.974661,2,2,283.8,816555,843487,
81922,2,server2,27,776.6,864764,712,0.852218,2,2,300511,697018,576.98,
95241,2,server2,28,1014.17,779.8,712,0.974661,2,2,308137,816555,843487,
73445,2,server2,29,1107.38,773.4,712,0.974661,2,2,286341,816555,843487,
83266,2,server2,29,922999,773.4,712,0.852218,2,2,301855,697018,576.98,
71254,2,server2,1,804525,770.2,713,1.12355,2,2,263496,710539,728697,
72179,2,server2,1,804525,770.2,713,0.827251,2,2,286346,754031,486949,
77265,2,server2,2,770.2,763599,713,0.827251,2,2,291432,754031,486949,
77265,2,server2,2,770.2,763599,713,1.12355,2,2,269507,710539,728697,
71.25,2,server2,3,779.8,938941,713,1.12355,2,2,263492,710539,728697,
71975,2,server2,3,779.8,938941,713,1.19741,2,2,276946,624264,1064.05,
71247,2,server2,5,829549,770.2,713,1.12355,2,2,263489,710539,728697,
72172,2,server2,5,829549,770.2,713,0.827251,2,2,286339,754031,486949,
88597,2,server2,6,773.4,763599,713,0.827251,2,2,302764,754031,486949,
88597,2,server2,6,773.4,763599,713,1.12355,2,2,280839,710539,728697,
103234,2,server2,6,773.4,804053,713,1.19741,2,2,308205,624264,1064.05,
71254,2,server2,8,895522,776.6,713,1.12355,2,2,263496,710539,728697,
71247,2,server2,9,943199,770.2,713,1.12355,2,2,263489,710539,728697,
71267,2,server2,11,779.8,947902,713,1.12355,2,2,263509,710539,728697,
72017,2,server2,11,779.8,947902,713,1.19741,2,2,276988,624264,1064.05,
71256,2,server2,15,779.8,893696,713,1.12355,2,2,263498,710539,728697,
71976,2,server2,15,779.8,891131,713,1.19741,2,2,276947,624264,1064.05,
76394,2,server2,16,860763,776.6,713,1.12355,2,2,268636,710539,728697,
71249,2,server2,19,776.6,862.14,713,1.12355,2,2,263491,710539,728697,
71979,2,server2,19,776.6,862.14,713,1.19741,2,2,276.95,624264,1064.05,
99052,2,server2,20,983173,779.8,713,1.12355,2,2,291294,710539,728697,
71245,2,server2,23,779.8,929961,713,1.12355,2,2,263487,710539,728697,
85324,2,server2,24,895709,779.8,713,1.12355,2,2,277566,710539,728697,
71248,2,server2,27,776.6,906237,713,1.12355,2,2,263.49,710539,728697,
71988,2,server2,27,776.6,904708,713,1.19741,2,2,276959,624264,1064.05,
78573,2,server2,29,1006.37,773.4,713,1.12355,2,2,270815,710539,728697,
72457,2,server2,0,932564,779.8,714,0.447718,2,1,238901,955818,981111,
75125,2,server2,0,982788,779.8,714,1.08893,2,2,262909,1266.02,770063,
97538,2,server2,0,1065.06,779.8,714,1.40033,2,2,268284,1261.15,552865,
72474,2,server2,1,804525,770.2,714,0.447718,2,1,238918,955818,981111,
77265,2,server2,2,770.2,763599,714,0.447718,2,1,243709,955818,981111,
72025,2,server2,3,779.8,938941,714,1.19685,2,2,251043,667312,1189.38,
72.45,2,server2,3,779.8,938941,714,0.447718,2,1,238894,955818,981111,
103967,2,server2,4,1201.86,779.8,714,1.08893,2,2,291751,1266.02,770063,
103967,2,server2,4,1201.86,779.8,714,1.40033,2,2,274713,1261.15,552865,
72462,2,server2,5,829549,770.2,714,0.447718,2,1,238906,955818,981111,
88597,2,server2,6,773.4,763599,714,0.447718,2,1,255041,955818,981111,
105837,2,server2,6,773.4,909419,714,1.19685,2,2,284855,667312,1189.38,
76176,2,server2,8,966241,776.6,714,1.08893,2,2,263.96,1266.02,770063,
80259,2,server2,8,1066.59,779.8,714,1.40033,2,2,251005,1261.15,552865,
72461,2,server2,9,914888,770.2,714,0.447718,2,1,238905,955818,981111,
72067,2,server2,11,779.8,947902,714,1.19685,2,2,251085,667312,1189.38,
72452,2,server2,11,779.8,947902,714,0.447718,2,1,238896,955818,981111,
92096,2,server2,12,1104.08,779.8,714,0.447718,2,1,258.54,955818,981111,
92096,2,server2,12,1104.08,779.8,714,1.08893,2,2,279.88,1266.02,770063,
92096,2,server2,12,1104.08,779.8,714,1.40033,2,2,262842,1261.15,552865,
72.45,2,server2,13,1105.07,770.2,714,0.447718,2,1,238894,955818,981111,
74747,2,server2,13,1094.5,770.2,714,1.40033,2,2,245493,1261.15,552865,
72451,2,server2,15,779.8,891131,714,0.447718,2,1,238895,955818,981111,
76394,2,server2,16,860763,776.6,714,0.447718,2,1,242838,955818,981111,
92958,2,server2,16,966142,776.6,714,1.08893,2,2,280742,1266.02,770063,
100638,2,server2,16,1061.91,776.6,714,1.40033,2,2,271384,1261.15,552865,
72454,2,server2,19,776.6,862.14,714,0.447718,2,1,238898,955818,981111,
99052,2,server2,20,983173,779.8,714,0.447718,2,1,265496,955818,981111,
99052,2,server2,20,983173,779.8,714,1.08893,2,2,286836,1266.02,770063,
74786,2,server2,21,1405.38,770.2,714,1.08893,2,2,262.57,1266.02,770063,
72043,2,server2,23,779.8,924391,714,1.19685,2,2,251061,667312,1189.38,
72447,2,server2,23,779.8,916024,714,0.447718,2,1,238891,955818,981111,
85324,2,server2,24,895709,779.8,714,0.447718,2,1,251768,955818,981111,
95301,2,server2,24,966814,779.8,714,1.08893,2,2,283085,1266.02,770063,
72453,2,server2,27,776.6,904708,714,0.447718,2,1,238897,955818,981111,
95241,2,server2,28,1014.17,779.8,714,0.447718,2,1,261685,955818,981111,
95241,2,server2,28,1014.17,779.8,714,1.08893,2,2,283025,1266.02,770063,
72446,2,server2,29,1111.94,773.4,714,0.447718,2,1,238.89,955818,981111,
74759,2,server2,29,1074.02,773.4,714,1.40033,2,2,245505,1261.15,552865,
74789,2,server2,29,1074.02,773.4,714,1.08893,2,2,262573,1266.02,770063,
73012,2,server2,0,932564,779.8,715,1.18171,2,2,252974,740959,995866,
78.28,2,server2,0,1003.71,779.8,715,0.594641,2,2,272814,1200.86,553784,
72974,2,server2,1,804525,770.2,715,1.18171,2,2,252936,740959,995866,
77265,2,server2,2,770.2,763599,715,1.18171,2,2,257227,740959,995866,
72.97,2,server2,3,779.8,938941,715,1.18171,2,2,252932,740959,995866,
103967,2,server2,4,1201.86,779.8,715,0.594641,2,2,298501,1200.86,553784,
103967,2,server2,4,1201.86,779.8,715,0.675133,2,2,318128,1132.29,605393,
72992,2,server2,5,829549,770.2,715,1.18171,2,2,252954,740959,995866,
88597,2,server2,6,773.4,763599,715,1.18171,2,2,268559,740959,995866,
72172,2,server2,8,897167,776.6,715,0.675133,2,2,286333,1132.29,605393,
76.57,2,server2,8,1000.8,776.6,715,0.594641,2,2,271104,1200.86,553784,
72416,2,server2,9,914888,770.2,715,0.675133,2,2,286577,1132.29,605393,
72962,2,server2,9,914888,770.2,715,1.18171,2,2,252924,740959,995866,
72987,2,server2,11,779.8,947902,715,1.18171,2,2,252949,740959,995866,
92096,2,server2,12,1104.08,779.8,715,0.594641,2,2,286.63,1200.86,553784,
92096,2,server2,12,1104.08,779.8,715,0.675133,2,2,306257,1132.29,605393,
72165,2,server2,13,1105.07,770.2,715,0.675133,2,2,286326,1132.29,605393,
75.55,2,server2,13,1082.88,770.2,715,0.594641,2,2,270084,1200.86,553784,
72971,2,server2,15,779.8,891131,715,1.18171,2,2,252933,740959,995866,
76394,2,server2,16,860763,776.6,715,1.18171,2,2,256356,740959,995866,
87216,2,server2,16,886225,776.6,715,0.675133,2,2,301377,1132.29,605393,
93393,2,server2,16,1000.57,776.6,715,0.594641,2,2,287927,1200.86,553784,
72969,2,server2,19,776.6,862.14,715,1.18171,2,2,252931,740959,995866,
99052,2,server2,20,983173,779.8,715,0.675133,2,2,313213,1132.29,605393,
75538,2,server2,21,1404.12,770.2,715,0.594641,2,2,270072,1200.86,553784,
83919,2,server2,21,1382.71,770.2,715,0.675133,2,2,298.08,1132.29,605393,
79292,2,server2,23,779.8,896543,715,1.18171,2,2,259254,740959,995866,
85324,2,server2,24,895709,779.8,715,0.675133,2,2,299485,1132.29,605393,
85324,2,server2,24,895709,779.8,715,1.18171,2,2,265286,740959,995866,
100064,2,server2,24,1004.65,779.8,715,0.594641,2,2,294598,1200.86,553784,
72968,2,server2,27,776.6,904708,715,1.18171,2,2,252.93,740959,995866,
95241,2,server2,28,1014.17,779.8,715,0.594641,2,2,289775,1200.86,553784,
95241,2,server2,28,1014.17,779.8,715,0.675133,2,2,309402,1132.29,605393,
72171,2,server2,29,1111.94,773.4,715,0.675133,2,2,286332,1132.29,605393,
83265,2,server2,29,941056,773.4,715,1.18171,2,2,263227,740959,995866,
72732,2,server2,0,932564,779.8,716,0.685943,2,1,239452,703945,835076,
73012,2,server2,0,932564,779.8,716,1.81948,2,2,252974,808.47,811.13,
73505,2,server2,0,945.12,779.8,716,1.1351,2,1,239.95,978891,1063.48,
75.5,2,server2,0,982788,779.8,716,2.17923,2,2,273974,923428,646.68,
76483,2,server2,0,988371,779.8,716,1.17724,2,1,228939,822065,961312,
72729,2,server2,1,804525,770.2,716,0.685943,2,1,239449,703945,835076,
72974,2,server2,1,804525,770.2,716,1.81948,2,2,252936,808.47,811.13,
73779,2,server2,1,804525,770.2,716,0.961316,2,2,281538,776085,748014,
75484,2,server2,1,804525,770.2,716,2.17923,2,2,273958,923428,646.68,
75874,2,server2,1,804525,770.2,716,0.475546,2,1,250741,969.25,880679,
76459,2,server2,1,804525,770.2,716,1.17724,2,1,228915,822065,961312,
76504,2,server2,1,804525,770.2,716,1.64116,2,1,229,771191,1011.63,
77265,2,server2,2,770.2,763599,716,0.475546,2,1,252132,969.25,880679,
77265,2,server2,2,770.2,763599,716,0.685943,2,1,243985,703945,835076,
77265,2,server2,2,770.2,763599,716,0.961316,2,2,285024,776085,748014,
77265,2,server2,2,770.2,763599,716,1.17724,2,1,229721,822065,961312,
77265,2,server2,2,770.2,763599,716,1.64116,2,1,229761,771191,1011.63,
77265,2,server2,2,770.2,763599,716,1.81948,2,2,257227,808.47,811.13,
77265,2,server2,2,770.2,763599,716,2.17923,2,2,275739,923428,646.68,
72725,2,server2,3,779.8,938941,716,0.685943,2,1,239445,703945,835076,
72.97,2,server2,3,779.8,938941,716,1.81948,2,2,252932,808.47,811.13,
73.45,2,server2,3,779.8,938941,716,1.1351,2,1,239895,978891,1063.48,
73.76,2,server2,3,779.8,938941,716,0.961316,2,2,281519,776085,748014,
75875,2,server2,3,779.8,938941,716,0.475546,2,1,250742,969.25,880679,
76.46,2,server2,3,779.8,937735,716,1.17724,2,1,228916,822065,961312,
76505,2,server2,3,779.8,937735,716,1.64116,2,1,229001,771191,1011.63,
98147,2,server2,3,779.8,909.93,716,2.17923,2,2,296621,923428,646.68,
103967,2,server2,4,1201.86,779.8,716,0.475546,2,1,278834,969.25,880679,
103967,2,server2,4,1201.86,779.8,716,1.97156,2,0,248502,1238.19,827932,
72737,2,server2,5,829549,770.2,716,0.685943,2,1,239457,703945,835076,
72992,2,server2,5,829549,770.2,716,1.81948,2,2,252954,808.47,811.13,
73767,2,server2,5,829549,770.2,716,0.961316,2,2,281526,776085,748014,
75484,2,server2,5,828197,770.2,716,2.17923,2,2,273958,923428,646.68,
75879,2,server2,5,828197,770.2,716,0.475546,2,1,250746,969.25,880679,
76474,2,server2,5,828197,770.2,716,1.17724,2,1,228.93,822065,961312,
76499,2,server2,5,828197,770.2,716,1.64116,2,1,228995,771191,1011.63,
88597,2,server2,6,773.4,763599,716,0.475546,2,1,263464,969.25,880679,
88597,2,server2,6,773.4,763599,716,0.685943,2,1,255317,703945,835076,
88597,2,server2,6,773.4,763599,716,0.961316,2,2,296356,776085,748014,
88597,2,server2,6,773.4,763599,716,1.17724,2,1,241053,822065,961312,
88597,2,server2,6,773.4,763599,716,1.64116,2,1,241093,771191,1011.63,
88597,2,server2,6,773.4,763599,716,1.81948,2,2,268559,808.47,811.13,
88597,2,server2,6,773.4,763599,716,2.17923,2,2,287071,923428,646.68,
103889,2,server2,6,773.4,845369,716,1.1351,2,1,270334,978891,1063.48,
73.45,2,server2,8,931699,776.6,716,1.1351,2,1,239895,978891,1063.48,
73765,2,server2,8,931699,776.6,716,0.961316,2,2,281524,776085,748014,
75486,2,server2,8,938267,776.6,716,2.17923,2,2,273.96,923428,646.68,
75906,2,server2,8,938267,776.6,716,0.475546,2,1,250773,969.25,880679,
76031,2,server2,8,943199,776.6,716,1.97156,2,0,220566,1238.19,827932,
72722,2,server2,9,914888,770.2,716,0.685943,2,1,239442,703945,835076,
72962,2,server2,9,914888,770.2,716,1.81948,2,2,252924,808.47,811.13,
73762,2,server2,9,913702,770.2,716,0.961316,2,2,281521,776085,748014,
75497,2,server2,9,908979,770.2,716,2.17923,2,2,273971,923428,646.68,
75882,2,server2,9,908979,770.2,716,0.475546,2,1,250749,969.25,880679,
76512,2,server2,9,908979,770.2,716,1.17724,2,1,228968,822065,961312,
76512,2,server2,9,908979,770.2,716,1.64116,2,1,229008,771191,1011.63,
72747,2,server2,11,779.8,947902,716,0.685943,2,1,239467,703945,835076,
72987,2,server2,11,779.8,947902,716,1.81948,2,2,252949,808.47,811.13,
73492,2,server2,11,779.8,947902,716,1.1351,2,1,239937,978891,1063.48,
73807,2,server2,11,779.8,947902,716,0.961316,2,2,281566,776085,748014,
75882,2,server2,11,779.8,947902,716,0.475546,2,1,250749,969.25,880679,
76457,2,server2,11,779.8,947902,716,1.17724,2,1,228913,822065,961312,
76547,2,server2,11,779.8,947902,716,1.64116,2,1,229043,771191,1011.63,
94877,2,server2,11,779.8,909932,716,2.17923,2,2,293351,923428,646.68,
92096,2,server2,12,1104.08,779.8,716,0.475546,2,1,266963,969.25,880679,
92096,2,server2,12,1104.08,779.8,716,1.81948,2,2,272058,808.47,811.13,
92096,2,server2,12,1104.08,779.8,716,1.97156,2,0,236631,1238.19,827932,
92096,2,server2,12,1104.08,779.8,716,2.17923,2,2,290.57,923428,646.68,
72.97,2,server2,13,1105.07,770.2,716,1.81948,2,2,252932,808.47,811.13,
73545,2,server2,13,1105.07,770.2,716,1.97156,2,0,218.08,1238.19,827932,
75475,2,server2,13,1082.88,770.2,716,2.17923,2,2,273949,923428,646.68,
75.87,2,server2,13,1082.88,770.2,716,0.475546,2,1,250737,969.25,880679,
94392,2,server2,13,1074.43,770.2,716,0.961316,2,2,302151,776085,748014,
97664,2,server2,13,1053.31,770.2,716,1.17724,2,1,250.12,822065,961312,
72746,2,server2,15,779.8,891131,716,0.685943,2,1,239466,703945,835076,
72971,2,server2,15,779.8,891131,716,1.81948,2,2,252933,808.47,811.13,
73451,2,server2,15,779.8,891131,716,1.1351,2,1,239896,978891,1063.48,
73761,2,server2,15,779.8,891131,716,0.961316,2,2,281.52,776085,748014,
75519,2,server2,15,779.8,889853,716,2.17923,2,2,273993,923428,646.68,
75894,2,server2,15,779.8,889853,716,0.475546,2,1,250761,969.25,880679,
76464,2,server2,15,779.8,889853,716,1.17724,2,1,228.92,822065,961312,
76544,2,server2,15,779.8,889853,716,1.64116,2,1,229.04,771191,1011.63,
76394,2,server2,16,860763,776.6,716,0.475546,2,1,251261,969.25,880679,
76394,2,server2,16,860763,776.6,716,0.685943,2,1,243114,703945,835076,
76394,2,server2,16,860763,776.6,716,0.961316,2,2,284153,776085,748014,
76394,2,server2,16,860763,776.6,716,1.81948,2,2,256356,808.47,811.13,
76394,2,server2,16,860763,776.6,716,2.17923,2,2,274868,923428,646.68,
76458,2,server2,16,862178,776.6,716,1.17724,2,1,228914,822065,961312,
76498,2,server2,16,862178,776.6,716,1.64116,2,1,228994,771191,1011.63,
87483,2,server2,16,891876,776.6,716,1.1351,2,1,253928,978891,1063.48,
92954,2,server2,16,943683,776.6,716,1.97156,2,0,237489,1238.19,827932,
72729,2,server2,19,776.6,862.14,716,0.685943,2,1,239449,703945,835076,
72969,2,server2,19,776.6,862.14,716,1.81948,2,2,252931,808.47,811.13,
73459,2,server2,19,776.6,862.14,716,1.1351,2,1,239904,978891,1063.48,
73779,2,server2,19,776.6,862.14,716,0.961316,2,2,281538,776085,748014,
75504,2,server2,19,776.6,862.14,716,2.17923,2,2,273978,923428,646.68,
75899,2,server2,19,776.6,862.14,716,0.475546,2,1,250766,969.25,880679,
76474,2,server2,19,776.6,862.14,716,1.17724,2,1,228.93,822065,961312,
76544,2,server2,19,776.6,862.14,716,1.64116,2,1,229.04,771191,1011.63,
99052,2,server2,20,983173,779.8,716,0.475546,2,1,273919,969.25,880679,
99052,2,server2,20,983173,779.8,716,0.685943,2,1,265772,703945,835076,
99052,2,server2,20,983173,779.8,716,0.961316,2,2,306811,776085,748014,
99052,2,server2,20,983173,779.8,716,1.1351,2,1,265497,978891,1063.48,
99052,2,server2,20,983173,779.8,716,1.17724,2,1,251508,822065,961312,
99052,2,server2,20,983173,779.8,716,1.81948,2,2,279014,808.47,811.13,
99052,2,server2,20,983173,779.8,716,1.97156,2,0,243587,1238.19,827932,
99052,2,server2,20,983173,779.8,716,2.17923,2,2,297526,923428,646.68,
73539,2,server2,21,1410.42,770.2,716,1.97156,2,0,218074,1238.19,827932,
79292,2,server2,23,779.8,896543,716,0.475546,2,1,254159,969.25,880679,
79292,2,server2,23,779.8,896543,716,0.685943,2,1,246012,703945,835076,
79292,2,server2,23,779.8,896543,716,0.961316,2,2,287051,776085,748014,
79292,2,server2,23,779.8,896543,716,1.1351,2,1,245737,978891,1063.48,
79292,2,server2,23,779.8,896543,716,1.17724,2,1,231748,822065,961312,
79292,2,server2,23,779.8,896543,716,1.64116,2,1,231788,771191,1011.63,
79292,2,server2,23,779.8,896543,716,1.81948,2,2,259254,808.47,811.13,
79292,2,server2,23,779.8,896543,716,2.17923,2,2,277766,923428,646.68,
85324,2,server2,24,895709,779.8,716,0.475546,2,1,260191,969.25,880679,
85324,2,server2,24,895709,779.8,716,0.685943,2,1,252044,703945,835076,
85324,2,server2,24,895709,779.8,716,0.961316,2,2,293083,776085,748014,
85324,2,server2,24,895709,779.8,716,1.1351,2,1,251769,978891,1063.48,
85324,2,server2,24,895709,779.8,716,1.17724,2,1,237.78,822065,961312,
85324,2,server2,24,895709,779.8,716,1.64116,2,1,237.82,771191,1011.63,
85324,2,server2,24,895709,779.8,716,1.81948,2,2,265286,808.47,811.13,
85324,2,server2,24,895709,779.8,716,2.17923,2,2,283798,923428,646.68,
93732,2,server2,24,942619,779.8,716,1.97156,2,0,238267,1238.19,827932,
72723,2,server2,27,776.6,904708,716,0.685943,2,1,239443,703945,835076,
72968,2,server2,27,776.6,904708,716,1.81948,2,2,252.93,808.47,811.13,
73448,2,server2,27,776.6,904708,716,1.1351,2,1,239893,978891,1063.48,
73763,2,server2,27,776.6,904708,716,0.961316,2,2,281522,776085,748014,
75765,2,server2,27,776.6,893959,716,2.17923,2,2,274239,923428,646.68,
75.87,2,server2,27,776.6,893959,716,0.475546,2,1,250737,969.25,880679,
76465,2,server2,27,776.6,893959,716,1.17724,2,1,228921,822065,961312,
76.5,2,server2,27,776.6,893959,716,1.64116,2,1,228996,771191,1011.63,
95241,2,server2,28,1014.17,779.8,716,0.475546,2,1,270108,969.25,880679,
95241,2,server2,28,1014.17,779.8,716,0.961316,2,2,303,776085,748014,
95241,2,server2,28,1014.17,779.8,716,1.1351,2,1,261686,978891,1063.48,
95241,2,server2,28,1014.17,779.8,716,1.17724,2,1,247697,822065,961312,
95241,2,server2,28,1014.17,779.8,716,1.81948,2,2,275203,808.47,811.13,
95241,2,server2,28,1014.17,779.8,716,1.97156,2,0,239776,1238.19,827932,
95241,2,server2,28,1014.17,779.8,716,2.17923,2,2,293715,923428,646.68,
73445,2,server2,29,1105.86,773.4,716,1.81948,2,2,253407,808.47,811.13,
73545,2,server2,29,1083.11,773.4,716,1.97156,2,0,218.08,1238.19,827932,
74144,2,server2,29,1074.02,773.4,716,0.961316,2,2,281903,776085,748014,
75876,2,server2,29,1045.21,773.4,716,0.475546,2,1,250743,969.25,880679,
76456,2,server2,29,1045.21,773.4,716,1.17724,2,1,228912,822065,961312,
78573,2,server2,29,996.73,773.4,716,0.685943,2,1,245293,703945,835076,
83263,2,server2,29,952758,773.4,716,1.64116,2,1,235759,771191,1011.63,
73157,2,server2,0,935352,779.8,717,0.470018,2,1,240311,962399,1052.99,
73.43,2,server2,0,943725,779.8,717,0.469382,2,1,234849,956634,580049,
73945,2,server2,0,982788,779.8,717,1.78923,2,2,284887,1228.76,944136,
76083,2,server2,0,988371,779.8,717,0.773099,1,1,239159,923775,548195,
77492,2,server2,0,989772,779.8,717,0.514856,2,1,252964,1061.38,979459,
78232,2,server2,0,992567,779.8,717,1.39385,2,2,287802,1274.5,881159,
73434,2,server2,1,804525,770.2,717,0.469382,2,1,234853,956634,580049,
73779,2,server2,1,804525,770.2,717,0.678929,2,1,233537,889876,494109,
76089,2,server2,1,804525,770.2,717,0.773099,1,1,239165,923775,548195,
77265,2,server2,2,770.2,763599,717,0.469382,2,1,238684,956634,580049,
77265,2,server2,2,770.2,763599,717,0.678929,2,1,237023,889876,494109,
77265,2,server2,2,770.2,763599,717,0.773099,1,1,240341,923775,548195,
73.16,2,server2,3,779.8,938941,717,0.470018,2,1,240314,962399,1052.99,
77475,2,server2,3,779.8,937735,717,0.514856,2,1,252947,1061.38,979459,
103967,2,server2,4,1201.86,779.8,717,0.514856,2,1,279439,1061.38,979459,
103967,2,server2,4,1201.86,779.8,717,1.39385,2,2,313537,1274.5,881159,
103967,2,server2,4,1201.86,779.8,717,1.78923,2,2,314909,1228.76,944136,
73427,2,server2,5,829549,770.2,717,0.469382,2,1,234846,956634,580049,
73767,2,server2,5,829549,770.2,717,0.678929,2,1,233525,889876,494109,
76109,2,server2,5,828197,770.2,717,0.773099,1,1,239185,923775,548195,
88597,2,server2,6,773.4,763599,717,0.469382,2,1,250016,956634,580049,
88597,2,server2,6,773.4,763599,717,0.678929,2,1,248355,889876,494109,
88597,2,server2,6,773.4,763599,717,0.773099,1,1,251673,923775,548195,
103237,2,server2,6,773.4,820275,717,0.470018,2,1,270391,962399,1052.99,
104913,2,server2,6,773.4,895.47,717,0.514856,2,1,280385,1061.38,979459,
73.42,2,server2,8,931699,776.6,717,0.469382,2,1,234839,956634,580049,
73765,2,server2,8,931699,776.6,717,0.678929,2,1,233523,889876,494109,
76467,2,server2,8,981059,776.6,717,1.78923,2,2,287409,1228.76,944136,
77479,2,server2,8,1032.04,779.8,717,0.514856,2,1,252951,1061.38,979459,
86176,2,server2,8,1106.05,779.8,717,1.95987,2,0,230702,1141.76,481983,
73157,2,server2,9,913702,770.2,717,0.470018,2,1,240311,962399,1052.99,
73432,2,server2,9,913702,770.2,717,0.469382,2,1,234851,956634,580049,
73762,2,server2,9,913702,770.2,717,0.678929,2,1,233.52,889876,494109,
76077,2,server2,9,908979,770.2,717,0.773099,1,1,239153,923775,548195,
77492,2,server2,9,908979,770.2,717,0.514856,2,1,252964,1061.38,979459,
73177,2,server2,11,779.8,947902,717,0.470018,2,1,240331,962399,1052.99,
77517,2,server2,11,779.8,947902,717,0.514856,2,1,252989,1061.38,979459,
92096,2,server2,12,1104.08,779.8,717,0.469382,2,1,253515,956634,580049,
92096,2,server2,12,1104.08,779.8,717,0.514856,2,1,267568,1061.38,979459,
92096,2,server2,12,1104.08,779.8,717,0.773099,1,1,255172,923775,548195,
92096,2,server2,12,1104.08,779.8,717,1.39385,2,2,301666,1274.5,881159,
92096,2,server2,12,1104.08,779.8,717,1.78923,2,2,303038,1228.76,944136,
100844,2,server2,12,1106.9,779.8,717,1.95987,2,0,245.37,1141.76,481983,
73.45,2,server2,13,1105.07,770.2,717,0.469382,2,1,234869,956634,580049,
73545,2,server2,13,1105.07,770.2,717,1.95987,2,0,218071,1141.76,481983,
76085,2,server2,13,1082.88,770.2,717,0.773099,1,1,239161,923775,548195,
76.59,2,server2,13,1082.88,770.2,717,1.39385,2,2,286.16,1274.5,881159,
77485,2,server2,13,1082.88,770.2,717,0.514856,2,1,252957,1061.38,979459,
97662,2,server2,13,1061.77,770.2,717,0.470018,2,1,264816,962399,1052.99,
73161,2,server2,15,779.8,891131,717,0.470018,2,1,240315,962399,1052.99,
77494,2,server2,15,779.8,889853,717,0.514856,2,1,252966,1061.38,979459,
76394,2,server2,16,860763,776.6,717,0.469382,2,1,237813,956634,580049,
76394,2,server2,16,860763,776.6,717,0.470018,2,1,243548,962399,1052.99,
76394,2,server2,16,860763,776.6,717,0.678929,2,1,236152,889876,494109,
76394,2,server2,16,860763,776.6,717,0.773099,1,1,239.47,923775,548195,
77473,2,server2,16,865011,776.6,717,0.514856,2,1,252945,1061.38,979459,
92992,2,server2,16,981115,776.6,717,1.78923,2,2,303934,1228.76,944136,
93392,2,server2,16,994591,776.6,717,1.39385,2,2,302962,1274.5,881159,
102496,2,server2,16,1085.83,776.6,717,1.95987,2,0,247022,1141.76,481983,
73164,2,server2,19,776.6,862.14,717,0.470018,2,1,240318,962399,1052.99,
99052,2,server2,20,983173,779.8,717,0.469382,2,1,260471,956634,580049,
99052,2,server2,20,983173,779.8,717,0.470018,2,1,266206,962399,1052.99,
99052,2,server2,20,983173,779.8,717,0.514856,2,1,274524,1061.38,979459,
99052,2,server2,20,983173,779.8,717,0.773099,1,1,262128,923775,548195,
99052,2,server2,20,983173,779.8,717,1.78923,2,2,309994,1228.76,944136,
73944,2,server2,21,1409.16,770.2,717,1.78923,2,2,284886,1228.76,944136,
76578,2,server2,21,1404.12,770.2,717,1.39385,2,2,286148,1274.5,881159,
79292,2,server2,23,779.8,896543,717,0.470018,2,1,246446,962399,1052.99,
79292,2,server2,23,779.8,896543,717,0.514856,2,1,254764,1061.38,979459,
79375,2,server2,23,779.8,821803,717,0.469382,2,1,240794,956634,580049,
79687,2,server2,23,779.8,811389,717,0.773099,1,1,242763,923775,548195,
85324,2,server2,24,895709,779.8,717,0.469382,2,1,246743,956634,580049,
85324,2,server2,24,895709,779.8,717,0.470018,2,1,252478,962399,1052.99,
85324,2,server2,24,895709,779.8,717,0.514856,2,1,260796,1061.38,979459,
85324,2,server2,24,895709,779.8,717,0.678929,2,1,245082,889876,494109,
85324,2,server2,24,895709,779.8,717,0.773099,1,1,248.4,923775,548195,
96884,2,server2,24,978924,779.8,717,1.78923,2,2,307826,1228.76,944136,
98949,2,server2,24,992556,779.8,717,1.39385,2,2,308519,1274.5,881159,
73163,2,server2,27,776.6,904708,717,0.470018,2,1,240317,962399,1052.99,
77.48,2,server2,27,776.6,893959,717,0.514856,2,1,252952,1061.38,979459,
82219,2,server2,27,776.6,819733,717,0.469382,2,1,243638,956634,580049,
82223,2,server2,27,776.6,809563,717,0.773099,1,1,245299,923775,548195,
95241,2,server2,28,1014.17,779.8,717,0.469382,2,1,256.66,956634,580049,
95241,2,server2,28,1014.17,779.8,717,0.470018,2,1,262395,962399,1052.99,
95241,2,server2,28,1014.17,779.8,717,0.514856,2,1,270713,1061.38,979459,
95241,2,server2,28,1014.17,779.8,717,0.773099,1,1,258317,923775,548195,
95241,2,server2,28,1014.17,779.8,717,1.39385,2,2,304811,1274.5,881159,
95241,2,server2,28,1014.17,779.8,717,1.78923,2,2,306183,1228.76,944136,
73545,2,server2,29,1083.11,773.4,717,1.95987,2,0,218071,1141.76,481983,
73945,2,server2,29,1083.11,773.4,717,1.78923,2,2,284887,1228.76,944136,
75457,2,server2,29,1070.99,773.4,717,0.470018,2,1,242611,962399,1052.99,
76086,2,server2,29,1045.21,773.4,717,0.773099,1,1,239162,923775,548195,
76571,2,server2,29,1045.21,773.4,717,1.39385,2,2,286141,1274.5,881159,
77476,2,server2,29,1045.21,773.4,717,0.514856,2,1,252948,1061.38,979459,
78573,2,server2,29,998096,773.4,717,0.678929,2,1,238331,889876,494109,
73945,2,server2,0,982788,779.8,718,2.31324,1,2,284887,867253,504144,
76083,2,server2,0,988371,779.8,718,1.21236,2,1,239162,1140.78,899655,
77492,2,server2,0,989772,779.8,718,0.511106,2,1,252964,856223,997.37,
73969,2,server2,1,804525,770.2,718,2.31324,1,2,284911,867253,504144,
76404,2,server2,1,804525,770.2,718,0.624093,2,1,249798,690559,921715,
77508,2,server2,1,791567,770.2,718,0.511106,2,1,252.98,856223,997.37,
77508,2,server2,1,791567,770.2,718,0.782933,2,1,252999,764073,1061.14,
77265,2,server2,2,770.2,763599,718,0.624093,2,1,250659,690559,921715,
77265,2,server2,2,770.2,763599,718,1.26318,2,1,243919,559.55,958466,
77265,2,server2,2,770.2,763599,718,2.31324,1,2,288207,867253,504144,
76395,2,server2,3,779.8,937735,718,0.624093,2,1,249789,690559,921715,
76.66,2,server2,3,779.8,937735,718,1.26318,2,1,243314,559.55,958466,
77475,2,server2,3,779.8,937735,718,0.511106,2,1,252947,856223,997.37,
77.5,2,server2,3,779.8,937735,718,0.782933,2,1,252991,764073,1061.14,
103967,2,server2,4,1201.86,779.8,718,1.21236,2,1,267046,1140.78,899655,
73949,2,server2,5,829549,770.2,718,2.31324,1,2,284891,867253,504144,
76414,2,server2,5,828197,770.2,718,0.624093,2,1,249808,690559,921715,
77474,2,server2,5,828197,770.2,718,0.511106,2,1,252946,856223,997.37,
77499,2,server2,5,828197,770.2,718,0.782933,2,1,252.99,764073,1061.14,
88597,2,server2,6,773.4,763599,718,0.511106,2,1,264069,856223,997.37,
88597,2,server2,6,773.4,763599,718,0.624093,2,1,261991,690559,921715,
88597,2,server2,6,773.4,763599,718,0.782933,2,1,264088,764073,1061.14,
88597,2,server2,6,773.4,763599,718,1.26318,2,1,255251,559.55,958466,
88597,2,server2,6,773.4,763599,718,2.31324,1,2,299539,867253,504144,
73945,2,server2,8,931699,776.6,718,2.31324,1,2,284887,867253,504144,
77479,2,server2,8,1032.04,779.8,718,0.511106,2,1,252951,856223,997.37,
73947,2,server2,9,913702,770.2,718,2.31324,1,2,284889,867253,504144,
76097,2,server2,9,908979,770.2,718,1.21236,2,1,239176,1140.78,899655,
76422,2,server2,9,908979,770.2,718,0.624093,2,1,249816,690559,921715,
77492,2,server2,9,908979,770.2,718,0.511106,2,1,252964,856223,997.37,
76402,2,server2,11,779.8,947902,718,0.624093,2,1,249796,690559,921715,
76677,2,server2,11,779.8,947902,718,1.26318,2,1,243331,559.55,958466,
77517,2,server2,11,779.8,947902,718,0.511106,2,1,252989,856223,997.37,
77517,2,server2,11,779.8,947902,718,0.782933,2,1,253008,764073,1061.14,
92096,2,server2,12,1104.08,779.8,718,1.21236,2,1,255175,1140.78,899655,
76085,2,server2,13,1082.88,770.2,718,1.21236,2,1,239164,1140.78,899655,
97669,2,server2,13,1051.19,770.2,718,0.511106,2,1,273141,856223,997.37,
76404,2,server2,15,779.8,889853,718,0.624093,2,1,249798,690559,921715,
76664,2,server2,15,779.8,889853,718,1.26318,2,1,243318,559.55,958466,
77494,2,server2,15,779.8,889853,718,0.511106,2,1,252966,856223,997.37,
77494,2,server2,15,779.8,889853,718,0.782933,2,1,252985,764073,1061.14,
76394,2,server2,16,860763,776.6,718,2.31324,1,2,287336,867253,504144,
77473,2,server2,16,865011,776.6,718,0.511106,2,1,252945,856223,997.37,
80651,2,server2,16,867849,776.6,718,1.21236,2,1,243.73,1140.78,899655,
76409,2,server2,19,776.6,862.14,718,0.624093,2,1,249803,690559,921715,
76669,2,server2,19,776.6,862.14,718,1.26318,2,1,243323,559.55,958466,
77489,2,server2,19,776.6,862.14,718,0.511106,2,1,252961,856223,997.37,
77509,2,server2,19,776.6,862.14,718,0.782933,2,1,253,764073,1061.14,
99052,2,server2,20,983173,779.8,718,0.511106,2,1,274524,856223,997.37,
99052,2,server2,20,983173,779.8,718,1.21236,2,1,262131,1140.78,899655,
99052,2,server2,20,983173,779.8,718,2.31324,1,2,309994,867253,504144,
76123,2,server2,21,1404.12,770.2,718,1.21236,2,1,239202,1140.78,899655,
79292,2,server2,23,779.8,896543,718,0.511106,2,1,254764,856223,997.37,
79292,2,server2,23,779.8,896543,718,0.624093,2,1,252686,690559,921715,
79292,2,server2,23,779.8,896543,718,0.782933,2,1,254783,764073,1061.14,
79292,2,server2,23,779.8,896543,718,1.26318,2,1,245946,559.55,958466,
85324,2,server2,24,895709,779.8,718,0.511106,2,1,260796,856223,997.37,
85324,2,server2,24,895709,779.8,718,0.624093,2,1,258718,690559,921715,
85324,2,server2,24,895709,779.8,718,1.21236,2,1,248403,1140.78,899655,
85324,2,server2,24,895709,779.8,718,2.31324,1,2,296266,867253,504144,
76.42,2,server2,27,776.6,893959,718,0.624093,2,1,249814,690559,921715,
76.67,2,server2,27,776.6,893959,718,1.26318,2,1,243324,559.55,958466,
77.48,2,server2,27,776.6,893959,718,0.511106,2,1,252952,856223,997.37,
77.5,2,server2,27,776.6,893959,718,0.782933,2,1,252991,764073,1061.14,
95241,2,server2,28,1014.17,779.8,718,0.511106,2,1,270713,856223,997.37,
95241,2,server2,28,1014.17,779.8,718,1.21236,2,1,258.32,1140.78,899655,
76086,2,server2,29,1045.21,773.4,718,1.21236,2,1,239165,1140.78,899655,
77476,2,server2,29,1045.21,773.4,718,0.511106,2,1,252948,856223,997.37,
78573,2,server2,29,999471,773.4,718,2.31324,1,2,289515,867253,504144,
83263,2,server2,29,950142,773.4,718,0.624093,2,1,256657,690559,921715,
76163,2,server2,0,988371,779.8,719,1.37949,2,2,295307,751648,769614,
76873,2,server2,0,988371,779.8,719,0.757627,2,2,308694,1081.3,963951,
94552,2,server2,0,1048.33,779.8,719,0.751598,1,2,319593,1347.26,768166,
76159,2,server2,1,804525,770.2,719,1.37949,2,2,295303,751648,769614,
77508,2,server2,1,791567,770.2,719,0.806404,2,1,256999,513632,864501,
77265,2,server2,2,770.2,763599,719,1.37949,2,2,296409,751648,769614,
77265,2,server2,2,770.2,763599,719,1.52358,2,1,243946,589301,798747,
76145,2,server2,3,779.8,938941,719,1.37949,2,2,295289,751648,769614,
76.69,2,server2,3,779.8,937735,719,1.52358,2,1,243371,589301,798747,
77.5,2,server2,3,779.8,937735,719,0.806404,2,1,256991,513632,864501,
103967,2,server2,4,1201.86,779.8,719,0.751598,1,2,329008,1347.26,768166,
103967,2,server2,4,1201.86,779.8,719,0.757627,2,2,335788,1081.3,963951,
76199,2,server2,5,828197,770.2,719,1.37949,2,2,295343,751648,769614,
76689,2,server2,5,828197,770.2,719,1.52358,2,1,243.37,589301,798747,
88597,2,server2,6,773.4,763599,719,0.806404,2,1,268088,513632,864501,
88597,2,server2,6,773.4,763599,719,1.37949,2,2,307741,751648,769614,
88597,2,server2,6,773.4,763599,719,1.52358,2,1,255278,589301,798747,
80225,2,server2,8,1048.49,779.8,719,0.751598,1,2,305266,1347.26,768166,
76147,2,server2,9,908979,770.2,719,1.37949,2,2,295291,751648,769614,
76822,2,server2,9,908979,770.2,719,0.757627,2,2,308643,1081.3,963951,
86092,2,server2,9,887732,770.2,719,1.52358,2,1,252773,589301,798747,
76192,2,server2,11,779.8,947902,719,1.37949,2,2,295336,751648,769614,
76747,2,server2,11,779.8,947902,719,1.52358,2,1,243428,589301,798747,
77517,2,server2,11,779.8,947902,719,0.806404,2,1,257008,513632,864501,
92096,2,server2,12,1104.08,779.8,719,0.751598,1,2,317137,1347.26,768166,
92096,2,server2,12,1104.08,779.8,719,0.757627,2,2,323917,1081.3,963951,
74045,2,server2,13,1096.62,770.2,719,0.751598,1,2,299086,1347.26,768166,
76.84,2,server2,13,1082.88,770.2,719,0.757627,2,2,308661,1081.3,963951,
97669,2,server2,13,1051.19,770.2,719,1.37949,2,2,316813,751648,769614,
76154,2,server2,15,779.8,889853,719,1.37949,2,2,295298,751648,769614,
76694,2,server2,15,779.8,889853,719,1.52358,2,1,243375,589301,798747,
77494,2,server2,15,779.8,889853,719,0.806404,2,1,256985,513632,864501,
76394,2,server2,16,860763,776.6,719,1.37949,2,2,295538,751648,769614,
76688,2,server2,16,862178,776.6,719,1.52358,2,1,243369,589301,798747,
76823,2,server2,16,862178,776.6,719,0.757627,2,2,308644,1081.3,963951,
100637,2,server2,16,1048.45,776.6,719,0.751598,1,2,325678,1347.26,768166,
76154,2,server2,19,776.6,862.14,719,1.37949,2,2,295298,751648,769614,
76689,2,server2,19,776.6,862.14,719,1.52358,2,1,243.37,589301,798747,
77509,2,server2,19,776.6,862.14,719,0.806404,2,1,257,513632,864501,
99052,2,server2,20,983173,779.8,719,0.757627,2,2,330873,1081.3,963951,
99052,2,server2,20,983173,779.8,719,1.37949,2,2,318196,751648,769614,
74054,2,server2,21,1409.16,770.2,719,0.751598,1,2,299095,1347.26,768166,
79292,2,server2,23,779.8,896543,719,0.806404,2,1,258783,513632,864501,
79292,2,server2,23,779.8,896543,719,1.37949,2,2,298436,751648,769614,
79292,2,server2,23,779.8,896543,719,1.52358,2,1,245973,589301,798747,
85324,2,server2,24,895709,779.8,719,0.757627,2,2,317145,1081.3,963951,
85324,2,server2,24,895709,779.8,719,1.37949,2,2,304468,751648,769614,
105365,2,server2,24,1048.5,779.8,719,0.751598,1,2,330406,1347.26,768166,
76.15,2,server2,27,776.6,893959,719,1.37949,2,2,295294,751648,769614,
76.69,2,server2,27,776.6,893959,719,1.52358,2,1,243371,589301,798747,
77.5,2,server2,27,776.6,893959,719,0.806404,2,1,256991,513632,864501,
95241,2,server2,28,1014.17,779.8,719,0.757627,2,2,327062,1081.3,963951,
95241,2,server2,28,1014.17,779.8,719,1.37949,2,2,314385,751648,769614,
76161,2,server2,29,1045.21,773.4,719,1.37949,2,2,295305,751648,769614,
76836,2,server2,29,1045.21,773.4,719,0.757627,2,2,308657,1081.3,963951,
99122,2,server2,29,887246,773.4,719,1.52358,2,1,265803,589301,798747,
74.23,2,server2,0,982788,779.8,720,0.56915,2,1,242431,999.92,848737,
76873,2,server2,0,988371,779.8,720,0.576606,2,2,308694,849755,567368,
77492,2,server2,0,989772,779.8,720,1.01757,2,1,242983,800723,785833,
82977,2,server2,0,1016.25,779.8,720,1.5075,2,2,291.88,1314.75,751008,
74219,2,server2,1,804525,770.2,720,0.56915,2,1,242.42,999.92,848737,
76833,2,server2,1,791567,770.2,720,0.576606,2,2,308654,849755,567368,
77508,2,server2,1,791567,770.2,720,1.01757,2,1,242999,800723,785833,
77265,2,server2,2,770.2,763599,720,0.56915,2,1,245466,999.92,848737,
77265,2,server2,2,770.2,763599,720,0.576606,2,2,309086,849755,567368,
74.21,2,server2,3,779.8,938941,720,0.56915,2,1,242411,999.92,848737,
77.5,2,server2,3,779.8,937735,720,1.01757,2,1,242991,800723,785833,
106289,2,server2,3,779.8,858035,720,0.576606,2,2,338.11,849755,567368,
103967,2,server2,4,1201.86,779.8,720,0.56915,2,1,272168,999.92,848737,
103967,2,server2,4,1201.86,779.8,720,1.5075,2,2,312.87,1314.75,751008,
74204,2,server2,5,829549,770.2,720,0.56915,2,1,242405,999.92,848737,
76829,2,server2,5,828197,770.2,720,0.576606,2,2,308.65,849755,567368,
77499,2,server2,5,828197,770.2,720,1.01757,2,1,242.99,800723,785833,
88597,2,server2,6,773.4,763599,720,0.56915,2,1,256798,999.92,848737,
88597,2,server2,6,773.4,763599,720,0.576606,2,2,320418,849755,567368,
88597,2,server2,6,773.4,763599,720,1.01757,2,1,254088,800723,785833,
77491,2,server2,8,1032.04,779.8,720,1.01757,2,1,242982,800723,785833,
74202,2,server2,9,913702,770.2,720,0.56915,2,1,242403,999.92,848737,
76822,2,server2,9,908979,770.2,720,0.576606,2,2,308643,849755,567368,
77492,2,server2,9,908979,770.2,720,1.01757,2,1,242983,800723,785833,
74247,2,server2,11,779.8,947902,720,0.56915,2,1,242448,999.92,848737,
77517,2,server2,11,779.8,947902,720,1.01757,2,1,243008,800723,785833,
95.7,2,server2,11,779.8,858836,720,0.576606,2,2,327521,849755,567368,
92096,2,server2,12,1104.08,779.8,720,0.56915,2,1,260297,999.92,848737,
92096,2,server2,12,1104.08,779.8,720,1.5075,2,2,300999,1314.75,751008,
74206,2,server2,13,1096.62,770.2,720,0.56915,2,1,242407,999.92,848737,
76.95,2,server2,13,1082.88,770.2,720,1.5075,2,2,285853,1314.75,751008,
77.5,2,server2,13,1082.88,770.2,720,1.01757,2,1,242991,800723,785833,
97639,2,server2,13,1070.21,770.2,720,0.576606,2,2,329.46,849755,567368,
74209,2,server2,15,779.8,889853,720,0.56915,2,1,242.41,999.92,848737,
77494,2,server2,15,779.8,889853,720,1.01757,2,1,242985,800723,785833,
76394,2,server2,16,860763,776.6,720,0.56915,2,1,244595,999.92,848737,
76823,2,server2,16,862178,776.6,720,0.576606,2,2,308644,849755,567368,
77493,2,server2,16,865011,776.6,720,1.01757,2,1,242984,800723,785833,
93395,2,server2,16,1017.03,776.6,720,1.5075,2,2,302298,1314.75,751008,
74219,2,server2,19,776.6,862.14,720,0.56915,2,1,242.42,999.92,848737,
77509,2,server2,19,776.6,862.14,720,1.01757,2,1,243,800723,785833,
90973,2,server2,19,776.6,857682,720,0.576606,2,2,322794,849755,567368,
99052,2,server2,20,983173,779.8,720,0.56915,2,1,267253,999.92,848737,
99052,2,server2,20,983173,779.8,720,0.576606,2,2,330873,849755,567368,
99052,2,server2,20,983173,779.8,720,1.01757,2,1,264543,800723,785833,
76923,2,server2,21,1404.12,770.2,720,1.5075,2,2,285826,1314.75,751008,
79292,2,server2,23,779.8,896543,720,0.56915,2,1,247493,999.92,848737,
79292,2,server2,23,779.8,896543,720,1.01757,2,1,244783,800723,785833,
79.33,2,server2,23,779.8,858908,720,0.576606,2,2,311151,849755,567368,
85324,2,server2,24,895709,779.8,720,0.56915,2,1,253525,999.92,848737,
85324,2,server2,24,895709,779.8,720,0.576606,2,2,317145,849755,567368,
85324,2,server2,24,895709,779.8,720,1.01757,2,1,250815,800723,785833,
100064,2,server2,24,1016.74,779.8,720,1.5075,2,2,308967,1314.75,751008,
74208,2,server2,27,776.6,904708,720,0.56915,2,1,242409,999.92,848737,
77.5,2,server2,27,776.6,893959,720,1.01757,2,1,242991,800723,785833,
82021,2,server2,27,776.6,857089,720,0.576606,2,2,313842,849755,567368,
95241,2,server2,28,1014.17,779.8,720,0.56915,2,1,263442,999.92,848737,
95241,2,server2,28,1014.17,779.8,720,0.576606,2,2,327062,849755,567368,
95241,2,server2,28,1014.17,779.8,720,1.01757,2,1,260732,800723,785833,
97277,2,server2,28,1017.3,779.8,720,1.5075,2,2,306.18,1314.75,751008,
74204,2,server2,29,1074.02,773.4,720,0.56915,2,1,242405,999.92,848737,
76836,2,server2,29,1045.21,773.4,720,0.576606,2,2,308657,849755,567368,
76906,2,server2,29,1045.21,773.4,720,1.5075,2,2,285809,1314.75,751008,
77496,2,server2,29,1045.21,773.4,720,1.01757,2,1,242987,800723,785833,
77285,2,server2,0,988371,779.8,721,0.508837,2,1,256.55,834804,941768,
77273,2,server2,1,791567,770.2,721,0.508837,2,1,256538,834804,941768,
77508,2,server2,1,791567,770.2,721,1.2783,2,1,229999,632811,815601,
77.27,2,server2,3,779.8,937735,721,0.508837,2,1,256535,834804,941768,
77.5,2,server2,3,779.8,937735,721,1.2783,2,1,229991,632811,815601,
77269,2,server2,5,828197,770.2,721,0.508837,2,1,256534,834804,941768,
77499,2,server2,5,828197,770.2,721,1.2783,2,1,229.99,632811,815601,
88597,2,server2,6,773.4,763599,721,0.508837,2,1,267862,834804,941768,
88597,2,server2,6,773.4,763599,721,1.2783,2,1,241088,632811,815601,
77265,2,server2,8,1028.76,779.8,721,0.508837,2,1,256.53,834804,941768,
77277,2,server2,9,908979,770.2,721,0.508837,2,1,256542,834804,941768,
77492,2,server2,9,908979,770.2,721,1.2783,2,1,229983,632811,815601,
77267,2,server2,11,779.8,947902,721,0.508837,2,1,256532,834804,941768,
77517,2,server2,11,779.8,947902,721,1.2783,2,1,230008,632811,815601,
93585,2,server2,13,1080.76,770.2,721,0.508837,2,1,272.85,834804,941768,
77269,2,server2,15,779.8,889853,721,0.508837,2,1,256534,834804,941768,
77494,2,server2,15,779.8,889853,721,1.2783,2,1,229985,632811,815601,
77283,2,server2,16,865011,776.6,721,0.508837,2,1,256548,834804,941768,
77493,2,server2,16,865011,776.6,721,1.2783,2,1,229984,632811,815601,
77284,2,server2,19,776.6,862.14,721,0.508837,2,1,256549,834804,941768,
77509,2,server2,19,776.6,862.14,721,1.2783,2,1,230,632811,815601,
99052,2,server2,20,983173,779.8,721,0.508837,2,1,278317,834804,941768,
79292,2,server2,23,779.8,896543,721,0.508837,2,1,258557,834804,941768,
79292,2,server2,23,779.8,896543,721,1.2783,2,1,231783,632811,815601,
85324,2,server2,24,895709,779.8,721,0.508837,2,1,264589,834804,941768,
85324,2,server2,24,895709,779.8,721,1.2783,2,1,237815,632811,815601,
77265,2,server2,27,776.6,893959,721,0.508837,2,1,256.53,834804,941768,
77.5,2,server2,27,776.6,893959,721,1.2783,2,1,229991,632811,815601,
95241,2,server2,28,1014.17,779.8,721,0.508837,2,1,274506,834804,941768,
77271,2,server2,29,1045.21,773.4,721,0.508837,2,1,256536,834804,941768,
83266,2,server2,29,926.86,773.4,721,1.2783,2,1,235757,632811,815601,
77492,2,server2,0,989772,779.8,722,1.3197,2,1,250983,1013.07,629164,
77508,2,server2,1,791567,770.2,722,1.3197,2,1,250999,1013.07,629164,
103967,2,server2,4,1201.86,779.8,722,1.3197,2,1,277458,1013.07,629164,
77499,2,server2,5,828197,770.2,722,1.3197,2,1,250.99,1013.07,629164,
88597,2,server2,6,773.4,763599,722,1.3197,2,1,262088,1013.07,629164,
77491,2,server2,8,1032.04,779.8,722,1.3197,2,1,250982,1013.07,629164,
77492,2,server2,9,908979,770.2,722,1.3197,2,1,250983,1013.07,629164,
92096,2,server2,12,1104.08,779.8,722,1.3197,2,1,265587,1013.07,629164,
77.5,2,server2,13,1082.88,770.2,722,1.3197,2,1,250991,1013.07,629164,
77493,2,server2,16,865011,776.6,722,1.3197,2,1,250984,1013.07,629164,
99052,2,server2,20,983173,779.8,722,1.3197,2,1,272543,1013.07,629164,
79392,2,server2,23,779.8,817475,722,1.3197,2,1,252883,1013.07,629164,
85324,2,server2,24,895709,779.8,722,1.3197,2,1,258815,1013.07,629164,
82.22,2,server2,27,776.6,813252,722,1.3197,2,1,255711,1013.07,629164,
95241,2,server2,28,1014.17,779.8,722,1.3197,2,1,268732,1013.07,629164,
77496,2,server2,29,1045.21,773.4,722,1.3197,2,1,250987,1013.07,629164,
77508,2,server2,1,791567,770.2,723,1.39578,2,1,246999,640735,979914,
77.5,2,server2,3,779.8,937735,723,1.39578,2,1,246991,640735,979914,
77499,2,server2,5,828197,770.2,723,1.39578,2,1,246.99,640735,979914,
88597,2,server2,6,773.4,763599,723,1.39578,2,1,258088,640735,979914,
94767,2,server2,9,854694,770.2,723,1.39578,2,1,264258,640735,979914,
77517,2,server2,11,779.8,947902,723,1.39578,2,1,247008,640735,979914,
77494,2,server2,15,779.8,889853,723,1.39578,2,1,246985,640735,979914,
77509,2,server2,19,776.6,862.14,723,1.39578,2,1,247,640735,979914,
79292,2,server2,23,779.8,896543,723,1.39578,2,1,248783,640735,979914,
77.5,2,server2,27,776.6,893959,723,1.39578,2,1,246991,640735,979914,
103496,2,server2,29,856872,773.4,723,1.39578,2,1,272987,640735,979914,
77508,2,server2,1,791567,770.2,724,1.67684,2,1,242999,636199,546539,
77499,2,server2,5,828197,770.2,724,1.67684,2,1,242.99,636199,546539,
88597,2,server2,6,773.4,763599,724,1.67684,2,1,254088,636199,546539,
80653,2,server2,23,779.8,809928,724,1.67684,2,1,246144,636199,546539,
82221,2,server2,27,776.6,811281,724,1.67684,2,1,247712,636199,546539,
77508,2,server2,1,791567,770.2,725,1.84354,2,1,251999,771537,1025.2,
77.5,2,server2,3,779.8,937735,725,1.84354,2,1,251991,771537,1025.2,
77499,2,server2,5,828197,770.2,725,1.84354,2,1,251.99,771537,1025.2,
88597,2,server2,6,773.4,763599,725,1.84354,2,1,263088,771537,1025.2,
77492,2,server2,9,908979,770.2,725,1.84354,2,1,251983,771537,1025.2,
77517,2,server2,11,779.8,947902,725,1.84354,2,1,252008,771537,1025.2,
77494,2,server2,15,779.8,889853,725,1.84354,2,1,251985,771537,1025.2,
77493,2,server2,16,865011,776.6,725,1.84354,2,1,251984,771537,1025.2,
77509,2,server2,19,776.6,862.14,725,1.84354,2,1,252,771537,1025.2,
79292,2,server2,23,779.8,896543,725,1.84354,2,1,253783,771537,1025.2,
85324,2,server2,24,895709,779.8,725,1.84354,2,1,259815,771537,1025.2,
77.5,2,server2,27,776.6,893959,725,1.84354,2,1,251991,771537,1025.2,
83266,2,server2,29,934591,773.4,725,1.84354,2,1,257757,771537,1025.2,
77508,2,server2,1,791567,770.2,726,2.1368,2,1,229999,660772,786.69,
77.5,2,server2,3,779.8,937735,726,2.1368,2,1,229991,660772,786.69,
77499,2,server2,5,828197,770.2,726,2.1368,2,1,229.99,660772,786.69,
88597,2,server2,6,773.4,763599,726,2.1368,2,1,241088,660772,786.69,
77492,2,server2,9,908979,770.2,726,2.1368,2,1,229983,660772,786.69,
77517,2,server2,11,779.8,947902,726,2.1368,2,1,230008,660772,786.69,
77494,2,server2,15,779.8,889853,726,2.1368,2,1,229985,660772,786.69,
77493,2,server2,16,865011,776.6,726,2.1368,2,1,229984,660772,786.69,
77509,2,server2,19,776.6,862.14,726,2.1368,2,1,230,660772,786.69,
79292,2,server2,23,779.8,896543,726,2.1368,2,1,231783,660772,786.69,
85324,2,server2,24,895709,779.8,726,2.1368,2,1,237815,660772,786.69,
77.5,2,server2,27,776.6,893959,726,2.1368,2,1,229991,660772,786.69,
83262,2,server2,29,959315,773.4,726,2.1368,2,1,235753,660772,786.69,
77508,2,server2,1,791567,770.2,727,0.434748,2,2,308,709364,974551,
77.5,2,server2,3,779.8,937735,727,0.434748,2,2,307992,709364,974551,
77499,2,server2,5,828197,770.2,727,0.434748,2,2,307991,709364,974551,
88597,2,server2,6,773.4,763599,727,0.434748,2,2,319089,709364,974551,
77492,2,server2,9,908979,770.2,727,0.434748,2,2,307984,709364,974551,
77517,2,server2,11,779.8,947902,727,0.434748,2,2,308009,709364,974551,
77494,2,server2,15,779.8,889853,727,0.434748,2,2,307986,709364,974551,
77493,2,server2,16,865011,776.6,727,0.434748,2,2,307985,709364,974551,
77509,2,server2,19,776.6,862.14,727,0.434748,2,2,308001,709364,974551,
79292,2,server2,23,779.8,896543,727,0.434748,2,2,309784,709364,974551,
85324,2,server2,24,895709,779.8,727,0.434748,2,2,315816,709364,974551,
77.5,2,server2,27,776.6,893959,727,0.434748,2,2,307992,709364,974551,
83266,2,server2,29,926.86,773.4,727,0.434748,2,2,313758,709364,974551,
77517,2,server2,0,989772,779.8,728,0.454344,2,2,293009,903989,494505,
77508,2,server2,1,791567,770.2,728,0.454344,2,2,293,903989,494505,
77499,2,server2,5,828197,770.2,728,0.454344,2,2,292991,903989,494505,
88597,2,server2,6,773.4,763599,728,0.454344,2,2,304089,903989,494505,
77492,2,server2,9,908979,770.2,728,0.454344,2,2,292984,903989,494505,
77493,2,server2,16,865011,776.6,728,0.454344,2,2,292985,903989,494505,
99052,2,server2,20,983173,779.8,728,0.454344,2,2,314544,903989,494505,
85324,2,server2,24,895709,779.8,728,0.454344,2,2,300816,903989,494505,
78573,2,server2,29,1013.34,773.4,728,0.454344,2,2,294065,903989,494505,
77517,2,server2,0,989772,779.8,729,0.457925,2,2,308009,924762,697.56,
77508,2,server2,1,791567,770.2,729,0.457925,2,2,308,924762,697.56,
77.5,2,server2,3,779.8,937735,729,0.457925,2,2,307992,924762,697.56,
103967,2,server2,4,1201.86,779.8,729,0.457925,2,2,334459,924762,697.56,
77499,2,server2,5,828197,770.2,729,0.457925,2,2,307991,924762,697.56,
88597,2,server2,6,773.4,763599,729,0.457925,2,2,319089,924762,697.56,
77502,2,server2,8,1032.04,779.8,729,0.457925,2,2,307994,924762,697.56,
77492,2,server2,9,908979,770.2,729,0.457925,2,2,307984,924762,697.56,
77517,2,server2,11,779.8,947902,729,0.457925,2,2,308009,924762,697.56,
92096,2,server2,12,1104.08,779.8,729,0.457925,2,2,322588,924762,697.56,
77.5,2,server2,13,1082.88,770.2,729,0.457925,2,2,307992,924762,697.56,
77494,2,server2,15,779.8,889853,729,0.457925,2,2,307986,924762,697.56,
77493,2,server2,16,865011,776.6,729,0.457925,2,2,307985,924762,697.56,
77509,2,server2,19,776.6,862.14,729,0.457925,2,2,308001,924762,697.56,
99052,2,server2,20,983173,779.8,729,0.457925,2,2,329544,924762,697.56,
79292,2,server2,23,779.8,896543,729,0.457925,2,2,309784,924762,697.56,
85324,2,server2,24,895709,779.8,729,0.457925,2,2,315816,924762,697.56,
77.5,2,server2,27,776.6,893959,729,0.457925,2,2,307992,924762,697.56,
95241,2,server2,28,1014.17,779.8,729,0.457925,2,2,325733,924762,697.56,
77496,2,server2,29,1045.21,773.4,729,0.457925,2,2,307988,924762,697.56,
77517,2,server2,0,989772,779.8,730,0.479852,2,2,293009,1040.88,708385,
77508,2,server2,1,791567,770.2,730,0.479852,2,2,293,1040.88,708385,
106289,2,server2,3,779.8,855614,730,0.479852,2,2,321781,1040.88,708385,
103967,2,server2,4,1201.86,779.8,730,0.479852,2,2,319459,1040.88,708385,
77499,2,server2,5,828197,770.2,730,0.479852,2,2,292991,1040.88,708385,
88597,2,server2,6,773.4,763599,730,0.479852,2,2,304089,1040.88,708385,
77502,2,server2,8,1032.04,779.8,730,0.479852,2,2,292994,1040.88,708385,
77492,2,server2,9,908979,770.2,730,0.479852,2,2,292984,1040.88,708385,
95703,2,server2,11,779.8,854907,730,0.479852,2,2,311195,1040.88,708385,
92096,2,server2,12,1104.08,779.8,730,0.479852,2,2,307588,1040.88,708385,
77.5,2,server2,13,1082.88,770.2,730,0.479852,2,2,292992,1040.88,708385,
77493,2,server2,16,865011,776.6,730,0.479852,2,2,292985,1040.88,708385,
91966,2,server2,19,776.6,850266,730,0.479852,2,2,307458,1040.88,708385,
99052,2,server2,20,983173,779.8,730,0.479852,2,2,314544,1040.88,708385,
79331,2,server2,23,779.8,856.13,730,0.479852,2,2,294823,1040.88,708385,
85324,2,server2,24,895709,779.8,730,0.479852,2,2,300816,1040.88,708385,
82102,2,server2,27,776.6,849411,730,0.479852,2,2,297594,1040.88,708385,
95241,2,server2,28,1014.17,779.8,730,0.479852,2,2,310733,1040.88,708385,
77496,2,server2,29,1045.21,773.4,730,0.479852,2,2,292988,1040.88,708385,
77517,2,server2,0,989772,779.8,731,0.52978,2,2,309009,712168,783559,
77508,2,server2,1,791567,770.2,731,0.52978,2,2,309,712168,783559,
77.5,2,server2,3,779.8,937735,731,0.52978,2,2,308992,712168,783559,
77499,2,server2,5,828197,770.2,731,0.52978,2,2,308991,712168,783559,
88597,2,server2,6,773.4,763599,731,0.52978,2,2,320089,712168,783559,
77492,2,server2,9,908979,770.2,731,0.52978,2,2,308984,712168,783559,
77517,2,server2,11,779.8,947902,731,0.52978,2,2,309009,712168,783559,
77494,2,server2,15,779.8,889853,731,0.52978,2,2,308986,712168,783559,
77493,2,server2,16,865011,776.6,731,0.52978,2,2,308985,712168,783559,
77509,2,server2,19,776.6,862.14,731,0.52978,2,2,309001,712168,783559,
99052,2,server2,20,983173,779.8,731,0.52978,2,2,330544,712168,783559,
79292,2,server2,23,779.8,896543,731,0.52978,2,2,310784,712168,783559,
85324,2,server2,24,895709,779.8,731,0.52978,2,2,316816,712168,783559,
77.5,2,server2,27,776.6,893959,731,0.52978,2,2,308992,712168,783559,
78573,2,server2,29,1011.94,773.4,731,0.52978,2,2,310065,712168,783559,
77517,2,server2,0,989772,779.8,732,1.1198,2,2,307009,881549,632995,
77508,2,server2,1,791567,770.2,732,1.1198,2,2,307,881549,632995,
97.4,2,server2,3,779.8,914.77,732,1.1198,2,2,326892,881549,632995,
77499,2,server2,5,828197,770.2,732,1.1198,2,2,306991,881549,632995,
88597,2,server2,6,773.4,763599,732,1.1198,2,2,318089,881549,632995,
77502,2,server2,8,1032.04,779.8,732,1.1198,2,2,306994,881549,632995,
77492,2,server2,9,908979,770.2,732,1.1198,2,2,306984,881549,632995,
94876,2,server2,11,779.8,915.17,732,1.1198,2,2,324368,881549,632995,
92096,2,server2,12,1104.08,779.8,732,1.1198,2,2,321588,881549,632995,
77.5,2,server2,13,1082.88,770.2,732,1.1198,2,2,306992,881549,632995,
77494,2,server2,15,779.8,889853,732,1.1198,2,2,306986,881549,632995,
77493,2,server2,16,865011,776.6,732,1.1198,2,2,306985,881549,632995,
77509,2,server2,19,776.6,862.14,732,1.1198,2,2,307001,881549,632995,
99052,2,server2,20,983173,779.8,732,1.1198,2,2,328544,881549,632995,
79292,2,server2,23,779.8,896543,732,1.1198,2,2,308784,881549,632995,
85324,2,server2,24,895709,779.8,732,1.1198,2,2,314816,881549,632995,
77.5,2,server2,27,776.6,893959,732,1.1198,2,2,306992,881549,632995,
95241,2,server2,28,1014.17,779.8,732,1.1198,2,2,324733,881549,632995,
77496,2,server2,29,1045.21,773.4,732,1.1198,2,2,306988,881549,632995,
77517,2,server2,0,989772,779.8,733,1.43976,2,2,300009,782644,677558,
77508,2,server2,1,791567,770.2,733,1.43976,2,2,300,782644,677558,
77.5,2,server2,3,779.8,937735,733,1.43976,2,2,299992,782644,677558,
77499,2,server2,5,828197,770.2,733,1.43976,2,2,299991,782644,677558,
88597,2,server2,6,773.4,763599,733,1.43976,2,2,311089,782644,677558,
77502,2,server2,8,1032.04,779.8,733,1.43976,2,2,299994,782644,677558,
77492,2,server2,9,908979,770.2,733,1.43976,2,2,299984,782644,677558,
77517,2,server2,11,779.8,947902,733,1.43976,2,2,300009,782644,677558,
97648,2,server2,13,1067.04,770.2,733,1.43976,2,2,320.14,782644,677558,
77494,2,server2,15,779.8,889853,733,1.43976,2,2,299986,782644,677558,
77493,2,server2,16,865011,776.6,733,1.43976,2,2,299985,782644,677558,
77509,2,server2,19,776.6,862.14,733,1.43976,2,2,300001,782644,677558,
99052,2,server2,20,983173,779.8,733,1.43976,2,2,321544,782644,677558,
79292,2,server2,23,779.8,896543,733,1.43976,2,2,301784,782644,677558,
85324,2,server2,24,895709,779.8,733,1.43976,2,2,307816,782644,677558,
77.5,2,server2,27,776.6,893959,733,1.43976,2,2,299992,782644,677558,
95241,2,server2,28,1014.17,779.8,733,1.43976,2,2,317733,782644,677558,
77496,2,server2,29,1045.21,773.4,733,1.43976,2,2,299988,782644,677558,
77517,2,server2,0,989772,779.8,734,1.75963,2,2,307009,884402,923135,
77508,2,server2,1,791567,770.2,734,1.75963,2,2,307,884402,923135,
77.5,2,server2,3,779.8,937735,734,1.75963,2,2,306992,884402,923135,
77499,2,server2,5,828197,770.2,734,1.75963,2,2,306991,884402,923135,
88597,2,server2,6,773.4,763599,734,1.75963,2,2,318089,884402,923135,
77502,2,server2,8,1032.04,779.8,734,1.75963,2,2,306994,884402,923135,
77492,2,server2,9,908979,770.2,734,1.75963,2,2,306984,884402,923135,
77517,2,server2,11,779.8,947902,734,1.75963,2,2,307009,884402,923135,
92096,2,server2,12,1104.08,779.8,734,1.75963,2,2,321588,884402,923135,
77.5,2,server2,13,1082.88,770.2,734,1.75963,2,2,306992,884402,923135,
77494,2,server2,15,779.8,889853,734,1.75963,2,2,306986,884402,923135,
77493,2,server2,16,865011,776.6,734,1.75963,2,2,306985,884402,923135,
77509,2,server2,19,776.6,862.14,734,1.75963,2,2,307001,884402,923135,
99052,2,server2,20,983173,779.8,734,1.75963,2,2,328544,884402,923135,
79292,2,server2,23,779.8,896543,734,1.75963,2,2,308784,884402,923135,
85324,2,server2,24,895709,779.8,734,1.75963,2,2,314816,884402,923135,
77.5,2,server2,27,776.6,893959,734,1.75963,2,2,306992,884402,923135,
95241,2,server2,28,1014.17,779.8,734,1.75963,2,2,324733,884402,923135,
77496,2,server2,29,1045.21,773.4,734,1.75963,2,2,306988,884402,923135,
77867,2,server2,0,989772,779.8,735,0.801861,2,1,241712,1026.92,611412,
77863,2,server2,1,791567,770.2,735,0.801861,2,1,241708,1026.92,611412,
77849,2,server2,2,770.2,763599,735,0.801861,2,1,241694,1026.92,611412,
103967,2,server2,4,1201.86,779.8,735,0.801861,2,1,267812,1026.92,611412,
77849,2,server2,5,828197,770.2,735,0.801861,2,1,241694,1026.92,611412,
88597,2,server2,6,773.4,763599,735,0.801861,2,1,252442,1026.92,611412,
77851,2,server2,8,1033.69,779.8,735,0.801861,2,1,241696,1026.92,611412,
77847,2,server2,9,908979,770.2,735,0.801861,2,1,241692,1026.92,611412,
92096,2,server2,12,1104.08,779.8,735,0.801861,2,1,255941,1026.92,611412,
77.85,2,server2,13,1082.88,770.2,735,0.801861,2,1,241695,1026.92,611412,
99052,2,server2,20,983173,779.8,735,0.801861,2,1,262897,1026.92,611412,
85324,2,server2,24,895709,779.8,735,0.801861,2,1,249169,1026.92,611412,
95241,2,server2,28,1014.17,779.8,735,0.801861,2,1,259086,1026.92,611412,
77845,2,server2,29,1036.29,773.4,735,0.801861,2,1,241.69,1026.92,611412,
77867,2,server2,0,989772,779.8,736,0.45095,2,2,300715,999379,639195,
77863,2,server2,1,791567,770.2,736,0.45095,2,2,300711,999379,639195,
77849,2,server2,2,770.2,763599,736,0.45095,2,2,300697,999379,639195,
103967,2,server2,4,1201.86,779.8,736,0.45095,2,2,326815,999379,639195,
77849,2,server2,5,828197,770.2,736,0.45095,2,2,300697,999379,639195,
88597,2,server2,6,773.4,763599,736,0.45095,2,2,311445,999379,639195,
77851,2,server2,8,1033.69,779.8,736,0.45095,2,2,300699,999379,639195,
77852,2,server2,9,908979,770.2,736,0.45095,2,2,300.7,999379,639195,
95729,2,server2,11,779.8,843095,736,0.45095,2,2,318577,999379,639195,
92096,2,server2,12,1104.08,779.8,736,0.45095,2,2,314944,999379,639195,
77.85,2,server2,13,1082.88,770.2,736,0.45095,2,2,300698,999379,639195,
77855,2,server2,16,865011,776.6,736,0.45095,2,2,300703,999379,639195,
99052,2,server2,20,983173,779.8,736,0.45095,2,2,321.9,999379,639195,
79348,2,server2,23,779.8,842459,736,0.45095,2,2,302196,999379,639195,
85324,2,server2,24,895709,779.8,736,0.45095,2,2,308172,999379,639195,
82217,2,server2,27,776.6,829407,736,0.45095,2,2,305065,999379,639195,
95241,2,server2,28,1014.17,779.8,736,0.45095,2,2,318089,999379,639195,
77867,2,server2,0,989772,779.8,737,1.57266,2,2,300715,833836,801526,
77863,2,server2,1,791567,770.2,737,1.57266,2,2,300711,833836,801526,
77849,2,server2,2,770.2,763599,737,1.57266,2,2,300697,833836,801526,
77.85,2,server2,3,779.8,937735,737,1.57266,2,2,300698,833836,801526,
77849,2,server2,5,828197,770.2,737,1.57266,2,2,300697,833836,801526,
88597,2,server2,6,773.4,763599,737,1.57266,2,2,311445,833836,801526,
77851,2,server2,8,1033.69,779.8,737,1.57266,2,2,300699,833836,801526,
77852,2,server2,9,908979,770.2,737,1.57266,2,2,300.7,833836,801526,
77907,2,server2,11,779.8,947902,737,1.57266,2,2,300755,833836,801526,
92096,2,server2,12,1104.08,779.8,737,1.57266,2,2,314944,833836,801526,
77.85,2,server2,13,1082.88,770.2,737,1.57266,2,2,300698,833836,801526,
77849,2,server2,15,779.8,889853,737,1.57266,2,2,300697,833836,801526,
77855,2,server2,16,865011,776.6,737,1.57266,2,2,300703,833836,801526,
77869,2,server2,19,776.6,862.14,737,1.57266,2,2,300717,833836,801526,
99052,2,server2,20,983173,779.8,737,1.57266,2,2,321.9,833836,801526,
79292,2,server2,23,779.8,896543,737,1.57266,2,2,302.14,833836,801526,
85324,2,server2,24,895709,779.8,737,1.57266,2,2,308172,833836,801526,
77.85,2,server2,27,776.6,893959,737,1.57266,2,2,300698,833836,801526,
95241,2,server2,28,1014.17,779.8,737,1.57266,2,2,318089,833836,801526,
77867,2,server2,0,989772,779.8,738,0.881015,2,1,256722,1099.14,1057.86,
78483,2,server2,1,791567,770.2,738,0.662645,2,1,256.96,627497,681243,
78481,2,server2,2,770.2,763599,738,0.662645,2,1,256958,627497,681243,
78485,2,server2,3,779.8,937735,738,0.662645,2,1,256962,627497,681243,
78485,2,server2,3,779.8,937735,738,1.46572,2,1,256969,627564,1126.52,
103967,2,server2,4,1201.86,779.8,738,0.881015,2,1,282822,1099.14,1057.86,
78481,2,server2,5,826846,770.2,738,0.662645,2,1,256958,627497,681243,
88597,2,server2,6,773.4,763599,738,0.662645,2,1,267074,627497,681243,
104835,2,server2,6,773.4,864.85,738,1.46572,2,1,283319,627564,1126.52,
77866,2,server2,8,1033.69,779.8,738,0.881015,2,1,256721,1099.14,1057.86,
78487,2,server2,9,908979,770.2,738,0.662645,2,1,256964,627497,681243,
78512,2,server2,11,779.8,947902,738,1.46572,2,1,256996,627564,1126.52,
92258,2,server2,11,779.8,938742,738,0.662645,2,1,270735,627497,681243,
92096,2,server2,12,1104.08,779.8,738,0.881015,2,1,270951,1099.14,1057.86,
77.87,2,server2,13,1082.88,770.2,738,0.881015,2,1,256725,1099.14,1057.86,
78479,2,server2,15,779.8,889853,738,0.662645,2,1,256956,627497,681243,
78494,2,server2,15,779.8,889853,738,1.46572,2,1,256978,627564,1126.52,
78.48,2,server2,16,865011,776.6,738,0.662645,2,1,256957,627497,681243,
78479,2,server2,19,776.6,860652,738,0.662645,2,1,256956,627497,681243,
79292,2,server2,23,779.8,896543,738,0.662645,2,1,257769,627497,681243,
79292,2,server2,23,779.8,896543,738,1.46572,2,1,257776,627564,1126.52,
85324,2,server2,24,895709,779.8,738,0.662645,2,1,263801,627497,681243,
98822,2,server2,24,988007,779.8,738,0.881015,2,1,277677,1099.14,1057.86,
95241,2,server2,28,1014.17,779.8,738,0.881015,2,1,274096,1099.14,1057.86,
77855,2,server2,29,1034.82,773.4,738,0.881015,2,1,256.71,1099.14,1057.86,
89332,2,server2,29,912754,773.4,738,0.662645,2,1,267809,627497,681243,
78551,2,server2,0,1007.9,779.8,739,1.80288,2,2,264.09,1150.78,872.34,
78576,2,server2,0,1007.9,779.8,739,1.0437,2,1,250149,876314,903124,
78578,2,server2,1,791567,770.2,739,1.0437,2,1,250151,876314,903124,
78581,2,server2,2,770.2,763599,739,1.0437,2,1,250154,876314,903124,
78575,2,server2,3,779.8,937735,739,1.0437,2,1,250148,876314,903124,
103967,2,server2,4,1201.86,779.8,739,1.80288,2,2,289506,1150.78,872.34,
103967,2,server2,4,1201.86,779.8,739,1.9388,2,2,336.2,1133.89,1050.38,
78576,2,server2,5,826846,770.2,739,1.0437,2,1,250149,876314,903124,
88597,2,server2,6,773.4,763599,739,1.0437,2,1,260.17,876314,903124,
78251,2,server2,8,1033.69,779.8,739,1.9388,2,2,310484,1133.89,1050.38,
78541,2,server2,8,1033.69,779.8,739,1.80288,2,2,264.08,1150.78,872.34,
78576,2,server2,8,1033.69,779.8,739,1.0437,2,1,250149,876314,903124,
78547,2,server2,9,908979,770.2,739,1.80288,2,2,264086,1150.78,872.34,
78577,2,server2,9,908979,770.2,739,1.0437,2,1,250.15,876314,903124,
78647,2,server2,11,779.8,947902,739,1.0437,2,1,250.22,876314,903124,
92096,2,server2,12,1104.08,779.8,739,1.0437,2,1,263669,876314,903124,
92096,2,server2,12,1104.08,779.8,739,1.80288,2,2,277635,1150.78,872.34,
92096,2,server2,12,1104.08,779.8,739,1.9388,2,2,324329,1133.89,1050.38,
78235,2,server2,13,1082.88,770.2,739,1.9388,2,2,310468,1133.89,1050.38,
78.54,2,server2,13,1082.88,770.2,739,1.80288,2,2,264079,1150.78,872.34,
78.58,2,server2,13,1082.88,770.2,739,1.0437,2,1,250153,876314,903124,
78584,2,server2,15,779.8,889853,739,1.0437,2,1,250157,876314,903124,
78575,2,server2,16,865011,776.6,739,1.0437,2,1,250148,876314,903124,
80651,2,server2,16,867849,776.6,739,1.80288,2,2,266.19,1150.78,872.34,
93394,2,server2,16,1012.53,776.6,739,1.9388,2,2,325627,1133.89,1050.38,
78584,2,server2,19,776.6,860652,739,1.0437,2,1,250157,876314,903124,
99052,2,server2,20,983173,779.8,739,1.0437,2,1,270625,876314,903124,
99052,2,server2,20,983173,779.8,739,1.80288,2,2,284591,1150.78,872.34,
78544,2,server2,21,1400.33,770.2,739,1.80288,2,2,264083,1150.78,872.34,
79292,2,server2,23,779.8,896543,739,1.0437,2,1,250865,876314,903124,
85324,2,server2,24,895709,779.8,739,1.0437,2,1,256897,876314,903124,
85324,2,server2,24,895709,779.8,739,1.80288,2,2,270863,1150.78,872.34,
100064,2,server2,24,1004.65,779.8,739,1.9388,2,2,332297,1133.89,1050.38,
78576,2,server2,27,776.6,886285,739,1.0437,2,1,250149,876314,903124,
95241,2,server2,28,1014.17,779.8,739,1.0437,2,1,266814,876314,903124,
95241,2,server2,28,1014.17,779.8,739,1.80288,2,2,280.78,1150.78,872.34,
95241,2,server2,28,1014.17,779.8,739,1.9388,2,2,327474,1133.89,1050.38,
78245,2,server2,29,1031.9,773.4,739,1.9388,2,2,310478,1133.89,1050.38,
78576,2,server2,0,1007.9,779.8,740,0.871039,2,2,279149,1282.34,887.38,
103967,2,server2,4,1201.86,779.8,740,0.871039,2,2,304.54,1282.34,887.38,
78576,2,server2,8,1033.69,779.8,740,0.871039,2,2,279149,1282.34,887.38,
92096,2,server2,12,1104.08,779.8,740,0.871039,2,2,292669,1282.34,887.38,
78.58,2,server2,13,1082.88,770.2,740,0.871039,2,2,279153,1282.34,887.38,
93393,2,server2,16,1003.56,776.6,740,0.871039,2,2,293966,1282.34,887.38,
78574,2,server2,21,1400.33,770.2,740,0.871039,2,2,279147,1282.34,887.38,
100064,2,server2,24,1003.13,779.8,740,0.871039,2,2,300637,1282.34,887.38,
95241,2,server2,28,1014.17,779.8,740,0.871039,2,2,295814,1282.34,887.38,
78736,2,server2,0,1007.9,779.8,741,1.05051,2,2,303461,875471,643393,
78733,2,server2,1,791567,770.2,741,1.05051,2,2,303458,875471,643393,
78726,2,server2,2,770.2,763599,741,1.05051,2,2,303451,875471,643393,
97356,2,server2,3,779.8,926848,741,1.05051,2,2,322081,875471,643393,
78731,2,server2,5,826846,770.2,741,1.05051,2,2,303456,875471,643393,
88597,2,server2,6,773.4,763599,741,1.05051,2,2,313322,875471,643393,
78731,2,server2,8,1033.69,779.8,741,1.05051,2,2,303456,875471,643393,
78732,2,server2,9,908979,770.2,741,1.05051,2,2,303457,875471,643393,
92268,2,server2,11,779.8,926949,741,1.05051,2,2,316993,875471,643393,
92096,2,server2,12,1104.08,779.8,741,1.05051,2,2,316821,875471,643393,
78.73,2,server2,13,1082.88,770.2,741,1.05051,2,2,303455,875471,643393,
78729,2,server2,15,779.8,889853,741,1.05051,2,2,303454,875471,643393,
78728,2,server2,16,865011,776.6,741,1.05051,2,2,303453,875471,643393,
78734,2,server2,19,776.6,860652,741,1.05051,2,2,303459,875471,643393,
99052,2,server2,20,983173,779.8,741,1.05051,2,2,323777,875471,643393,
79292,2,server2,23,779.8,896543,741,1.05051,2,2,304017,875471,643393,
85324,2,server2,24,895709,779.8,741,1.05051,2,2,310049,875471,643393,
78744,2,server2,27,776.6,884744,741,1.05051,2,2,303469,875471,643393,
95241,2,server2,28,1014.17,779.8,741,1.05051,2,2,319966,875471,643393,
78736,2,server2,0,1007.9,779.8,742,1.19005,2,2,303461,1015.46,570977,
78733,2,server2,1,791567,770.2,742,1.19005,2,2,303458,1015.46,570977,
79625,2,server2,1,783803,770.2,742,2.06233,2,2,272923,613027,965977,
79301,2,server2,2,770.2,763599,742,2.06233,2,2,272599,613027,965977,
79.3,2,server2,3,779.8,937735,742,2.06233,2,2,272598,613027,965977,
103967,2,server2,4,1201.86,779.8,742,1.19005,2,2,328692,1015.46,570977,
78731,2,server2,5,826846,770.2,742,1.19005,2,2,303456,1015.46,570977,
79306,2,server2,5,826846,770.2,742,2.06233,2,2,272604,613027,965977,
88597,2,server2,6,773.4,763599,742,2.06233,2,2,281895,613027,965977,
78731,2,server2,8,1033.69,779.8,742,1.19005,2,2,303456,1015.46,570977,
78732,2,server2,9,908979,770.2,742,1.19005,2,2,303457,1015.46,570977,
79307,2,server2,11,779.8,947902,742,2.06233,2,2,272605,613027,965977,
92096,2,server2,12,1104.08,779.8,742,1.19005,2,2,316821,1015.46,570977,
78.73,2,server2,13,1082.88,770.2,742,1.19005,2,2,303455,1015.46,570977,
79304,2,server2,15,779.8,889853,742,2.06233,2,2,272602,613027,965977,
78728,2,server2,16,865011,776.6,742,1.19005,2,2,303453,1015.46,570977,
79314,2,server2,19,776.6,860652,742,2.06233,2,2,272612,613027,965977,
99052,2,server2,20,983173,779.8,742,1.19005,2,2,323777,1015.46,570977,
85324,2,server2,24,895709,779.8,742,1.19005,2,2,310049,1015.46,570977,
79347,2,server2,27,776.6,881666,742,2.06233,2,2,272645,613027,965977,
95241,2,server2,28,1014.17,779.8,742,1.19005,2,2,319966,1015.46,570977,
78906,2,server2,2,770.2,763599,743,0.493649,1,1,228803,555917,693687,
99078,2,server2,3,779.8,893047,743,0.493649,1,1,248975,555917,693687,
78906,2,server2,5,826846,770.2,743,0.493649,1,1,228803,555917,693687,
88597,2,server2,6,773.4,763599,743,0.493649,1,1,238494,555917,693687,
95101,2,server2,11,779.8,892903,743,0.493649,1,1,244998,555917,693687,
78944,2,server2,15,779.8,889853,743,0.493649,1,1,228841,555917,693687,
78944,2,server2,19,776.6,860652,743,0.493649,1,1,228841,555917,693687,
79293,2,server2,23,779.8,892369,743,0.493649,1,1,229.19,555917,693687,
78899,2,server2,27,776.6,883203,743,0.493649,1,1,228796,555917,693687,
78906,2,server2,2,770.2,763599,744,0.666759,2,1,228803,541839,928.76,
78.9,2,server2,3,779.8,937735,744,0.666759,2,1,228797,541839,928.76,
79325,2,server2,3,779.8,937735,744,0.91138,2,1,248644,719772,1150.06,
88597,2,server2,6,773.4,763599,744,0.666759,2,1,238494,541839,928.76,
104314,2,server2,6,773.4,855118,744,0.91138,2,1,273633,719772,1150.06,
78947,2,server2,11,779.8,947902,744,0.666759,2,1,228844,541839,928.76,
79362,2,server2,11,779.8,947902,744,0.91138,2,1,248681,719772,1150.06,
78944,2,server2,15,779.8,889853,744,0.666759,2,1,228841,541839,928.76,
79334,2,server2,15,779.8,889853,744,0.91138,2,1,248653,719772,1150.06,
78944,2,server2,19,776.6,860652,744,0.666759,2,1,228841,541839,928.76,
79334,2,server2,19,776.6,860652,744,0.91138,2,1,248653,719772,1150.06,
79292,2,server2,23,779.8,896543,744,0.666759,2,1,229189,541839,928.76,
78899,2,server2,27,776.6,883203,744,0.666759,2,1,228796,541839,928.76,
79347,2,server2,27,776.6,881666,744,0.91138,2,1,248666,719772,1150.06,
79351,2,server2,0,1007.9,779.8,745,0.580782,2,1,250643,1076.17,724765,
79351,2,server2,0,1007.9,779.8,745,0.89248,2,0,236683,783025,601491,
79625,2,server2,1,783803,770.2,745,0.580782,2,1,250917,1076.17,724765,
79625,2,server2,1,783803,770.2,745,0.89248,2,0,236957,783025,601491,
79338,2,server2,2,770.2,763599,745,0.89248,2,0,236.67,783025,601491,
98407,2,server2,3,779.8,900293,745,0.89248,2,0,255739,783025,601491,
103967,2,server2,4,1201.86,779.8,745,0.580782,2,1,275259,1076.17,724765,
79306,2,server2,5,826846,770.2,745,0.580782,2,1,250598,1076.17,724765,
79341,2,server2,5,826846,770.2,745,0.89248,2,0,236673,783025,601491,
88597,2,server2,6,773.4,763599,745,0.89248,2,0,245929,783025,601491,
79293,2,server2,8,1041.92,779.8,745,0.580782,2,1,250585,1076.17,724765,
79297,2,server2,9,908979,770.2,745,0.580782,2,1,250589,1076.17,724765,
79347,2,server2,9,908979,770.2,745,0.89248,2,0,236679,783025,601491,
94941,2,server2,11,779.8,900754,745,0.89248,2,0,252273,783025,601491,
92096,2,server2,12,1104.08,779.8,745,0.580782,2,1,263388,1076.17,724765,
79.3,2,server2,13,1082.88,770.2,745,0.580782,2,1,250592,1076.17,724765,
79334,2,server2,15,779.8,889853,745,0.89248,2,0,236666,783025,601491,
79293,2,server2,16,865011,776.6,745,0.580782,2,1,250585,1076.17,724765,
79348,2,server2,16,865011,776.6,745,0.89248,2,0,236.68,783025,601491,
79334,2,server2,19,776.6,860652,745,0.89248,2,0,236666,783025,601491,
99052,2,server2,20,983173,779.8,745,0.580782,2,1,270344,1076.17,724765,
99052,2,server2,20,983173,779.8,745,0.89248,2,0,256384,783025,601491,
88446,2,server2,21,1372.62,770.2,745,0.580782,2,1,259738,1076.17,724765,
85324,2,server2,24,895709,779.8,745,0.580782,2,1,256616,1076.17,724765,
85324,2,server2,24,895709,779.8,745,0.89248,2,0,242656,783025,601491,
79347,2,server2,27,776.6,881666,745,0.89248,2,0,236679,783025,601491,
95241,2,server2,28,1014.17,779.8,745,0.580782,2,1,266533,1076.17,724765,
95241,2,server2,28,1014.17,779.8,745,0.89248,2,0,252573,783025,601491,
79292,2,server2,29,975165,773.4,745,0.580782,2,1,250584,1076.17,724765,
79352,2,server2,29,975165,773.4,745,0.89248,2,0,236684,783025,601491,
79625,2,server2,1,783803,770.2,746,1.12758,2,1,244973,676.46,805494,
79353,2,server2,2,770.2,763599,746,1.12758,2,1,244701,676.46,805494,
79.35,2,server2,3,779.8,937735,746,1.12758,2,1,244698,676.46,805494,
79376,2,server2,5,826846,770.2,746,1.12758,2,1,244724,676.46,805494,
88597,2,server2,6,773.4,763599,746,1.12758,2,1,253945,676.46,805494,
79377,2,server2,9,908979,770.2,746,1.12758,2,1,244725,676.46,805494,
79362,2,server2,11,779.8,947902,746,1.12758,2,1,244.71,676.46,805494,
79349,2,server2,15,779.8,889853,746,1.12758,2,1,244697,676.46,805494,
79354,2,server2,19,776.6,860652,746,1.12758,2,1,244702,676.46,805494,
79348,2,server2,23,779.8,847768,746,1.12758,2,1,244696,676.46,805494,
85324,2,server2,24,895709,779.8,746,1.12758,2,1,250672,676.46,805494,
79352,2,server2,27,776.6,881666,746,1.12758,2,1,244.7,676.46,805494,
80397,2,server2,29,973836,773.4,746,1.12758,2,1,245745,676.46,805494,
106152,2,server2,2,770.2,771232,747,0.486359,2,2,306.5,766534,1070.88,
79.35,2,server2,3,779.8,937735,747,0.486359,2,2,279698,766534,1070.88,
102636,2,server2,6,773.4,776235,747,0.486359,2,2,302984,766534,1070.88,
79362,2,server2,11,779.8,947902,747,0.486359,2,2,279.71,766534,1070.88,
79349,2,server2,15,779.8,889853,747,0.486359,2,2,279697,766534,1070.88,
79354,2,server2,19,776.6,860652,747,0.486359,2,2,279702,766534,1070.88,
79348,2,server2,23,779.8,847768,747,0.486359,2,2,279696,766534,1070.88,
79352,2,server2,27,776.6,881666,747,0.486359,2,2,279.7,766534,1070.88,
79351,2,server2,0,1007.9,779.8,748,0.76188,2,1,253699,1030.87,1005.15,
79.35,2,server2,3,779.8,937735,748,0.76188,2,1,253698,1030.87,1005.15,
103967,2,server2,4,1201.86,779.8,748,0.76188,2,1,278315,1030.87,1005.15,
104248,2,server2,6,773.4,852332,748,0.76188,2,1,278596,1030.87,1005.15,
79353,2,server2,8,1041.92,779.8,748,0.76188,2,1,253701,1030.87,1005.15,
79377,2,server2,9,908979,770.2,748,0.76188,2,1,253725,1030.87,1005.15,
79362,2,server2,11,779.8,947902,748,0.76188,2,1,253.71,1030.87,1005.15,
92096,2,server2,12,1104.08,779.8,748,0.76188,2,1,266444,1030.87,1005.15,
79.36,2,server2,13,1082.88,770.2,748,0.76188,2,1,253708,1030.87,1005.15,
79349,2,server2,15,779.8,889853,748,0.76188,2,1,253697,1030.87,1005.15,
79353,2,server2,16,865011,776.6,748,0.76188,2,1,253701,1030.87,1005.15,
79354,2,server2,19,776.6,860652,748,0.76188,2,1,253702,1030.87,1005.15,
99052,2,server2,20,983173,779.8,748,0.76188,2,1,273.4,1030.87,1005.15,
85324,2,server2,24,895709,779.8,748,0.76188,2,1,259672,1030.87,1005.15,
79352,2,server2,27,776.6,881666,748,0.76188,2,1,253.7,1030.87,1005.15,
95241,2,server2,28,1014.17,779.8,748,0.76188,2,1,269589,1030.87,1005.15,
79352,2,server2,29,975165,773.4,748,0.76188,2,1,253.7,1030.87,1005.15,
79.35,2,server2,3,779.8,937735,749,1.22072,1,1,253698,532.05,987338,
103235,2,server2,6,773.4,809245,749,1.22072,1,1,277583,532.05,987338,
79362,2,server2,11,779.8,947902,749,1.22072,1,1,253.71,532.05,987338,
79349,2,server2,15,779.8,889853,749,1.22072,1,1,253697,532.05,987338,
79354,2,server2,19,776.6,860652,749,1.22072,1,1,253702,532.05,987338,
79352,2,server2,27,776.6,881666,749,1.22072,1,1,253.7,532.05,987338,
79356,2,server2,0,1007.9,779.8,750,0.538827,2,2,296709,811705,762114,
79625,2,server2,1,783803,770.2,750,0.538827,2,2,296978,811705,762114,
79363,2,server2,2,770.2,763599,750,0.538827,2,2,296716,811705,762114,
79.36,2,server2,3,779.8,937735,750,0.538827,2,2,296713,811705,762114,
79376,2,server2,5,826846,770.2,750,0.538827,2,2,296729,811705,762114,
88597,2,server2,6,773.4,763599,750,0.538827,2,2,305.95,811705,762114,
79363,2,server2,8,1041.92,779.8,750,0.538827,2,2,296716,811705,762114,
79377,2,server2,9,908979,770.2,750,0.538827,2,2,296.73,811705,762114,
79362,2,server2,11,779.8,947902,750,0.538827,2,2,296715,811705,762114,
92096,2,server2,12,1104.08,779.8,750,0.538827,2,2,309449,811705,762114,
79.36,2,server2,13,1082.88,770.2,750,0.538827,2,2,296713,811705,762114,
79364,2,server2,15,779.8,889853,750,0.538827,2,2,296717,811705,762114,
79354,2,server2,19,776.6,860652,750,0.538827,2,2,296707,811705,762114,
99052,2,server2,20,983173,779.8,750,0.538827,2,2,316405,811705,762114,
79353,2,server2,23,779.8,837593,750,0.538827,2,2,296706,811705,762114,
85324,2,server2,24,895709,779.8,750,0.538827,2,2,302677,811705,762114,
79362,2,server2,27,776.6,881666,750,0.538827,2,2,296715,811705,762114,
95241,2,server2,28,1014.17,779.8,750,0.538827,2,2,312594,811705,762114,
79357,2,server2,29,975165,773.4,750,0.538827,2,2,296.71,811705,762114,
79625,2,server2,1,783803,770.2,751,0.404305,2,1,244985,716725,1017.03,
79363,2,server2,2,770.2,763599,751,0.404305,2,1,244723,716725,1017.03,
79365,2,server2,3,779.8,937735,751,0.404305,2,1,244725,716725,1017.03,
79376,2,server2,5,826846,770.2,751,0.404305,2,1,244736,716725,1017.03,
88597,2,server2,6,773.4,763599,751,0.404305,2,1,253957,716725,1017.03,
91002,2,server2,9,886.55,770.2,751,0.404305,2,1,256362,716725,1017.03,
79362,2,server2,11,779.8,947902,751,0.404305,2,1,244722,716725,1017.03,
79364,2,server2,15,779.8,889853,751,0.404305,2,1,244724,716725,1017.03,
79363,2,server2,16,865011,776.6,751,0.404305,2,1,244723,716725,1017.03,
79374,2,server2,19,776.6,860652,751,0.404305,2,1,244734,716725,1017.03,
85324,2,server2,24,895709,779.8,751,0.404305,2,1,250684,716725,1017.03,
79362,2,server2,27,776.6,881666,751,0.404305,2,1,244722,716725,1017.03,
99121,2,server2,29,891061,773.4,751,0.404305,2,1,264481,716725,1017.03,
79625,2,server2,1,783803,770.2,752,0.405671,1,1,244986,516291,897912,
79363,2,server2,2,770.2,763599,752,0.405671,1,1,244724,516291,897912,
79365,2,server2,3,779.8,937735,752,0.405671,1,1,244726,516291,897912,
88597,2,server2,6,773.4,763599,752,0.405671,1,1,253958,516291,897912,
79362,2,server2,11,779.8,947902,752,0.405671,1,1,244723,516291,897912,
79364,2,server2,15,779.8,889853,752,0.405671,1,1,244725,516291,897912,
79374,2,server2,19,776.6,860652,752,0.405671,1,1,244735,516291,897912,
79362,2,server2,27,776.6,881666,752,0.405671,1,1,244723,516291,897912,
79376,2,server2,0,1007.9,779.8,753,0.701653,2,2,282739,917162,694387,
79625,2,server2,1,783803,770.2,753,0.701653,2,2,282988,917162,694387,
79368,2,server2,2,770.2,763599,753,0.701653,2,2,282731,917162,694387,
79365,2,server2,3,779.8,937735,753,0.701653,2,2,282728,917162,694387,
103967,2,server2,4,1201.86,779.8,753,0.701653,2,2,307.33,917162,694387,
79376,2,server2,5,826846,770.2,753,0.701653,2,2,282739,917162,694387,
88597,2,server2,6,773.4,763599,753,0.701653,2,2,291.96,917162,694387,
79368,2,server2,8,1041.92,779.8,753,0.701653,2,2,282731,917162,694387,
79377,2,server2,9,908979,770.2,753,0.701653,2,2,282.74,917162,694387,
79447,2,server2,11,779.8,947902,753,0.701653,2,2,282.81,917162,694387,
92096,2,server2,12,1104.08,779.8,753,0.701653,2,2,295459,917162,694387,
79375,2,server2,13,1082.88,770.2,753,0.701653,2,2,282738,917162,694387,
79364,2,server2,15,779.8,889853,753,0.701653,2,2,282727,917162,694387,
79374,2,server2,19,776.6,860652,753,0.701653,2,2,282737,917162,694387,
99052,2,server2,20,983173,779.8,753,0.701653,2,2,302415,917162,694387,
79363,2,server2,23,779.8,830162,753,0.701653,2,2,282726,917162,694387,
85324,2,server2,24,895709,779.8,753,0.701653,2,2,288687,917162,694387,
79372,2,server2,27,776.6,881666,753,0.701653,2,2,282735,917162,694387,
95241,2,server2,28,1014.17,779.8,753,0.701653,2,2,298604,917162,694387,
79372,2,server2,29,975165,773.4,753,0.701653,2,2,282735,917162,694387,
79376,2,server2,0,1007.9,779.8,754,0.938843,2,2,282749,1040.77,785965,
79625,2,server2,1,783803,770.2,754,0.938843,2,2,282998,1040.77,785965,
79378,2,server2,2,770.2,763599,754,0.938843,2,2,282751,1040.77,785965,
94.02,2,server2,3,779.8,932894,754,0.938843,2,2,297393,1040.77,785965,
103967,2,server2,4,1201.86,779.8,754,0.938843,2,2,307.34,1040.77,785965,
79376,2,server2,5,826846,770.2,754,0.938843,2,2,282749,1040.77,785965,
88597,2,server2,6,773.4,763599,754,0.938843,2,2,291.97,1040.77,785965,
79378,2,server2,8,1041.92,779.8,754,0.938843,2,2,282751,1040.77,785965,
79377,2,server2,9,908979,770.2,754,0.938843,2,2,282.75,1040.77,785965,
92266,2,server2,11,779.8,933503,754,0.938843,2,2,295639,1040.77,785965,
92096,2,server2,12,1104.08,779.8,754,0.938843,2,2,295469,1040.77,785965,
79375,2,server2,13,1082.88,770.2,754,0.938843,2,2,282748,1040.77,785965,
79379,2,server2,15,779.8,889853,754,0.938843,2,2,282752,1040.77,785965,
79374,2,server2,19,776.6,860652,754,0.938843,2,2,282747,1040.77,785965,
99052,2,server2,20,983173,779.8,754,0.938843,2,2,302425,1040.77,785965,
79373,2,server2,23,779.8,828287,754,0.938843,2,2,282746,1040.77,785965,
85324,2,server2,24,895709,779.8,754,0.938843,2,2,288697,1040.77,785965,
79387,2,server2,27,776.6,881666,754,0.938843,2,2,282.76,1040.77,785965,
95241,2,server2,28,1014.17,779.8,754,0.938843,2,2,298614,1040.77,785965,
79387,2,server2,29,975165,773.4,754,0.938843,2,2,282.76,1040.77,785965,
79375,2,server2,3,779.8,937735,755,1.02871,2,2,291749,729925,1106.19,
103235,2,server2,6,773.4,810588,755,1.02871,2,2,315609,729925,1106.19,
79447,2,server2,11,779.8,947902,755,1.02871,2,2,291821,729925,1106.19,
79379,2,server2,15,779.8,889853,755,1.02871,2,2,291753,729925,1106.19,
79399,2,server2,19,776.6,860652,755,1.02871,2,2,291773,729925,1106.19,
79387,2,server2,27,776.6,881666,755,1.02871,2,2,291761,729925,1106.19,
79625,2,server2,1,783803,770.2,756,1.49068,2,2,291999,755864,549083,
79378,2,server2,2,770.2,763599,756,1.49068,2,2,291752,755864,549083,
106292,2,server2,3,779.8,847142,756,1.49068,2,2,318666,755864,549083,
79376,2,server2,5,826846,770.2,756,1.49068,2,2,291.75,755864,549083,
88597,2,server2,6,773.4,763599,756,1.49068,2,2,300971,755864,549083,
79377,2,server2,9,908979,770.2,756,1.49068,2,2,291751,755864,549083,
95729,2,server2,11,779.8,847027,756,1.49068,2,2,308103,755864,549083,
79383,2,server2,16,865011,776.6,756,1.49068,2,2,291757,755864,549083,
92669,2,server2,19,776.6,847296,756,1.49068,2,2,305043,755864,549083,
85324,2,server2,24,895709,779.8,756,1.49068,2,2,297698,755864,549083,
82133,2,server2,27,776.6,847875,756,1.49068,2,2,294507,755864,549083,
83263,2,server2,29,954062,773.4,756,1.49068,2,2,295637,755864,549083,
79625,2,server2,1,783803,770.2,757,1.11652,2,2,321008,694617,561615,
79393,2,server2,2,770.2,763599,757,1.11652,2,2,320776,694617,561615,
106291,2,server2,3,779.8,848355,757,1.11652,2,2,347674,694617,561615,
79411,2,server2,5,826846,770.2,757,1.11652,2,2,320794,694617,561615,
88597,2,server2,6,773.4,763599,757,1.11652,2,2,329.98,694617,561615,
79417,2,server2,9,908979,770.2,757,1.11652,2,2,320.8,694617,561615,
95729,2,server2,11,779.8,848339,757,1.11652,2,2,337112,694617,561615,
91.99,2,server2,19,776.6,848782,757,1.11652,2,2,333373,694617,561615,
79391,2,server2,23,779.8,818588,757,1.11652,2,2,320774,694617,561615,
85324,2,server2,24,895709,779.8,757,1.11652,2,2,326707,694617,561615,
82102,2,server2,27,776.6,849411,757,1.11652,2,2,323485,694617,561615,
89395,2,server2,29,906355,773.4,757,1.11652,2,2,330778,694617,561615,
79401,2,server2,0,1007.9,779.8,758,1.40805,2,2,281793,1055.23,710.6,
79625,2,server2,1,783803,770.2,758,1.40805,2,2,282017,1055.23,710.6,
79393,2,server2,2,770.2,763599,758,1.40805,2,2,281785,1055.23,710.6,
103967,2,server2,4,1201.86,779.8,758,1.40805,2,2,306359,1055.23,710.6,
79411,2,server2,5,826846,770.2,758,1.40805,2,2,281803,1055.23,710.6,
88597,2,server2,6,773.4,763599,758,1.40805,2,2,290989,1055.23,710.6,
79393,2,server2,8,1041.92,779.8,758,1.40805,2,2,281785,1055.23,710.6,
79417,2,server2,9,908979,770.2,758,1.40805,2,2,281809,1055.23,710.6,
102901,2,server2,11,779.8,828679,758,1.40805,2,2,305293,1055.23,710.6,
92096,2,server2,12,1104.08,779.8,758,1.40805,2,2,294488,1055.23,710.6,
79405,2,server2,13,1082.88,770.2,758,1.40805,2,2,281797,1055.23,710.6,
79398,2,server2,16,865011,776.6,758,1.40805,2,2,281.79,1055.23,710.6,
99052,2,server2,20,983173,779.8,758,1.40805,2,2,301444,1055.23,710.6,
101829,2,server2,21,1348.68,770.2,758,1.40805,2,2,304221,1055.23,710.6,
85324,2,server2,24,895709,779.8,758,1.40805,2,2,287716,1055.23,710.6,
82218,2,server2,27,776.6,821657,758,1.40805,2,2,284.61,1055.23,710.6,
95241,2,server2,28,1014.17,779.8,758,1.40805,2,2,297633,1055.23,710.6,
79402,2,server2,29,975165,773.4,758,1.40805,2,2,281794,1055.23,710.6,
79401,2,server2,0,1007.9,779.8,759,1.52337,2,2,320799,984601,988794,
79625,2,server2,1,783803,770.2,759,1.52337,2,2,321023,984601,988794,
106245,2,server2,2,770.2,779.25,759,1.52337,2,2,347643,984601,988794,
79.4,2,server2,3,779.8,937735,759,1.52337,2,2,320798,984601,988794,
79411,2,server2,5,826846,770.2,759,1.52337,2,2,320809,984601,988794,
102636,2,server2,6,773.4,776235,759,1.52337,2,2,344034,984601,988794,
79403,2,server2,8,1041.92,779.8,759,1.52337,2,2,320801,984601,988794,
79417,2,server2,9,908979,770.2,759,1.52337,2,2,320815,984601,988794,
79447,2,server2,11,779.8,947902,759,1.52337,2,2,320845,984601,988794,
92096,2,server2,12,1104.08,779.8,759,1.52337,2,2,333494,984601,988794,
79405,2,server2,13,1082.88,770.2,759,1.52337,2,2,320803,984601,988794,
79409,2,server2,15,779.8,889853,759,1.52337,2,2,320807,984601,988794,
79399,2,server2,19,776.6,860652,759,1.52337,2,2,320797,984601,988794,
99052,2,server2,20,983173,779.8,759,1.52337,2,2,340.45,984601,988794,
79406,2,server2,23,779.8,814278,759,1.52337,2,2,320804,984601,988794,
85324,2,server2,24,895709,779.8,759,1.52337,2,2,326722,984601,988794,
79407,2,server2,27,776.6,881666,759,1.52337,2,2,320805,984601,988794,
95241,2,server2,28,1014.17,779.8,759,1.52337,2,2,336639,984601,988794,
79402,2,server2,29,975165,773.4,759,1.52337,2,2,320.8,984601,988794,
79426,2,server2,0,1007.9,779.8,760,0.571787,2,2,307847,770885,615184,
79625,2,server2,1,783803,770.2,760,0.571787,2,2,308046,770885,615184,
79428,2,server2,2,770.2,763599,760,0.571787,2,2,307849,770885,615184,
97.4,2,server2,3,779.8,914.77,760,0.571787,2,2,325821,770885,615184,
79741,2,server2,5,826846,770.2,760,0.571787,2,2,308162,770885,615184,
88597,2,server2,6,773.4,763599,760,0.571787,2,2,317018,770885,615184,
79452,2,server2,9,908979,770.2,760,0.571787,2,2,307873,770885,615184,
94876,2,server2,11,779.8,913861,760,0.571787,2,2,323297,770885,615184,
79424,2,server2,15,779.8,889853,760,0.571787,2,2,307845,770885,615184,
79423,2,server2,16,865011,776.6,760,0.571787,2,2,307844,770885,615184,
79439,2,server2,19,776.6,860652,760,0.571787,2,2,307.86,770885,615184,
99052,2,server2,20,983173,779.8,760,0.571787,2,2,327473,770885,615184,
85324,2,server2,24,895709,779.8,760,0.571787,2,2,313745,770885,615184,
79427,2,server2,27,776.6,881666,760,0.571787,2,2,307848,770885,615184,
95241,2,server2,28,1014.17,779.8,760,0.571787,2,2,323662,770885,615184,
79432,2,server2,29,975165,773.4,760,0.571787,2,2,307853,770885,615184,
79501,2,server2,0,1007.9,779.8,761,0.758026,2,2,284968,983535,543534,
81551,2,server2,0,1010.68,779.8,761,0.455401,2,1,274087,794282,978568,
81545,2,server2,1,783803,770.2,761,0.455401,2,1,274081,794282,978568,
81544,2,server2,2,770.2,763599,761,0.455401,2,1,274.08,794282,978568,
81545,2,server2,3,779.8,937735,761,0.455401,2,1,274081,794282,978568,
79741,2,server2,5,826846,770.2,761,0.758026,2,2,285208,983535,543534,
81546,2,server2,5,826846,770.2,761,0.455401,2,1,274082,794282,978568,
88597,2,server2,6,773.4,763599,761,0.455401,2,1,281133,794282,978568,
79487,2,server2,9,908979,770.2,761,0.758026,2,2,284954,983535,543534,
81552,2,server2,9,907804,770.2,761,0.455401,2,1,274088,794282,978568,
81542,2,server2,11,779.8,947902,761,0.455401,2,1,274078,794282,978568,
92096,2,server2,12,1104.08,779.8,761,0.758026,2,2,297563,983535,543534,
79.47,2,server2,13,1082.88,770.2,761,0.758026,2,2,284937,983535,543534,
81544,2,server2,15,779.8,889853,761,0.455401,2,1,274.08,794282,978568,
79473,2,server2,16,865011,776.6,761,0.758026,2,2,284.94,983535,543534,
81554,2,server2,19,776.6,860652,761,0.455401,2,1,274.09,794282,978568,
99052,2,server2,20,983173,779.8,761,0.455401,2,1,291588,794282,978568,
99052,2,server2,20,983173,779.8,761,0.758026,2,2,304519,983535,543534,
81547,2,server2,23,779.8,809377,761,0.455401,2,1,274083,794282,978568,
85324,2,server2,24,895709,779.8,761,0.455401,2,1,277.86,794282,978568,
85324,2,server2,24,895709,779.8,761,0.758026,2,2,290791,983535,543534,
81536,2,server2,27,776.6,877053,761,0.455401,2,1,274072,794282,978568,
95241,2,server2,28,1014.17,779.8,761,0.455401,2,1,287777,794282,978568,
95241,2,server2,28,1014.17,779.8,761,0.758026,2,2,300708,983535,543534,
79477,2,server2,29,975165,773.4,761,0.758026,2,2,284944,983535,543534,
81606,2,server2,29,973836,773.4,761,0.455401,2,1,274142,794282,978568,
93099,2,server2,0,1027.42,779.8,762,0.572104,2,2,282751,1210.09,542346,
103967,2,server2,4,1201.86,779.8,762,0.572104,2,2,293619,1210.09,542346,
79658,2,server2,8,1046.85,779.8,762,0.572104,2,2,269.31,1210.09,542346,
92096,2,server2,12,1104.08,779.8,762,0.572104,2,2,281748,1210.09,542346,
79655,2,server2,13,1082.88,770.2,762,0.572104,2,2,269307,1210.09,542346,
96956,2,server2,16,1023.01,776.6,762,0.572104,2,2,286608,1210.09,542346,
105.28,2,server2,24,1027.33,779.8,762,0.572104,2,2,294932,1210.09,542346,
103587,2,server2,28,1028.22,779.8,762,0.572104,2,2,293239,1210.09,542346,
80268,2,server2,0,1010.68,779.8,763,1.43732,2,1,261527,1022.14,876198,
80323,2,server2,0,1010.68,779.8,763,0.476213,1,0,236622,1054.72,1042.9,
80275,2,server2,1,783803,770.2,763,1.43732,2,1,261534,1022.14,876198,
80266,2,server2,2,770.2,763599,763,1.43732,2,1,261525,1022.14,876198,
106188,2,server2,2,770.2,778483,763,0.628127,1,2,304843,870347,1061.1,
80265,2,server2,3,779.8,937735,763,1.43732,2,1,261524,1022.14,876198,
80305,2,server2,3,779.8,937735,763,0.476213,1,0,236604,1054.72,1042.9,
81.17,2,server2,3,779.8,937735,763,0.733637,2,2,298337,505311,959.1,
81.66,2,server2,3,779.8,937735,763,0.628127,1,2,280315,870347,1061.1,
103967,2,server2,4,1201.86,779.8,763,1.43732,2,1,285226,1022.14,876198,
80291,2,server2,5,826846,770.2,763,1.43732,2,1,261.55,1022.14,876198,
81686,2,server2,5,826846,770.2,763,0.628127,1,2,280341,870347,1061.1,
88597,2,server2,6,773.4,763599,763,1.43732,2,1,269856,1022.14,876198,
102646,2,server2,6,773.4,777706,763,0.628127,1,2,301301,870347,1061.1,
103239,2,server2,6,773.4,825855,763,0.733637,2,2,320406,505311,959.1,
80267,2,server2,9,907804,770.2,763,1.43732,2,1,261526,1022.14,876198,
81657,2,server2,9,907804,770.2,763,0.628127,1,2,280312,870347,1061.1,
80262,2,server2,11,779.8,947902,763,1.43732,2,1,261521,1022.14,876198,
80317,2,server2,11,779.8,947902,763,0.476213,1,0,236616,1054.72,1042.9,
81182,2,server2,11,779.8,947902,763,0.733637,2,2,298349,505311,959.1,
81697,2,server2,11,779.8,947902,763,0.628127,1,2,280352,870347,1061.1,
92096,2,server2,12,1104.08,779.8,763,0.476213,1,0,248395,1054.72,1042.9,
92096,2,server2,12,1104.08,779.8,763,1.43732,2,1,273355,1022.14,876198,
80265,2,server2,13,1082.88,770.2,763,1.43732,2,1,261524,1022.14,876198,
80.3,2,server2,13,1082.88,770.2,763,0.476213,1,0,236599,1054.72,1042.9,
80259,2,server2,15,779.8,889853,763,1.43732,2,1,261518,1022.14,876198,
81179,2,server2,15,779.8,889853,763,0.733637,2,2,298346,505311,959.1,
81664,2,server2,15,779.8,889853,763,0.628127,1,2,280319,870347,1061.1,
80268,2,server2,16,865011,776.6,763,1.43732,2,1,261527,1022.14,876198,
81.66,2,server2,16,876.33,776.6,763,0.628127,1,2,280315,870347,1061.1,
90195,2,server2,16,916761,776.6,763,0.476213,1,0,246494,1054.72,1042.9,
80259,2,server2,19,776.6,860652,763,1.43732,2,1,261518,1022.14,876198,
81174,2,server2,19,776.6,860652,763,0.733637,2,2,298341,505311,959.1,
81659,2,server2,19,776.6,860652,763,0.628127,1,2,280314,870347,1061.1,
99052,2,server2,20,983173,779.8,763,0.476213,1,0,255351,1054.72,1042.9,
99052,2,server2,20,983173,779.8,763,1.43732,2,1,280311,1022.14,876198,
80259,2,server2,23,779.8,811008,763,1.43732,2,1,261518,1022.14,876198,
81657,2,server2,23,779.8,809377,763,0.628127,1,2,280312,870347,1061.1,
85324,2,server2,24,895709,779.8,763,0.628127,1,2,283979,870347,1061.1,
85324,2,server2,24,895709,779.8,763,1.43732,2,1,266583,1022.14,876198,
88981,2,server2,24,910852,779.8,763,0.476213,1,0,245.28,1054.72,1042.9,
80267,2,server2,27,776.6,881666,763,1.43732,2,1,261526,1022.14,876198,
81167,2,server2,27,776.6,881666,763,0.733637,2,2,298334,505311,959.1,
95241,2,server2,28,1014.17,779.8,763,0.476213,1,0,251.54,1054.72,1042.9,
95241,2,server2,28,1014.17,779.8,763,1.43732,2,1,276.5,1022.14,876198,
80272,2,server2,29,975165,773.4,763,1.43732,2,1,261531,1022.14,876198,
80302,2,server2,29,975165,773.4,763,0.476213,1,0,236601,1054.72,1042.9,
83263,2,server2,29,954062,773.4,763,0.628127,1,2,281918,870347,1061.1,
80353,2,server2,0,1010.68,779.8,764,0.61472,2,1,271697,853677,683875,
81386,2,server2,0,1010.68,779.8,764,1.12204,2,2,272758,1196,896055,
82036,2,server2,0,1010.68,779.8,764,0.601831,2,2,296057,797876,803.01,
80.37,2,server2,1,783803,770.2,764,0.61472,2,1,271714,853677,683875,
82025,2,server2,1,783803,770.2,764,0.601831,2,2,296046,797876,803.01,
82025,2,server2,1,783803,770.2,764,0.608943,2,2,296046,669.5,910943,
80351,2,server2,2,770.2,763599,764,0.61472,2,1,271695,853677,683875,
82024,2,server2,2,770.2,763599,764,0.601831,2,2,296045,797876,803.01,
82024,2,server2,2,770.2,763599,764,0.608943,2,2,296045,669.5,910943,
80345,2,server2,3,779.8,937735,764,0.61472,2,1,271689,853677,683875,
82025,2,server2,3,779.8,937735,764,0.601831,2,2,296046,797876,803.01,
82025,2,server2,3,779.8,937735,764,0.608943,2,2,296046,669.5,910943,
103967,2,server2,4,1201.86,779.8,764,1.12204,2,2,295339,1196,896055,
80351,2,server2,5,826846,770.2,764,0.61472,2,1,271695,853677,683875,
82061,2,server2,5,826846,770.2,764,0.601831,2,2,296082,797876,803.01,
82061,2,server2,5,826846,770.2,764,0.608943,2,2,296082,669.5,910943,
88597,2,server2,6,773.4,763599,764,0.601831,2,2,302618,797876,803.01,
88597,2,server2,6,773.4,763599,764,0.608943,2,2,302618,669.5,910943,
88597,2,server2,6,773.4,763599,764,0.61472,2,1,279941,853677,683875,
80353,2,server2,8,1078.09,779.8,764,0.61472,2,1,271697,853677,683875,
81427,2,server2,8,1086.32,779.8,764,1.12204,2,2,272799,1196,896055,
82032,2,server2,8,1086.32,779.8,764,0.601831,2,2,296053,797876,803.01,
80372,2,server2,9,907804,770.2,764,0.61472,2,1,271716,853677,683875,
82022,2,server2,9,907804,770.2,764,0.601831,2,2,296043,797876,803.01,
82022,2,server2,9,907804,770.2,764,0.608943,2,2,296043,669.5,910943,
80367,2,server2,11,779.8,947902,764,0.61472,2,1,271711,853677,683875,
82067,2,server2,11,779.8,947902,764,0.601831,2,2,296088,797876,803.01,
82067,2,server2,11,779.8,947902,764,0.608943,2,2,296088,669.5,910943,
92096,2,server2,12,1104.08,779.8,764,0.61472,2,1,283.44,853677,683875,
92096,2,server2,12,1104.08,779.8,764,1.12204,2,2,283468,1196,896055,
80365,2,server2,13,1082.88,770.2,764,0.61472,2,1,271709,853677,683875,
81.39,2,server2,13,1082.88,770.2,764,1.12204,2,2,272762,1196,896055,
82.07,2,server2,13,1082.88,770.2,764,0.601831,2,2,296091,797876,803.01,
80349,2,server2,15,779.8,889853,764,0.61472,2,1,271693,853677,683875,
82024,2,server2,15,779.8,889853,764,0.601831,2,2,296045,797876,803.01,
82024,2,server2,15,779.8,889853,764,0.608943,2,2,296045,669.5,910943,
80348,2,server2,16,865011,776.6,764,0.61472,2,1,271692,853677,683875,
82022,2,server2,16,876.33,776.6,764,0.601831,2,2,296043,797876,803.01,
82022,2,server2,16,876.33,776.6,764,0.608943,2,2,296043,669.5,910943,
90196,2,server2,16,921237,776.6,764,1.12204,2,2,281568,1196,896055,
80364,2,server2,19,776.6,860652,764,0.61472,2,1,271708,853677,683875,
82039,2,server2,19,776.6,860652,764,0.601831,2,2,296.06,797876,803.01,
82039,2,server2,19,776.6,860652,764,0.608943,2,2,296.06,669.5,910943,
99052,2,server2,20,983173,779.8,764,0.601831,2,2,313073,797876,803.01,
99052,2,server2,20,983173,779.8,764,0.61472,2,1,290396,853677,683875,
99052,2,server2,20,983173,779.8,764,1.12204,2,2,290424,1196,896055,
82.06,2,server2,23,779.8,809377,764,0.601831,2,2,296081,797876,803.01,
82.06,2,server2,23,779.8,809377,764,0.608943,2,2,296081,669.5,910943,
85324,2,server2,24,895709,779.8,764,0.601831,2,2,299345,797876,803.01,
85324,2,server2,24,895709,779.8,764,0.608943,2,2,299345,669.5,910943,
85324,2,server2,24,895709,779.8,764,0.61472,2,1,276668,853677,683875,
91421,2,server2,24,919927,779.8,764,1.12204,2,2,282793,1196,896055,
80402,2,server2,27,776.6,881666,764,0.61472,2,1,271746,853677,683875,
95241,2,server2,28,1014.17,779.8,764,0.601831,2,2,309262,797876,803.01,
95241,2,server2,28,1014.17,779.8,764,0.61472,2,1,286585,853677,683875,
95241,2,server2,28,1014.17,779.8,764,1.12204,2,2,286613,1196,896055,
80347,2,server2,29,975165,773.4,764,0.61472,2,1,271691,853677,683875,
81421,2,server2,29,973836,773.4,764,1.12204,2,2,272793,1196,896055,
82046,2,server2,29,973836,773.4,764,0.601831,2,2,296067,797876,803.01,
83265,2,server2,29,935887,773.4,764,0.608943,2,2,297286,669.5,910943,
82231,2,server2,0,1010.68,779.8,765,1.98732,2,0,241447,851.53,645224,
80.37,2,server2,1,783803,770.2,765,1.9191,2,1,271715,502403,693322,
82.22,2,server2,1,783803,770.2,765,1.98732,2,0,241436,851.53,645224,
80351,2,server2,2,770.2,763599,765,1.9191,2,1,271696,502403,693322,
82219,2,server2,2,770.2,763599,765,1.98732,2,0,241435,851.53,645224,
89765,2,server2,3,779.8,935314,765,1.98732,2,0,248981,851.53,645224,
82221,2,server2,5,826846,770.2,765,1.98732,2,0,241437,851.53,645224,
88597,2,server2,6,773.4,763599,765,1.9191,2,1,279942,502403,693322,
88597,2,server2,6,773.4,763599,765,1.98732,2,0,247813,851.53,645224,
82247,2,server2,8,1086.32,779.8,765,1.98732,2,0,241463,851.53,645224,
82247,2,server2,9,907804,770.2,765,1.98732,2,0,241463,851.53,645224,
92265,2,server2,11,779.8,936.12,765,1.98732,2,0,251481,851.53,645224,
92096,2,server2,12,1104.08,779.8,765,1.98732,2,0,251312,851.53,645224,
82245,2,server2,13,1082.88,770.2,765,1.98732,2,0,241461,851.53,645224,
82219,2,server2,15,779.8,889853,765,1.98732,2,0,241435,851.53,645224,
82222,2,server2,16,876.33,776.6,765,1.98732,2,0,241438,851.53,645224,
82224,2,server2,19,776.6,860652,765,1.98732,2,0,241.44,851.53,645224,
99052,2,server2,20,983173,779.8,765,1.98732,2,0,258268,851.53,645224,
82.22,2,server2,23,779.8,809377,765,1.98732,2,0,241436,851.53,645224,
85324,2,server2,24,895709,779.8,765,1.98732,2,0,244.54,851.53,645224,
82.22,2,server2,27,776.6,814.7,765,1.9191,2,1,273565,502403,693322,
95241,2,server2,28,1014.17,779.8,765,1.98732,2,0,254457,851.53,645224,
82226,2,server2,29,973836,773.4,765,1.98732,2,0,241442,851.53,645224,
80431,2,server2,0,1010.68,779.8,766,0.454683,2,2,287.84,834003,569.45,
83326,2,server2,0,1017.65,779.8,766,0.428907,2,2,292585,829362,880.38,
83326,2,server2,0,1017.65,779.8,766,0.701694,2,2,284589,1149.82,858548,
85366,2,server2,0,1017.65,779.8,766,0.404663,2,2,321709,911624,871.67,
80.42,2,server2,1,783803,770.2,766,0.454683,2,2,287829,834003,569.45,
83265,2,server2,1,782509,770.2,766,0.428907,2,2,292524,829362,880.38,
85685,2,server2,1,782509,770.2,766,0.404663,2,2,322028,911624,871.67,
85685,2,server2,1,782509,770.2,766,0.541775,2,2,322028,809276,534376,
89.85,2,server2,1,779.92,770.2,766,1.41074,2,1,279067,684373,1054.41,
83264,2,server2,2,770.2,763599,766,0.428907,2,2,292523,829362,880.38,
85.35,2,server2,2,770.2,763599,766,0.404663,2,2,321693,911624,871.67,
85.35,2,server2,2,770.2,763599,766,0.541775,2,2,321693,809276,534376,
106151,2,server2,2,770.2,767012,766,1.41074,2,1,295368,684373,1054.41,
82.22,2,server2,3,779.8,937735,766,1.41074,2,1,271437,684373,1054.41,
83265,2,server2,3,779.8,936526,766,0.428907,2,2,292524,829362,880.38,
85345,2,server2,3,779.8,936526,766,0.404663,2,2,321688,911624,871.67,
106286,2,server2,3,779.8,864084,766,0.454683,2,2,313695,834003,569.45,
103967,2,server2,4,1201.86,779.8,766,0.701694,2,2,305.23,1149.82,858548,
80421,2,server2,5,826846,770.2,766,0.454683,2,2,287.83,834003,569.45,
83271,2,server2,5,826846,770.2,766,0.428907,2,2,292.53,829362,880.38,
85431,2,server2,5,826846,770.2,766,0.404663,2,2,321774,911624,871.67,
85431,2,server2,5,826846,770.2,766,0.541775,2,2,321774,809276,534376,
88597,2,server2,6,773.4,763599,766,0.404663,2,2,324.94,911624,871.67,
88597,2,server2,6,773.4,763599,766,0.428907,2,2,297856,829362,880.38,
88597,2,server2,6,773.4,763599,766,0.454683,2,2,296006,834003,569.45,
88597,2,server2,6,773.4,763599,766,0.541775,2,2,324.94,809276,534376,
102596,2,server2,6,773.4,768196,766,1.41074,2,1,291813,684373,1054.41,
83267,2,server2,8,1086.32,779.8,766,0.428907,2,2,292526,829362,880.38,
83267,2,server2,8,1086.32,779.8,766,0.701694,2,2,284.53,1149.82,858548,
85348,2,server2,8,1089.61,779.8,766,0.404663,2,2,321691,911624,871.67,
80447,2,server2,9,907804,770.2,766,0.454683,2,2,287856,834003,569.45,
83271,2,server2,9,907804,770.2,766,0.428907,2,2,292.53,829362,880.38,
83271,2,server2,9,907804,770.2,766,0.701694,2,2,284534,1149.82,858548,
85361,2,server2,9,907804,770.2,766,0.404663,2,2,321704,911624,871.67,
85361,2,server2,9,907804,770.2,766,0.541775,2,2,321704,809276,534376,
82227,2,server2,11,779.8,947902,766,1.41074,2,1,271444,684373,1054.41,
83297,2,server2,11,779.8,947902,766,0.428907,2,2,292556,829362,880.38,
85452,2,server2,11,779.8,947902,766,0.404663,2,2,321795,911624,871.67,
95.7,2,server2,11,779.8,864075,766,0.454683,2,2,303109,834003,569.45,
102842,2,server2,11,779.8,832605,766,0.541775,2,2,339185,809276,534376,
92096,2,server2,12,1104.08,779.8,766,0.404663,2,2,328439,911624,871.67,
92096,2,server2,12,1104.08,779.8,766,0.428907,2,2,301355,829362,880.38,
92096,2,server2,12,1104.08,779.8,766,0.701694,2,2,293359,1149.82,858548,
83.29,2,server2,13,1081.82,770.2,766,0.428907,2,2,292549,829362,880.38,
83.29,2,server2,13,1081.82,770.2,766,0.701694,2,2,284553,1149.82,858548,
85355,2,server2,13,1081.82,770.2,766,0.404663,2,2,321698,911624,871.67,
97663,2,server2,13,1056.49,770.2,766,0.454683,2,2,305072,834003,569.45,
82219,2,server2,15,779.8,889853,766,1.41074,2,1,271436,684373,1054.41,
83274,2,server2,15,779.8,888569,766,0.428907,2,2,292533,829362,880.38,
85349,2,server2,15,779.8,888569,766,0.404663,2,2,321692,911624,871.67,
80413,2,server2,16,865011,776.6,766,0.454683,2,2,287822,834003,569.45,
83267,2,server2,16,876.33,776.6,766,0.428907,2,2,292526,829362,880.38,
83267,2,server2,16,876.33,776.6,766,0.701694,2,2,284.53,1149.82,858548,
85347,2,server2,16,884.81,776.6,766,0.404663,2,2,321.69,911624,871.67,
85347,2,server2,16,884.81,776.6,766,0.541775,2,2,321.69,809276,534376,
80409,2,server2,19,776.6,860652,766,0.454683,2,2,287818,834003,569.45,
82224,2,server2,19,776.6,860652,766,1.41074,2,1,271441,684373,1054.41,
83274,2,server2,19,776.6,860652,766,0.428907,2,2,292533,829362,880.38,
85359,2,server2,19,776.6,860652,766,0.404663,2,2,321702,911624,871.67,
99052,2,server2,20,983173,779.8,766,0.404663,2,2,335395,911624,871.67,
99052,2,server2,20,983173,779.8,766,0.428907,2,2,308311,829362,880.38,
99052,2,server2,20,983173,779.8,766,0.454683,2,2,306461,834003,569.45,
99052,2,server2,20,983173,779.8,766,0.701694,2,2,300315,1149.82,858548,
83267,2,server2,21,1391.51,770.2,766,0.701694,2,2,284.53,1149.82,858548,
80416,2,server2,23,779.8,810253,766,0.454683,2,2,287825,834003,569.45,
82.22,2,server2,23,779.8,809377,766,1.41074,2,1,271437,684373,1054.41,
83264,2,server2,23,779.8,809332,766,0.428907,2,2,292523,829362,880.38,
85324,2,server2,24,895709,779.8,766,0.428907,2,2,294583,829362,880.38,
85324,2,server2,24,895709,779.8,766,0.454683,2,2,292733,834003,569.45,
85324,2,server2,24,895709,779.8,766,0.701694,2,2,286587,1149.82,858548,
85346,2,server2,24,897227,779.8,766,0.404663,2,2,321689,911624,871.67,
85346,2,server2,24,897227,779.8,766,0.541775,2,2,321689,809276,534376,
81949,2,server2,27,776.6,863228,766,0.454683,2,2,289358,834003,569.45,
83.26,2,server2,27,776.6,801.52,766,0.428907,2,2,292519,829362,880.38,
85344,2,server2,27,776.6,801415,766,0.404663,2,2,321687,911624,871.67,
85344,2,server2,27,776.6,801415,766,0.541775,2,2,321687,809276,534376,
95241,2,server2,28,1014.17,779.8,766,0.404663,2,2,331584,911624,871.67,
95241,2,server2,28,1014.17,779.8,766,0.428907,2,2,304.5,829362,880.38,
95241,2,server2,28,1014.17,779.8,766,0.454683,2,2,302.65,834003,569.45,
95241,2,server2,28,1014.17,779.8,766,0.701694,2,2,296504,1149.82,858548,
80436,2,server2,29,973836,773.4,766,0.454683,2,2,287845,834003,569.45,
85367,2,server2,29,920426,773.4,766,0.404663,2,2,321.71,911624,871.67,
85367,2,server2,29,920426,773.4,766,0.541775,2,2,321.71,809276,534376,
80431,2,server2,0,1010.68,779.8,767,0.963134,2,2,287846,778207,630867,
92.44,2,server2,0,1019.04,779.8,767,0.572208,2,2,305705,1202.78,1016.5,
80.42,2,server2,1,783803,770.2,767,0.963134,2,2,287835,778207,630867,
82.22,2,server2,1,783803,770.2,767,1.5478,2,1,271438,689035,620742,
82219,2,server2,2,770.2,763599,767,1.5478,2,1,271437,689035,620742,
97163,2,server2,3,779.8,930476,767,0.963134,2,2,304578,778207,630867,
98157,2,server2,3,779.8,906314,767,1.5478,2,1,287375,689035,620742,
103967,2,server2,4,1201.86,779.8,767,0.572208,2,2,317232,1202.78,1016.5,
80421,2,server2,5,826846,770.2,767,0.963134,2,2,287836,778207,630867,
82221,2,server2,5,826846,770.2,767,1.5478,2,1,271439,689035,620742,
88597,2,server2,6,773.4,763599,767,0.963134,2,2,296012,778207,630867,
88597,2,server2,6,773.4,763599,767,1.5478,2,1,277815,689035,620742,
83267,2,server2,8,1086.32,779.8,767,0.572208,2,2,296532,1202.78,1016.5,
80447,2,server2,9,907804,770.2,767,0.963134,2,2,287862,778207,630867,
82247,2,server2,9,907804,770.2,767,1.5478,2,1,271465,689035,620742,
92267,2,server2,11,779.8,929573,767,0.963134,2,2,299682,778207,630867,
94878,2,server2,11,779.8,906011,767,1.5478,2,1,284096,689035,620742,
92096,2,server2,12,1104.08,779.8,767,0.572208,2,2,305361,1202.78,1016.5,
83.29,2,server2,13,1081.82,770.2,767,0.572208,2,2,296555,1202.78,1016.5,
80424,2,server2,15,779.8,889853,767,0.963134,2,2,287839,778207,630867,
82219,2,server2,15,779.8,889853,767,1.5478,2,1,271437,689035,620742,
80428,2,server2,16,865011,776.6,767,0.963134,2,2,287843,778207,630867,
82222,2,server2,16,876.33,776.6,767,1.5478,2,1,271.44,689035,620742,
96956,2,server2,16,1023.01,776.6,767,0.572208,2,2,310221,1202.78,1016.5,
80429,2,server2,19,776.6,860652,767,0.963134,2,2,287844,778207,630867,
82224,2,server2,19,776.6,860652,767,1.5478,2,1,271442,689035,620742,
99052,2,server2,20,983173,779.8,767,0.963134,2,2,306467,778207,630867,
88342,2,server2,21,1373.88,770.2,767,0.572208,2,2,301607,1202.78,1016.5,
80416,2,server2,23,779.8,810253,767,0.963134,2,2,287831,778207,630867,
82.22,2,server2,23,779.8,809377,767,1.5478,2,1,271438,689035,620742,
85324,2,server2,24,895709,779.8,767,0.963134,2,2,292739,778207,630867,
85324,2,server2,24,895709,779.8,767,1.5478,2,1,274542,689035,620742,
100064,2,server2,24,1019.77,779.8,767,0.572208,2,2,313329,1202.78,1016.5,
80422,2,server2,27,776.6,881666,767,0.963134,2,2,287837,778207,630867,
95241,2,server2,28,1014.17,779.8,767,0.963134,2,2,302656,778207,630867,
101328,2,server2,28,1018.86,779.8,767,0.572208,2,2,314593,1202.78,1016.5,
80436,2,server2,29,973836,773.4,767,0.963134,2,2,287851,778207,630867,
83264,2,server2,29,946241,773.4,767,1.5478,2,1,272482,689035,620742,
81176,2,server2,0,1010.68,779.8,768,0.527439,2,2,298343,861539,1013.2,
83326,2,server2,0,1017.65,779.8,768,0.405015,1,1,265592,942225,920888,
85466,2,server2,0,1017.65,779.8,768,1.4541,2,1,270905,1047.85,777356,
81515,2,server2,1,783803,770.2,768,0.527439,2,2,298682,861539,1013.2,
83315,2,server2,1,782509,770.2,768,0.405015,1,1,265581,942225,920888,
85685,2,server2,1,782509,770.2,768,1.4541,2,1,271124,1047.85,777356,
81173,2,server2,2,770.2,763599,768,0.527439,2,2,298.34,861539,1013.2,
83269,2,server2,2,770.2,763599,768,0.405015,1,1,265535,942225,920888,
85.44,2,server2,2,770.2,763599,768,1.4541,2,1,270879,1047.85,777356,
81.17,2,server2,3,779.8,937735,768,0.527439,2,2,298337,861539,1013.2,
82.22,2,server2,3,779.8,937735,768,1.05543,1,2,317439,842564,1071.14,
83275,2,server2,3,779.8,936526,768,0.405015,1,1,265541,942225,920888,
97.7,2,server2,3,779.8,911134,768,1.4541,2,1,283139,1047.85,777356,
103967,2,server2,4,1201.86,779.8,768,0.405015,1,1,286233,942225,920888,
103967,2,server2,4,1201.86,779.8,768,1.4541,2,1,289406,1047.85,777356,
81216,2,server2,5,826846,770.2,768,0.527439,2,2,298383,861539,1013.2,
83271,2,server2,5,826846,770.2,768,0.405015,1,1,265537,942225,920888,
85526,2,server2,5,826846,770.2,768,1.4541,2,1,270965,1047.85,777356,
88597,2,server2,6,773.4,763599,768,0.405015,1,1,270863,942225,920888,
88597,2,server2,6,773.4,763599,768,0.527439,2,2,305764,861539,1013.2,
88597,2,server2,6,773.4,763599,768,1.4541,2,1,274036,1047.85,777356,
102646,2,server2,6,773.4,779261,768,1.05543,1,2,337865,842564,1071.14,
83267,2,server2,8,1086.32,779.8,768,0.405015,1,1,265533,942225,920888,
85448,2,server2,8,1091.25,779.8,768,1.4541,2,1,270887,1047.85,777356,
81192,2,server2,9,907804,770.2,768,0.527439,2,2,298359,861539,1013.2,
83271,2,server2,9,907804,770.2,768,0.405015,1,1,265537,942225,920888,
85446,2,server2,9,907804,770.2,768,1.4541,2,1,270885,1047.85,777356,
81182,2,server2,11,779.8,947902,768,0.527439,2,2,298349,861539,1013.2,
82227,2,server2,11,779.8,947902,768,1.05543,1,2,317446,842564,1071.14,
83297,2,server2,11,779.8,947902,768,0.405015,1,1,265563,942225,920888,
94877,2,server2,11,779.8,911236,768,1.4541,2,1,280316,1047.85,777356,
92096,2,server2,12,1104.08,779.8,768,0.405015,1,1,274362,942225,920888,
92096,2,server2,12,1104.08,779.8,768,1.4541,2,1,277535,1047.85,777356,
83.29,2,server2,13,1081.82,770.2,768,0.405015,1,1,265556,942225,920888,
85.48,2,server2,13,1081.82,770.2,768,1.4541,2,1,270919,1047.85,777356,
81179,2,server2,15,779.8,889853,768,0.527439,2,2,298346,861539,1013.2,
82234,2,server2,15,779.8,889853,768,1.05543,1,2,317453,842564,1071.14,
83274,2,server2,15,779.8,888569,768,0.405015,1,1,265.54,942225,920888,
85454,2,server2,15,779.8,888569,768,1.4541,2,1,270893,1047.85,777356,
81172,2,server2,16,872.09,776.6,768,0.527439,2,2,298339,861539,1013.2,
82222,2,server2,16,876.33,776.6,768,1.05543,1,2,317441,842564,1071.14,
83267,2,server2,16,876.33,776.6,768,0.405015,1,1,265533,942225,920888,
85447,2,server2,16,884.81,776.6,768,1.4541,2,1,270886,1047.85,777356,
81174,2,server2,19,776.6,860652,768,0.527439,2,2,298341,861539,1013.2,
82224,2,server2,19,776.6,860652,768,1.05543,1,2,317443,842564,1071.14,
83274,2,server2,19,776.6,860652,768,0.405015,1,1,265.54,942225,920888,
85444,2,server2,19,776.6,860652,768,1.4541,2,1,270883,1047.85,777356,
99052,2,server2,20,983173,779.8,768,0.405015,1,1,281318,942225,920888,
99052,2,server2,20,983173,779.8,768,0.527439,2,2,316219,861539,1013.2,
99052,2,server2,20,983173,779.8,768,1.4541,2,1,284491,1047.85,777356,
102543,2,server2,21,1347.42,770.2,768,1.4541,2,1,287982,1047.85,777356,
82.22,2,server2,23,779.8,809377,768,1.05543,1,2,317439,842564,1071.14,
83274,2,server2,23,779.8,809332,768,0.405015,1,1,265.54,942225,920888,
85461,2,server2,23,779.8,808915,768,1.4541,2,1,270.9,1047.85,777356,
85324,2,server2,24,895709,779.8,768,0.405015,1,1,267.59,942225,920888,
85324,2,server2,24,895709,779.8,768,0.527439,2,2,302491,861539,1013.2,
85324,2,server2,24,895709,779.8,768,1.05543,1,2,320543,842564,1071.14,
85477,2,server2,24,897227,779.8,768,1.4541,2,1,270916,1047.85,777356,
81167,2,server2,27,776.6,881666,768,0.527439,2,2,298334,861539,1013.2,
83.27,2,server2,27,776.6,801.52,768,0.405015,1,1,265536,942225,920888,
95241,2,server2,28,1014.17,779.8,768,0.405015,1,1,277507,942225,920888,
95241,2,server2,28,1014.17,779.8,768,0.527439,2,2,312408,861539,1013.2,
95241,2,server2,28,1014.17,779.8,768,1.4541,2,1,280.68,1047.85,777356,
81206,2,server2,29,973836,773.4,768,0.527439,2,2,298373,861539,1013.2,
85442,2,server2,29,920426,773.4,768,1.4541,2,1,270881,1047.85,777356,
99124,2,server2,29,877888,773.4,768,1.05543,1,2,334343,842564,1071.14,
82231,2,server2,0,1010.68,779.8,769,1.7454,2,2,296452,826849,894408,
83546,2,server2,0,1017.65,779.8,769,0.521701,2,2,316091,1079.57,627891,
85761,2,server2,0,1017.65,779.8,769,0.414631,1,2,257512,1159.3,865652,
86201,2,server2,0,1017.65,779.8,769,0.682487,2,2,337379,1135.05,595.76,
82.23,2,server2,1,783803,770.2,769,1.7454,2,2,296451,826849,894408,
82229,2,server2,2,770.2,763599,769,1.7454,2,2,296.45,826849,894408,
82.23,2,server2,3,779.8,937735,769,1.7454,2,2,296451,826849,894408,
103967,2,server2,4,1201.86,779.8,769,0.414631,1,2,275718,1159.3,865652,
103967,2,server2,4,1201.86,779.8,769,0.521701,2,2,336512,1079.57,627891,
103967,2,server2,4,1201.86,779.8,769,0.682487,2,2,355145,1135.05,595.76,
82256,2,server2,5,826846,770.2,769,1.7454,2,2,296477,826849,894408,
83551,2,server2,5,826846,770.2,769,0.521701,2,2,316096,1079.57,627891,
88597,2,server2,6,773.4,763599,769,1.7454,2,2,302818,826849,894408,
82247,2,server2,8,1086.32,779.8,769,1.7454,2,2,296468,826849,894408,
83552,2,server2,8,1086.32,779.8,769,0.521701,2,2,316097,1079.57,627891,
85753,2,server2,8,1091.25,779.8,769,0.414631,1,2,257504,1159.3,865652,
82247,2,server2,9,907804,770.2,769,1.7454,2,2,296468,826849,894408,
83546,2,server2,9,907804,770.2,769,0.521701,2,2,316091,1079.57,627891,
85756,2,server2,9,907804,770.2,769,0.414631,1,2,257507,1159.3,865652,
82227,2,server2,11,779.8,947902,769,1.7454,2,2,296448,826849,894408,
92096,2,server2,12,1104.08,779.8,769,0.414631,1,2,263847,1159.3,865652,
92096,2,server2,12,1104.08,779.8,769,0.521701,2,2,324641,1079.57,627891,
92096,2,server2,12,1104.08,779.8,769,0.682487,2,2,343274,1135.05,595.76,
92096,2,server2,12,1104.08,779.8,769,1.7454,2,2,306317,826849,894408,
82245,2,server2,13,1082.88,770.2,769,1.7454,2,2,296466,826849,894408,
83.58,2,server2,13,1081.82,770.2,769,0.521701,2,2,316125,1079.57,627891,
85765,2,server2,13,1081.82,770.2,769,0.414631,1,2,257516,1159.3,865652,
86255,2,server2,13,1081.82,770.2,769,0.682487,2,2,337433,1135.05,595.76,
82234,2,server2,15,779.8,889853,769,1.7454,2,2,296455,826849,894408,
82222,2,server2,16,876.33,776.6,769,1.7454,2,2,296443,826849,894408,
83557,2,server2,16,876.33,776.6,769,0.521701,2,2,316102,1079.57,627891,
85757,2,server2,16,884.81,776.6,769,0.414631,1,2,257508,1159.3,865652,
90019,2,server2,16,896121,776.6,769,0.682487,2,2,341197,1135.05,595.76,
82224,2,server2,19,776.6,860652,769,1.7454,2,2,296445,826849,894408,
99052,2,server2,20,983173,779.8,769,0.414631,1,2,270803,1159.3,865652,
99052,2,server2,20,983173,779.8,769,0.521701,2,2,331597,1079.57,627891,
99052,2,server2,20,983173,779.8,769,0.682487,2,2,350.23,1135.05,595.76,
99052,2,server2,20,983173,779.8,769,1.7454,2,2,313273,826849,894408,
86.18,2,server2,21,1378.93,770.2,769,0.682487,2,2,337358,1135.05,595.76,
82225,2,server2,23,779.8,809377,769,1.7454,2,2,296446,826849,894408,
85324,2,server2,24,895709,779.8,769,0.521701,2,2,317869,1079.57,627891,
85324,2,server2,24,895709,779.8,769,1.7454,2,2,299545,826849,894408,
85754,2,server2,24,898741,779.8,769,0.414631,1,2,257505,1159.3,865652,
86184,2,server2,24,898741,779.8,769,0.682487,2,2,337362,1135.05,595.76,
95241,2,server2,28,1014.17,779.8,769,0.414631,1,2,266992,1159.3,865652,
95241,2,server2,28,1014.17,779.8,769,0.521701,2,2,327786,1079.57,627891,
95241,2,server2,28,1014.17,779.8,769,0.682487,2,2,346419,1135.05,595.76,
95241,2,server2,28,1014.17,779.8,769,1.7454,2,2,309462,826849,894408,
82226,2,server2,29,973836,773.4,769,1.7454,2,2,296447,826849,894408,
83547,2,server2,29,920426,773.4,769,0.521701,2,2,316092,1079.57,627891,
85757,2,server2,29,920426,773.4,769,0.414631,1,2,257508,1159.3,865652,
86182,2,server2,29,920426,773.4,769,0.682487,2,2,337.36,1135.05,595.76,
82531,2,server2,0,1010.68,779.8,770,0.755199,2,0,244052,749883,751111,
85836,2,server2,0,1017.65,779.8,770,0.671096,1,2,332658,844.47,724267,
86061,2,server2,0,1017.65,779.8,770,0.483081,2,0,240111,1159.86,554225,
82535,2,server2,1,783803,770.2,770,0.755199,2,0,244056,749883,751111,
82.69,2,server2,1,783803,770.2,770,2.62806,2,2,328338,686644,948708,
83.58,2,server2,1,782509,770.2,770,1.7875,2,2,316128,592759,737488,
85685,2,server2,1,782509,770.2,770,0.40971,2,1,278009,763829,504.24,
85.87,2,server2,1,782509,770.2,770,0.671096,1,2,332692,844.47,724267,
86.21,2,server2,1,782509,770.2,770,0.476873,2,2,294406,636388,903989,
82524,2,server2,2,770.2,763599,770,0.755199,2,0,244045,749883,751111,
82649,2,server2,2,770.2,763599,770,2.62806,2,2,328297,686644,948708,
83554,2,server2,2,770.2,763599,770,1.7875,2,2,316102,592759,737488,
85325,2,server2,2,770.2,763599,770,0.40971,2,1,277649,763829,504.24,
85825,2,server2,2,770.2,763599,770,0.671096,1,2,332647,844.47,724267,
86.2,2,server2,2,770.2,763599,770,0.476873,2,2,294396,636388,903989,
82525,2,server2,3,779.8,937735,770,0.755199,2,0,244046,749883,751111,
82655,2,server2,3,779.8,937735,770,2.62806,2,2,328303,686644,948708,
83.55,2,server2,3,779.8,936526,770,1.7875,2,2,316098,592759,737488,
85825,2,server2,3,779.8,936526,770,0.671096,1,2,332647,844.47,724267,
86.2,2,server2,3,779.8,936526,770,0.476873,2,2,294396,636388,903989,
103967,2,server2,4,1201.86,779.8,770,0.483081,2,0,258017,1159.86,554225,
82546,2,server2,5,826846,770.2,770,0.755199,2,0,244067,749883,751111,
82656,2,server2,5,826846,770.2,770,2.62806,2,2,328304,686644,948708,
83551,2,server2,5,826846,770.2,770,1.7875,2,2,316099,592759,737488,
85336,2,server2,5,826846,770.2,770,0.40971,2,1,277.66,763829,504.24,
85826,2,server2,5,826846,770.2,770,0.671096,1,2,332648,844.47,724267,
86206,2,server2,5,826846,770.2,770,0.476873,2,2,294402,636388,903989,
88597,2,server2,6,773.4,763599,770,0.40971,2,1,280921,763829,504.24,
88597,2,server2,6,773.4,763599,770,0.476873,2,2,296793,636388,903989,
88597,2,server2,6,773.4,763599,770,0.671096,1,2,335419,844.47,724267,
88597,2,server2,6,773.4,763599,770,0.755199,2,0,250118,749883,751111,
88597,2,server2,6,773.4,763599,770,1.7875,2,2,321145,592759,737488,
88597,2,server2,6,773.4,763599,770,2.62806,2,2,334245,686644,948708,
86052,2,server2,8,1099.47,779.8,770,0.483081,2,0,240102,1159.86,554225,
82553,2,server2,9,907804,770.2,770,0.755199,2,0,244074,749883,751111,
82653,2,server2,9,907804,770.2,770,2.62806,2,2,328301,686644,948708,
85831,2,server2,9,907804,770.2,770,0.671096,1,2,332653,844.47,724267,
86039,2,server2,9,901899,770.2,770,0.40971,2,1,278363,763829,504.24,
86047,2,server2,9,890.09,770.2,770,1.7875,2,2,318595,592759,737488,
86209,2,server2,9,887732,770.2,770,0.476873,2,2,294405,636388,903989,
82547,2,server2,11,779.8,947902,770,0.755199,2,0,244068,749883,751111,
82702,2,server2,11,779.8,947902,770,2.62806,2,2,328.35,686644,948708,
83562,2,server2,11,779.8,947902,770,1.7875,2,2,316.11,592759,737488,
85857,2,server2,11,779.8,947902,770,0.671096,1,2,332679,844.47,724267,
86217,2,server2,11,779.8,947902,770,0.476873,2,2,294413,636388,903989,
92096,2,server2,12,1104.08,779.8,770,0.483081,2,0,246146,1159.86,554225,
92096,2,server2,12,1104.08,779.8,770,0.671096,1,2,338918,844.47,724267,
85825,2,server2,13,1081.82,770.2,770,0.671096,1,2,332647,844.47,724267,
86105,2,server2,13,1081.82,770.2,770,0.483081,2,0,240155,1159.86,554225,
82534,2,server2,15,779.8,888569,770,0.755199,2,0,244055,749883,751111,
82659,2,server2,15,779.8,888569,770,2.62806,2,2,328307,686644,948708,
83559,2,server2,15,779.8,888569,770,1.7875,2,2,316107,592759,737488,
85829,2,server2,15,779.8,888569,770,0.671096,1,2,332651,844.47,724267,
86199,2,server2,15,779.8,888569,770,0.476873,2,2,294395,636388,903989,
82522,2,server2,16,876.33,776.6,770,0.755199,2,0,244043,749883,751111,
82662,2,server2,16,876.33,776.6,770,2.62806,2,2,328.31,686644,948708,
83557,2,server2,16,876.33,776.6,770,1.7875,2,2,316105,592759,737488,
85332,2,server2,16,884.81,776.6,770,0.40971,2,1,277656,763829,504.24,
85822,2,server2,16,884.81,776.6,770,0.671096,1,2,332644,844.47,724267,
86202,2,server2,16,884.81,776.6,770,0.476873,2,2,294398,636388,903989,
92956,2,server2,16,958.66,776.6,770,0.483081,2,0,247006,1159.86,554225,
82539,2,server2,19,776.6,860652,770,0.755199,2,0,244.06,749883,751111,
82664,2,server2,19,776.6,860652,770,2.62806,2,2,328312,686644,948708,
83564,2,server2,19,776.6,860652,770,1.7875,2,2,316112,592759,737488,
85824,2,server2,19,776.6,860652,770,0.671096,1,2,332646,844.47,724267,
86204,2,server2,19,776.6,860652,770,0.476873,2,2,294.4,636388,903989,
99052,2,server2,20,983173,779.8,770,0.483081,2,0,253102,1159.86,554225,
99052,2,server2,20,983173,779.8,770,0.671096,1,2,345874,844.47,724267,
99052,2,server2,20,983173,779.8,770,0.755199,2,0,260573,749883,751111,
89054,2,server2,21,1367.58,770.2,770,0.483081,2,0,243104,1159.86,554225,
82525,2,server2,23,779.8,809377,770,0.755199,2,0,244046,749883,751111,
82.65,2,server2,23,779.8,809377,770,2.62806,2,2,328298,686644,948708,
85844,2,server2,23,779.8,808914,770,0.671096,1,2,332666,844.47,724267,
86.2,2,server2,23,779.8,808914,770,0.476873,2,2,294396,636388,903989,
85324,2,server2,24,895709,779.8,770,0.755199,2,0,246845,749883,751111,
85324,2,server2,24,895709,779.8,770,2.62806,2,2,330972,686644,948708,
85829,2,server2,24,898741,779.8,770,0.671096,1,2,332651,844.47,724267,
86226,2,server2,24,898741,779.8,770,0.476873,2,2,294422,636388,903989,
95291,2,server2,24,962281,779.8,770,0.483081,2,0,249341,1159.86,554225,
83572,2,server2,27,776.6,801.48,770,1.7875,2,2,316.12,592759,737488,
85324,2,server2,27,776.6,801415,770,0.40971,2,1,277648,763829,504.24,
85831,2,server2,27,776.6,801411,770,0.671096,1,2,332653,844.47,724267,
95241,2,server2,28,1014.17,779.8,770,0.483081,2,0,249291,1159.86,554225,
95241,2,server2,28,1014.17,779.8,770,0.671096,1,2,342063,844.47,724267,
95241,2,server2,28,1014.17,779.8,770,0.755199,2,0,256762,749883,751111,
82531,2,server2,29,973836,773.4,770,0.755199,2,0,244052,749883,751111,
83266,2,server2,29,926.86,773.4,770,2.62806,2,2,328914,686644,948708,
85827,2,server2,29,920426,773.4,770,0.671096,1,2,332649,844.47,724267,
89395,2,server2,29,906355,773.4,770,0.476873,2,2,297591,636388,903989,
95705,2,server2,29,896146,773.4,770,0.40971,2,1,288029,763829,504.24,
99122,2,server2,29,889787,773.4,770,1.7875,2,2,331.67,592759,737488,
83951,2,server2,0,1017.65,779.8,771,0.405791,2,2,294802,949167,701111,
85836,2,server2,0,1017.65,779.8,771,1.5828,2,2,332658,1167.06,938796,
86201,2,server2,0,1017.65,779.8,771,0.541666,1,2,337379,1017.26,793336,
86276,2,server2,0,1017.65,779.8,771,0.416058,1,1,279502,1102.97,866951,
83855,2,server2,1,782509,770.2,771,0.405791,2,2,294706,949167,701111,
84435,2,server2,1,782509,770.2,771,0.782723,2,2,286863,810356,517663,
86.21,2,server2,1,782509,770.2,771,0.541666,1,2,337388,1017.26,793336,
83859,2,server2,2,770.2,763599,771,0.405791,2,2,294.71,949167,701111,
86185,2,server2,2,770.2,763599,771,0.541666,1,2,337363,1017.26,793336,
82655,2,server2,3,779.8,937735,771,0.953984,2,1,263306,704.97,1088.29,
83855,2,server2,3,779.8,936526,771,0.405791,2,2,294706,949167,701111,
86.18,2,server2,3,779.8,936526,771,0.541666,1,2,337358,1017.26,793336,
103967,2,server2,4,1201.86,779.8,771,0.405791,2,2,314818,949167,701111,
103967,2,server2,4,1201.86,779.8,771,0.416058,1,1,297193,1102.97,866951,
103967,2,server2,4,1201.86,779.8,771,0.541666,1,2,355145,1017.26,793336,
103967,2,server2,4,1201.86,779.8,771,1.5828,2,2,350789,1167.06,938796,
83866,2,server2,5,826846,770.2,771,0.405791,2,2,294717,949167,701111,
84431,2,server2,5,826846,770.2,771,0.782723,2,2,286859,810356,517663,
86186,2,server2,5,826846,770.2,771,0.541666,1,2,337364,1017.26,793336,
86241,2,server2,5,826846,770.2,771,0.416058,1,1,279467,1102.97,866951,
88597,2,server2,6,773.4,763599,771,0.405791,2,2,299448,949167,701111,
88597,2,server2,6,773.4,763599,771,0.541666,1,2,339775,1017.26,793336,
88597,2,server2,6,773.4,763599,771,0.782723,2,2,291025,810356,517663,
103222,2,server2,6,773.4,796806,771,0.953984,2,1,283873,704.97,1088.29,
83862,2,server2,8,1086.32,779.8,771,0.405791,2,2,294713,949167,701111,
86245,2,server2,8,1124.15,779.8,771,0.416058,1,1,279471,1102.97,866951,
83866,2,server2,9,907804,770.2,771,0.405791,2,2,294717,949167,701111,
84446,2,server2,9,907804,770.2,771,0.782723,2,2,286874,810356,517663,
86209,2,server2,9,887732,770.2,771,0.541666,1,2,337387,1017.26,793336,
86259,2,server2,9,887732,770.2,771,0.416058,1,1,279485,1102.97,866951,
82702,2,server2,11,779.8,947902,771,0.953984,2,1,263353,704.97,1088.29,
83877,2,server2,11,779.8,947902,771,0.405791,2,2,294728,949167,701111,
86217,2,server2,11,779.8,947902,771,0.541666,1,2,337395,1017.26,793336,
92096,2,server2,12,1104.08,779.8,771,0.405791,2,2,302947,949167,701111,
92096,2,server2,12,1104.08,779.8,771,0.416058,1,1,285322,1102.97,866951,
92096,2,server2,12,1104.08,779.8,771,0.541666,1,2,343274,1017.26,793336,
92096,2,server2,12,1104.08,779.8,771,1.5828,2,2,338918,1167.06,938796,
84,2,server2,13,1081.82,770.2,771,0.405791,2,2,294851,949167,701111,
85825,2,server2,13,1081.82,770.2,771,1.5828,2,2,332647,1167.06,938796,
86255,2,server2,13,1081.82,770.2,771,0.416058,1,1,279481,1102.97,866951,
86255,2,server2,13,1081.82,770.2,771,0.541666,1,2,337433,1017.26,793336,
82659,2,server2,15,779.8,888569,771,0.953984,2,1,263.31,704.97,1088.29,
83859,2,server2,15,779.8,888569,771,0.405791,2,2,294.71,949167,701111,
86184,2,server2,15,779.8,888569,771,0.541666,1,2,337362,1017.26,793336,
83863,2,server2,16,876.33,776.6,771,0.405791,2,2,294714,949167,701111,
84438,2,server2,16,877744,776.6,771,0.782723,2,2,286866,810356,517663,
86182,2,server2,16,884.81,776.6,771,0.541666,1,2,337.36,1017.26,793336,
86232,2,server2,16,884.81,776.6,771,0.416058,1,1,279458,1102.97,866951,
90195,2,server2,16,915265,776.6,771,1.5828,2,2,337017,1167.06,938796,
82664,2,server2,19,776.6,860652,771,0.953984,2,1,263315,704.97,1088.29,
83859,2,server2,19,776.6,860652,771,0.405791,2,2,294.71,949167,701111,
86184,2,server2,19,776.6,860652,771,0.541666,1,2,337362,1017.26,793336,
99052,2,server2,20,983173,779.8,771,0.405791,2,2,309903,949167,701111,
99052,2,server2,20,983173,779.8,771,0.416058,1,1,292278,1102.97,866951,
99052,2,server2,20,983173,779.8,771,0.541666,1,2,350.23,1017.26,793336,
99052,2,server2,20,983173,779.8,771,1.5828,2,2,345874,1167.06,938796,
85845,2,server2,21,1380.19,770.2,771,1.5828,2,2,332667,1167.06,938796,
86.25,2,server2,21,1378.93,770.2,771,0.416058,1,1,279476,1102.97,866951,
82655,2,server2,23,779.8,809377,771,0.953984,2,1,263306,704.97,1088.29,
84.43,2,server2,23,779.8,808.93,771,0.782723,2,2,286858,810356,517663,
86.18,2,server2,23,779.8,808914,771,0.541666,1,2,337358,1017.26,793336,
85324,2,server2,24,895709,779.8,771,0.405791,2,2,296175,949167,701111,
85324,2,server2,24,895709,779.8,771,0.782723,2,2,287752,810356,517663,
86184,2,server2,24,898741,779.8,771,0.541666,1,2,337362,1017.26,793336,
90377,2,server2,24,913878,779.8,771,1.5828,2,2,337199,1167.06,938796,
83856,2,server2,27,776.6,801.46,771,0.405791,2,2,294707,949167,701111,
84428,2,server2,27,776.6,801437,771,0.782723,2,2,286856,810356,517663,
86182,2,server2,27,776.6,801408,771,0.541666,1,2,337.36,1017.26,793336,
95241,2,server2,28,1014.17,779.8,771,0.405791,2,2,306092,949167,701111,
95241,2,server2,28,1014.17,779.8,771,0.416058,1,1,288467,1102.97,866951,
95241,2,server2,28,1014.17,779.8,771,0.541666,1,2,346419,1017.26,793336,
95241,2,server2,28,1014.17,779.8,771,1.5828,2,2,342063,1167.06,938796,
83852,2,server2,29,920426,773.4,771,0.405791,2,2,294703,949167,701111,
84437,2,server2,29,920426,773.4,771,0.782723,2,2,286865,810356,517663,
85827,2,server2,29,920426,773.4,771,1.5828,2,2,332649,1167.06,938796,
86182,2,server2,29,920426,773.4,771,0.541666,1,2,337.36,1017.26,793336,
86242,2,server2,29,920426,773.4,771,0.416058,1,1,279468,1102.97,866951,
82756,2,server2,0,1010.68,779.8,772,1.10417,2,1,263508,941916,938058,
83951,2,server2,0,1017.65,779.8,772,0.420413,2,2,294802,873901,770893,
86041,2,server2,0,1017.65,779.8,772,1.76522,1,1,248079,857024,970257,
86276,2,server2,0,1017.65,779.8,772,0.420027,2,2,298502,769084,643355,
82755,2,server2,1,783803,770.2,772,1.10417,2,1,263507,941916,938058,
83855,2,server2,1,782509,770.2,772,0.420413,2,2,294706,873901,770893,
86065,2,server2,1,782509,770.2,772,1.76522,1,1,248103,857024,970257,
86235,2,server2,1,782509,770.2,772,0.420027,2,2,298461,769084,643355,
82759,2,server2,2,770.2,763599,772,1.10417,2,1,263511,941916,938058,
83859,2,server2,2,770.2,763599,772,0.420413,2,2,294.71,873901,770893,
86045,2,server2,2,770.2,763599,772,1.76522,1,1,248083,857024,970257,
86235,2,server2,2,770.2,763599,772,0.420027,2,2,298461,769084,643355,
82.76,2,server2,3,779.8,937735,772,1.10417,2,1,263512,941916,938058,
83855,2,server2,3,779.8,936526,772,0.420413,2,2,294706,873901,770893,
86.04,2,server2,3,779.8,936526,772,1.76522,1,1,248078,857024,970257,
86235,2,server2,3,779.8,936526,772,0.420027,2,2,298461,769084,643355,
82781,2,server2,5,826846,770.2,772,1.10417,2,1,263533,941916,938058,
83866,2,server2,5,826846,770.2,772,0.420413,2,2,294717,873901,770893,
86056,2,server2,5,826846,770.2,772,1.76522,1,1,248094,857024,970257,
86241,2,server2,5,826846,770.2,772,0.420027,2,2,298467,769084,643355,
88597,2,server2,6,773.4,763599,772,0.420027,2,2,300823,769084,643355,
88597,2,server2,6,773.4,763599,772,0.420413,2,2,299448,873901,770893,
88597,2,server2,6,773.4,763599,772,1.10417,2,1,269349,941916,938058,
88597,2,server2,6,773.4,763599,772,1.76522,1,1,250635,857024,970257,
82762,2,server2,8,1086.32,779.8,772,1.10417,2,1,263514,941916,938058,
83862,2,server2,8,1086.32,779.8,772,0.420413,2,2,294713,873901,770893,
82753,2,server2,9,907804,770.2,772,1.10417,2,1,263505,941916,938058,
83866,2,server2,9,907804,770.2,772,0.420413,2,2,294717,873901,770893,
86259,2,server2,9,887732,770.2,772,0.420027,2,2,298485,769084,643355,
82807,2,server2,11,779.8,947902,772,1.10417,2,1,263559,941916,938058,
83877,2,server2,11,779.8,947902,772,0.420413,2,2,294728,873901,770893,
86062,2,server2,11,779.8,947902,772,1.76522,1,1,248.1,857024,970257,
92199,2,server2,11,779.8,942666,772,0.420027,2,2,304425,769084,643355,
92096,2,server2,12,1104.08,779.8,772,0.420413,2,2,302947,873901,770893,
92096,2,server2,12,1104.08,779.8,772,1.10417,2,1,272848,941916,938058,
82.76,2,server2,13,1082.88,770.2,772,1.10417,2,1,263512,941916,938058,
84,2,server2,13,1081.82,770.2,772,0.420413,2,2,294851,873901,770893,
94159,2,server2,13,1079.7,770.2,772,1.76522,1,1,256197,857024,970257,
82764,2,server2,15,779.8,888569,772,1.10417,2,1,263516,941916,938058,
83859,2,server2,15,779.8,888569,772,0.420413,2,2,294.71,873901,770893,
86049,2,server2,15,779.8,888569,772,1.76522,1,1,248087,857024,970257,
86229,2,server2,15,779.8,888569,772,0.420027,2,2,298455,769084,643355,
82757,2,server2,16,876.33,776.6,772,1.10417,2,1,263509,941916,938058,
83863,2,server2,16,876.33,776.6,772,0.420413,2,2,294714,873901,770893,
86047,2,server2,16,884.81,776.6,772,1.76522,1,1,248085,857024,970257,
86232,2,server2,16,884.81,776.6,772,0.420027,2,2,298458,769084,643355,
82769,2,server2,19,776.6,860652,772,1.10417,2,1,263521,941916,938058,
83859,2,server2,19,776.6,860652,772,0.420413,2,2,294.71,873901,770893,
86039,2,server2,19,776.6,860652,772,1.76522,1,1,248077,857024,970257,
86229,2,server2,19,776.6,860652,772,0.420027,2,2,298455,769084,643355,
99052,2,server2,20,983173,779.8,772,0.420027,2,2,311278,769084,643355,
99052,2,server2,20,983173,779.8,772,0.420413,2,2,309903,873901,770893,
99052,2,server2,20,983173,779.8,772,1.10417,2,1,279804,941916,938058,
99052,2,server2,20,983173,779.8,772,1.76522,1,1,261.09,857024,970257,
82755,2,server2,23,779.8,809377,772,1.10417,2,1,263507,941916,938058,
86039,2,server2,23,779.8,808914,772,1.76522,1,1,248077,857024,970257,
86.23,2,server2,23,779.8,808914,772,0.420027,2,2,298456,769084,643355,
85324,2,server2,24,895709,779.8,772,0.420413,2,2,296175,873901,770893,
85324,2,server2,24,895709,779.8,772,1.10417,2,1,266076,941916,938058,
86039,2,server2,24,898741,779.8,772,1.76522,1,1,248077,857024,970257,
83856,2,server2,27,776.6,801.46,772,0.420413,2,2,294707,873901,770893,
86.04,2,server2,27,776.6,801409,772,1.76522,1,1,248078,857024,970257,
86233,2,server2,27,776.6,801408,772,0.420027,2,2,298459,769084,643355,
95241,2,server2,28,1014.17,779.8,772,0.420027,2,2,307467,769084,643355,
95241,2,server2,28,1014.17,779.8,772,0.420413,2,2,306092,873901,770893,
95241,2,server2,28,1014.17,779.8,772,1.10417,2,1,275993,941916,938058,
95241,2,server2,28,1014.17,779.8,772,1.76522,1,1,257279,857024,970257,
82761,2,server2,29,973836,773.4,772,1.10417,2,1,263513,941916,938058,
83852,2,server2,29,920426,773.4,772,0.420413,2,2,294703,873901,770893,
86042,2,server2,29,920426,773.4,772,1.76522,1,1,248.08,857024,970257,
86242,2,server2,29,920426,773.4,772,0.420027,2,2,298468,769084,643355,
82.79,2,server2,1,783803,770.2,773,0.427033,2,1,266571,836422,509511,
84.13,2,server2,1,782509,770.2,773,1.54617,2,1,280253,513901,641624,
86275,2,server2,1,782509,770.2,773,0.421591,2,2,309531,722092,565695,
82789,2,server2,2,770.2,763599,773,0.427033,2,1,266.57,836422,509511,
84129,2,server2,2,770.2,763599,773,1.54617,2,1,280252,513901,641624,
86.26,2,server2,2,770.2,763599,773,0.421591,2,2,309516,722092,565695,
106289,2,server2,3,779.8,859248,773,0.421591,2,2,329545,722092,565695,
82836,2,server2,5,826846,770.2,773,0.427033,2,1,266617,836422,509511,
86271,2,server2,5,826846,770.2,773,0.421591,2,2,309527,722092,565695,
88597,2,server2,6,773.4,763599,773,0.421591,2,2,311853,722092,565695,
88597,2,server2,6,773.4,763599,773,0.427033,2,1,272378,836422,509511,
88597,2,server2,6,773.4,763599,773,1.54617,2,1,284.72,513901,641624,
82783,2,server2,9,907804,770.2,773,0.427033,2,1,266564,836422,509511,
86259,2,server2,9,887732,770.2,773,0.421591,2,2,309515,722092,565695,
95.7,2,server2,11,779.8,858836,773,0.421591,2,2,318956,722092,565695,
82787,2,server2,16,876.33,776.6,773,0.427033,2,1,266568,836422,509511,
86267,2,server2,16,884.81,776.6,773,0.421591,2,2,309523,722092,565695,
86269,2,server2,19,776.6,860652,773,0.421591,2,2,309525,722092,565695,
86265,2,server2,23,779.8,808914,773,0.421591,2,2,309521,722092,565695,
85324,2,server2,24,895709,779.8,773,0.427033,2,1,269105,836422,509511,
86266,2,server2,27,776.6,801408,773,0.421591,2,2,309522,722092,565695,
82781,2,server2,29,973836,773.4,773,0.427033,2,1,266562,836422,509511,
86262,2,server2,29,920426,773.4,773,0.421591,2,2,309518,722092,565695,
84.13,2,server2,1,782509,770.2,774,0.608453,1,1,282259,662597,872264,
86275,2,server2,1,782509,770.2,774,0.945701,2,2,293531,583588,640109,
84131,2,server2,2,770.2,763599,774,0.608453,1,1,282.26,662597,872264,
86.26,2,server2,2,770.2,763599,774,0.945701,2,2,293516,583588,640109,
84.13,2,server2,3,779.8,936526,774,0.608453,1,1,282259,662597,872264,
106286,2,server2,3,779.8,866501,774,0.945701,2,2,313542,583588,640109,
103967,2,server2,4,1201.86,779.8,774,0.74633,2,1,278907,1147.58,986564,
103967,2,server2,4,1201.86,779.8,774,0.795884,2,0,278519,1121.16,979702,
84136,2,server2,5,826846,770.2,774,0.608453,1,1,282265,662597,872264,
86271,2,server2,5,826846,770.2,774,0.945701,2,2,293527,583588,640109,
88597,2,server2,6,773.4,763599,774,0.608453,1,1,286726,662597,872264,
88597,2,server2,6,773.4,763599,774,0.945701,2,2,295853,583588,640109,
82947,2,server2,8,1086.32,779.8,774,0.74633,2,1,257887,1147.58,986564,
94554,2,server2,8,1134.02,779.8,774,0.795884,2,0,269106,1121.16,979702,
84151,2,server2,9,907804,770.2,774,0.608453,1,1,282.28,662597,872264,
101756,2,server2,9,853.51,770.2,774,0.945701,2,2,309012,583588,640109,
84137,2,server2,11,779.8,947902,774,0.608453,1,1,282266,662597,872264,
95.7,2,server2,11,779.8,866686,774,0.945701,2,2,302956,583588,640109,
92096,2,server2,12,1104.08,779.8,774,0.74633,2,1,267036,1147.58,986564,
94553,2,server2,12,1105.49,779.8,774,0.795884,2,0,269105,1121.16,979702,
82.97,2,server2,13,1082.88,770.2,774,0.74633,2,1,257.91,1147.58,986564,
94552,2,server2,13,1073.38,770.2,774,0.795884,2,0,269104,1121.16,979702,
84139,2,server2,15,779.8,888569,774,0.608453,1,1,282268,662597,872264,
84143,2,server2,16,877744,776.6,774,0.608453,1,1,282272,662597,872264,
92825,2,server2,16,934709,776.6,774,0.74633,2,1,267765,1147.58,986564,
94562,2,server2,16,1021.51,776.6,774,0.795884,2,0,269114,1121.16,979702,
84144,2,server2,19,776.6,860652,774,0.608453,1,1,282273,662597,872264,
86269,2,server2,19,776.6,860652,774,0.945701,2,2,293525,583588,640109,
99052,2,server2,20,983173,779.8,774,0.74633,2,1,273992,1147.58,986564,
99052,2,server2,20,983173,779.8,774,0.795884,2,0,273604,1121.16,979702,
101728,2,server2,21,1354.98,770.2,774,0.74633,2,1,276668,1147.58,986564,
86265,2,server2,23,779.8,808914,774,0.945701,2,2,293521,583588,640109,
85324,2,server2,24,895709,779.8,774,0.608453,1,1,283453,662597,872264,
93445,2,server2,24,930519,779.8,774,0.74633,2,1,268385,1147.58,986564,
94721,2,server2,24,951.68,779.8,774,0.795884,2,0,269273,1121.16,979702,
84.14,2,server2,27,776.6,801445,774,0.608453,1,1,282269,662597,872264,
86266,2,server2,27,776.6,801408,774,0.945701,2,2,293522,583588,640109,
95241,2,server2,28,1014.17,779.8,774,0.74633,2,1,270181,1147.58,986564,
95241,2,server2,28,1014.17,779.8,774,0.795884,2,0,269793,1121.16,979702,
82946,2,server2,29,973836,773.4,774,0.74633,2,1,257886,1147.58,986564,
84152,2,server2,29,920426,773.4,774,0.608453,1,1,282281,662597,872264,
86276,2,server2,0,1017.65,779.8,775,1.0242,2,2,333532,869477,684434,
92641,2,server2,0,1020.43,779.8,775,0.718919,2,2,331269,880315,709117,
93426,2,server2,0,1038.57,779.8,775,0.683662,2,1,301819,1204.69,692854,
94682,2,server2,0,1053.9,779.8,775,0.420527,2,1,279362,1136.61,657939,
83.21,2,server2,1,782509,770.2,775,0.429402,2,2,286404,621177,605376,
86275,2,server2,1,782509,770.2,775,1.0242,2,2,333531,869477,684434,
92641,2,server2,1,776.05,770.2,775,0.718919,2,2,331269,880315,709117,
83204,2,server2,2,770.2,763599,775,0.429402,2,2,286398,621177,605376,
86.26,2,server2,2,770.2,763599,775,1.0242,2,2,333516,869477,684434,
92.65,2,server2,2,770.2,763599,775,0.718919,2,2,331278,880315,709117,
86.26,2,server2,3,779.8,936526,775,1.0242,2,2,333516,869477,684434,
92646,2,server2,3,779.8,935314,775,0.718919,2,2,331274,880315,709117,
106289,2,server2,3,779.8,859248,775,0.429402,2,2,309483,621177,605376,
103967,2,server2,4,1201.86,779.8,775,0.420527,2,1,288647,1136.61,657939,
103967,2,server2,4,1201.86,779.8,775,0.683662,2,1,312.36,1204.69,692854,
83206,2,server2,5,826846,770.2,775,0.429402,2,2,286.4,621177,605376,
86271,2,server2,5,826846,770.2,775,1.0242,2,2,333527,869477,684434,
92631,2,server2,5,825497,770.2,775,0.718919,2,2,331259,880315,709117,
88597,2,server2,6,773.4,763599,775,0.429402,2,2,291791,621177,605376,
88597,2,server2,6,773.4,763599,775,1.0242,2,2,335853,869477,684434,
92638,2,server2,6,773.4,763599,775,0.718919,2,2,331266,880315,709117,
86265,2,server2,8,1124.15,779.8,775,1.0242,2,2,333521,869477,684434,
92632,2,server2,8,1129.07,779.8,775,0.718919,2,2,331.26,880315,709117,
93403,2,server2,8,1134.02,779.8,775,0.683662,2,1,301796,1204.69,692854,
94754,2,server2,8,1134.02,779.8,775,0.420527,2,1,279434,1136.61,657939,
86259,2,server2,9,887732,770.2,775,1.0242,2,2,333515,869477,684434,
92629,2,server2,9,885365,770.2,775,0.718919,2,2,331257,880315,709117,
94679,2,server2,9,871217,770.2,775,0.429402,2,2,297873,621177,605376,
86267,2,server2,11,779.8,947902,775,1.0242,2,2,333523,869477,684434,
95.7,2,server2,11,779.8,858836,775,0.429402,2,2,298894,621177,605376,
92096,2,server2,12,1104.08,779.8,775,1.0242,2,2,339352,869477,684434,
92632,2,server2,12,1105.49,779.8,775,0.718919,2,2,331.26,880315,709117,
93417,2,server2,12,1105.49,779.8,775,0.683662,2,1,301.81,1204.69,692854,
94688,2,server2,12,1105.49,779.8,775,0.420527,2,1,279368,1136.61,657939,
86.28,2,server2,13,1081.82,770.2,775,1.0242,2,2,333536,869477,684434,
92.63,2,server2,13,1081.82,770.2,775,0.718919,2,2,331258,880315,709117,
93.41,2,server2,13,1081.82,770.2,775,0.683662,2,1,301803,1204.69,692854,
94682,2,server2,13,1073.38,770.2,775,0.420527,2,1,279362,1136.61,657939,
86259,2,server2,15,779.8,888569,775,1.0242,2,2,333515,869477,684434,
92634,2,server2,15,779.8,888569,775,0.718919,2,2,331262,880315,709117,
86267,2,server2,16,884.81,776.6,775,1.0242,2,2,333523,869477,684434,
92635,2,server2,16,922739,776.6,775,0.718919,2,2,331263,880315,709117,
94682,2,server2,16,1021.51,776.6,775,0.420527,2,1,279362,1136.61,657939,
83214,2,server2,19,776.6,860652,775,0.429402,2,2,286408,621177,605376,
86269,2,server2,19,776.6,860652,775,1.0242,2,2,333525,869477,684434,
92644,2,server2,19,776.6,848782,775,0.718919,2,2,331272,880315,709117,
99052,2,server2,20,983173,779.8,775,0.420527,2,1,283732,1136.61,657939,
99052,2,server2,20,983173,779.8,775,0.683662,2,1,307445,1204.69,692854,
99052,2,server2,20,983173,779.8,775,0.718919,2,2,337.68,880315,709117,
99052,2,server2,20,983173,779.8,775,1.0242,2,2,346308,869477,684434,
93534,2,server2,21,1366.33,770.2,775,0.683662,2,1,301927,1204.69,692854,
94724,2,server2,21,1366.33,770.2,775,0.420527,2,1,279404,1136.61,657939,
83224,2,server2,23,779.8,809332,775,0.429402,2,2,286418,621177,605376,
86265,2,server2,23,779.8,808914,775,1.0242,2,2,333521,869477,684434,
92667,2,server2,23,779.8,808787,775,0.718919,2,2,331295,880315,709117,
92666,2,server2,24,927498,779.8,775,0.718919,2,2,331294,880315,709117,
93396,2,server2,24,927498,779.8,775,0.683662,2,1,301789,1204.69,692854,
94721,2,server2,24,951.68,779.8,775,0.420527,2,1,279401,1136.61,657939,
86266,2,server2,27,776.6,801408,775,1.0242,2,2,333522,869477,684434,
92632,2,server2,27,776.6,801322,775,0.718919,2,2,331.26,880315,709117,
95241,2,server2,28,1014.17,779.8,775,0.420527,2,1,279921,1136.61,657939,
95241,2,server2,28,1014.17,779.8,775,0.683662,2,1,303634,1204.69,692854,
95241,2,server2,28,1014.17,779.8,775,0.718919,2,2,333869,880315,709117,
95241,2,server2,28,1014.17,779.8,775,1.0242,2,2,342497,869477,684434,
86262,2,server2,29,920426,773.4,775,1.0242,2,2,333518,869477,684434,
92.63,2,server2,29,897411,773.4,775,0.718919,2,2,331258,880315,709117,
94685,2,server2,29,897411,773.4,775,0.420527,2,1,279365,1136.61,657939,
99126,2,server2,29,868999,773.4,775,0.429402,2,2,302.32,621177,605376,
92276,2,server2,0,1017.65,779.8,776,0.589444,2,2,302542,861156,894549,
92986,2,server2,0,1020.43,779.8,776,1.25088,2,2,331.94,1005.72,545225,
93426,2,server2,0,1038.57,779.8,776,0.787169,2,1,301819,1224.24,842716,
86275,2,server2,1,782509,770.2,776,1.09594,2,2,333531,805003,547271,
88375,2,server2,1,782509,770.2,776,0.935957,2,0,267737,624516,870076,
92276,2,server2,1,776.05,770.2,776,0.589444,2,2,302542,861156,894549,
92641,2,server2,1,776.05,770.2,776,1.10543,2,2,331269,671716,939884,
95566,2,server2,1,776.05,770.2,776,0.449274,2,1,280248,641736,905.1,
96671,2,server2,1,776.05,770.2,776,2.10036,2,2,315337,638203,808471,
97561,2,server2,1,776.05,770.2,776,0.702209,2,2,339.1,1037.25,879045,
86.26,2,server2,2,770.2,763599,776,1.09594,2,2,333516,805003,547271,
88364,2,server2,2,770.2,763599,776,0.935957,2,0,267726,624516,870076,
92.27,2,server2,2,770.2,763599,776,0.589444,2,2,302536,861156,894549,
92.65,2,server2,2,770.2,763599,776,1.10543,2,2,331278,671716,939884,
94698,2,server2,2,770.2,763599,776,0.449274,2,1,279.38,641736,905.1,
97578,2,server2,2,770.2,763599,776,0.702209,2,2,339117,1037.25,879045,
88365,2,server2,3,779.8,936526,776,0.935957,2,0,267727,624516,870076,
92001,2,server2,3,779.8,935314,776,0.449314,2,0,251995,764917,1105.23,
92271,2,server2,3,779.8,935314,776,0.589444,2,2,302537,861156,894549,
92646,2,server2,3,779.8,935314,776,1.10543,2,2,331274,671716,939884,
94685,2,server2,3,779.8,932894,776,0.449274,2,1,279367,641736,905.1,
96.67,2,server2,3,779.8,932894,776,2.10036,2,2,315336,638203,808471,
97539,2,server2,3,779.8,913562,776,0.702209,2,2,339078,1037.25,879045,
106292,2,server2,3,779.8,845935,776,1.09594,2,2,353548,805003,547271,
103967,2,server2,4,1201.86,779.8,776,0.702209,2,2,345506,1037.25,879045,
103967,2,server2,4,1201.86,779.8,776,0.787169,2,1,312.36,1224.24,842716,
86271,2,server2,5,826846,770.2,776,1.09594,2,2,333527,805003,547271,
88366,2,server2,5,825497,770.2,776,0.935957,2,0,267728,624516,870076,
92271,2,server2,5,825497,770.2,776,0.589444,2,2,302537,861156,894549,
92631,2,server2,5,825497,770.2,776,1.10543,2,2,331259,671716,939884,
92971,2,server2,5,825497,770.2,776,1.25088,2,2,331925,1005.72,545225,
94.71,2,server2,5,817381,770.2,776,0.449274,2,1,279392,641736,905.1,
97625,2,server2,5,817381,770.2,776,0.702209,2,2,339164,1037.25,879045,
97625,2,server2,5,817381,770.2,776,2.10036,2,2,316291,638203,808471,
88597,2,server2,6,773.4,763599,776,0.935957,2,0,267959,624516,870076,
88597,2,server2,6,773.4,763599,776,1.09594,2,2,335853,805003,547271,
92308,2,server2,6,773.4,763599,776,0.589444,2,2,302574,861156,894549,
92638,2,server2,6,773.4,763599,776,1.10543,2,2,331266,671716,939884,
94698,2,server2,6,773.4,763599,776,0.449274,2,1,279.38,641736,905.1,
96666,2,server2,6,773.4,763599,776,2.10036,2,2,315332,638203,808471,
97546,2,server2,6,773.4,763599,776,0.702209,2,2,339085,1037.25,879045,
103234,2,server2,6,773.4,806617,776,0.449314,2,0,263228,764917,1105.23,
92267,2,server2,8,1129.07,779.8,776,0.589444,2,2,302533,861156,894549,
92962,2,server2,8,1129.07,779.8,776,1.25088,2,2,331916,1005.72,545225,
93403,2,server2,8,1134.02,779.8,776,0.787169,2,1,301796,1224.24,842716,
97544,2,server2,8,1137.3,779.8,776,0.702209,2,2,339083,1037.25,879045,
86259,2,server2,9,887732,770.2,776,1.09594,2,2,333515,805003,547271,
88374,2,server2,9,887732,770.2,776,0.935957,2,0,267736,624516,870076,
92286,2,server2,9,886.55,770.2,776,0.589444,2,2,302552,861156,894549,
92629,2,server2,9,885365,770.2,776,1.10543,2,2,331257,671716,939884,
92974,2,server2,9,881.84,770.2,776,1.25088,2,2,331928,1005.72,545225,
96681,2,server2,9,854694,770.2,776,2.10036,2,2,315347,638203,808471,
97541,2,server2,9,854694,770.2,776,0.702209,2,2,339.08,1037.25,879045,
88392,2,server2,11,779.8,947902,776,0.935957,2,0,267754,624516,870076,
92017,2,server2,11,779.8,947902,776,0.449314,2,0,252011,764917,1105.23,
94748,2,server2,11,779.8,919087,776,0.449274,2,1,279.43,641736,905.1,
95729,2,server2,11,779.8,845.71,776,1.09594,2,2,342985,805003,547271,
96679,2,server2,11,779.8,840471,776,2.10036,2,2,315345,638203,808471,
97554,2,server2,11,779.8,840471,776,0.702209,2,2,339093,1037.25,879045,
92311,2,server2,12,1104.08,779.8,776,0.589444,2,2,302577,861156,894549,
92967,2,server2,12,1105.49,779.8,776,1.25088,2,2,331921,1005.72,545225,
93417,2,server2,12,1105.49,779.8,776,0.787169,2,1,301.81,1224.24,842716,
97539,2,server2,12,1105.49,779.8,776,0.702209,2,2,339078,1037.25,879045,
92.27,2,server2,13,1081.82,770.2,776,0.589444,2,2,302536,861156,894549,
92.97,2,server2,13,1081.82,770.2,776,1.25088,2,2,331924,1005.72,545225,
93.41,2,server2,13,1081.82,770.2,776,0.787169,2,1,301803,1224.24,842716,
97545,2,server2,13,1073.38,770.2,776,0.702209,2,2,339084,1037.25,879045,
88369,2,server2,15,779.8,888569,776,0.935957,2,0,267731,624516,870076,
92014,2,server2,15,779.8,888569,776,0.449314,2,0,252008,764917,1105.23,
92284,2,server2,15,779.8,888569,776,0.589444,2,2,302.55,861156,894549,
92634,2,server2,15,779.8,888569,776,1.10543,2,2,331262,671716,939884,
94689,2,server2,15,779.8,888569,776,0.449274,2,1,279371,641736,905.1,
96674,2,server2,15,779.8,887281,776,2.10036,2,2,315.34,638203,808471,
97547,2,server2,15,779.8,885991,776,0.702209,2,2,339086,1037.25,879045,
86267,2,server2,16,884.81,776.6,776,1.09594,2,2,333523,805003,547271,
88402,2,server2,16,894702,776.6,776,0.935957,2,0,267764,624516,870076,
92285,2,server2,16,922739,776.6,776,0.589444,2,2,302551,861156,894549,
92635,2,server2,16,922739,776.6,776,1.10543,2,2,331263,671716,939884,
97545,2,server2,16,1023.01,776.6,776,0.702209,2,2,339084,1037.25,879045,
88369,2,server2,19,776.6,859168,776,0.935957,2,0,267731,624516,870076,
92274,2,server2,19,776.6,848782,776,0.589444,2,2,302.54,861156,894549,
92644,2,server2,19,776.6,848782,776,1.10543,2,2,331272,671716,939884,
94684,2,server2,19,776.6,847296,776,0.449274,2,1,279366,641736,905.1,
96.72,2,server2,19,776.6,847296,776,2.10036,2,2,315386,638203,808471,
97555,2,server2,19,776.6,847296,776,0.702209,2,2,339094,1037.25,879045,
99.16,2,server2,19,776.6,845812,776,1.09594,2,2,346416,805003,547271,
99052,2,server2,20,983173,779.8,776,0.589444,2,2,309318,861156,894549,
99052,2,server2,20,983173,779.8,776,0.702209,2,2,340591,1037.25,879045,
99052,2,server2,20,983173,779.8,776,0.787169,2,1,307445,1224.24,842716,
99052,2,server2,20,983173,779.8,776,1.09594,2,2,346308,805003,547271,
99052,2,server2,20,983173,779.8,776,1.25088,2,2,338006,1005.72,545225,
93534,2,server2,21,1366.33,770.2,776,0.787169,2,1,301927,1224.24,842716,
86265,2,server2,23,779.8,808914,776,1.09594,2,2,333521,805003,547271,
92009,2,server2,23,779.8,808877,776,0.449314,2,0,252003,764917,1105.23,
92275,2,server2,23,779.8,808787,776,0.589444,2,2,302541,861156,894549,
92667,2,server2,23,779.8,808787,776,1.10543,2,2,331295,671716,939884,
94692,2,server2,23,779.8,808787,776,0.449274,2,1,279374,641736,905.1,
96681,2,server2,23,779.8,808586,776,2.10036,2,2,315347,638203,808471,
97986,2,server2,23,779.8,808586,776,0.702209,2,2,339525,1037.25,879045,
88362,2,server2,24,906307,779.8,776,0.935957,2,0,267724,624516,870076,
92266,2,server2,24,927498,779.8,776,0.589444,2,2,302532,861156,894549,
93221,2,server2,24,927498,779.8,776,1.25088,2,2,332175,1005.72,545225,
93445,2,server2,24,932029,779.8,776,0.787169,2,1,301838,1224.24,842716,
97588,2,server2,24,978924,779.8,776,0.702209,2,2,339127,1037.25,879045,
86266,2,server2,27,776.6,801408,776,1.09594,2,2,333522,805003,547271,
88365,2,server2,27,776.6,801404,776,0.935957,2,0,267727,624516,870076,
92267,2,server2,27,776.6,801322,776,0.589444,2,2,302533,861156,894549,
92632,2,server2,27,776.6,801322,776,1.10543,2,2,331.26,671716,939884,
94717,2,server2,27,776.6,801322,776,0.449274,2,1,279399,641736,905.1,
96717,2,server2,27,776.6,801322,776,2.10036,2,2,315383,638203,808471,
97542,2,server2,27,776.6,801322,776,0.702209,2,2,339081,1037.25,879045,
95241,2,server2,28,1014.17,779.8,776,0.589444,2,2,305507,861156,894549,
95241,2,server2,28,1014.17,779.8,776,0.787169,2,1,303634,1224.24,842716,
95241,2,server2,28,1014.17,779.8,776,1.25088,2,2,334195,1005.72,545225,
97544,2,server2,28,1017.3,779.8,776,0.702209,2,2,339083,1037.25,879045,
86262,2,server2,29,920426,773.4,776,1.09594,2,2,333518,805003,547271,
89395,2,server2,29,907633,773.4,776,0.935957,2,0,268757,624516,870076,
92.27,2,server2,29,897411,773.4,776,0.589444,2,2,302536,861156,894549,
92.63,2,server2,29,897411,773.4,776,1.10543,2,2,331258,671716,939884,
92.97,2,server2,29,897411,773.4,776,1.25088,2,2,331924,1005.72,545225,
94685,2,server2,29,897411,773.4,776,0.449274,2,1,279367,641736,905.1,
96.72,2,server2,29,896146,773.4,776,2.10036,2,2,315386,638203,808471,
97546,2,server2,29,896146,773.4,776,0.702209,2,2,339085,1037.25,879045,
88106,2,server2,0,1017.65,779.8,777,0.522666,2,1,279205,1132.29,692513,
88611,2,server2,0,1017.65,779.8,777,0.442952,2,1,276208,963.86,721.56,
91621,2,server2,0,1017.65,779.8,777,0.428533,2,2,357193,1184.58,708442,
92111,2,server2,0,1017.65,779.8,777,0.613362,2,1,291207,871194,703975,
92836,2,server2,0,1020.43,779.8,777,0.498395,1,2,321654,968134,749.12,
92986,2,server2,0,1020.43,779.8,777,1.78127,2,2,340943,983644,1068.78,
93426,2,server2,0,1038.57,779.8,777,2.27903,2,1,294821,1020.35,827503,
94552,2,server2,0,1041.35,779.8,777,1.82558,2,2,315102,1150.76,819309,
94712,2,server2,0,1053.9,779.8,777,1.55782,2,2,321415,1100.41,1010.65,
97595,2,server2,0,1073.43,779.8,777,0.646733,1,1,282189,1288.59,649891,
86275,2,server2,1,782509,770.2,777,1.13253,2,2,312531,679058,636342,
88.36,2,server2,1,782509,770.2,777,0.890602,2,0,267719,623074,887039,
88645,2,server2,1,782509,770.2,777,0.442952,2,1,276242,963.86,721.56,
88.69,2,server2,1,782509,770.2,777,0.657309,1,1,265367,658641,692069,
92101,2,server2,1,776.05,770.2,777,0.613362,2,1,291197,871194,703975,
92856,2,server2,1,776.05,770.2,777,0.498395,1,2,321674,968134,749.12,
93401,2,server2,1,776.05,770.2,777,2.27903,2,1,294796,1020.35,827503,
96721,2,server2,1,776.05,770.2,777,0.572534,2,2,347403,546841,726404,
96826,2,server2,1,776.05,770.2,777,2.08451,1,1,307626,686503,992729,
86.26,2,server2,2,770.2,763599,777,1.13253,2,2,312516,679058,636342,
88364,2,server2,2,770.2,763599,777,0.890602,2,0,267723,623074,887039,
88.6,2,server2,2,770.2,763599,777,0.442952,2,1,276197,963.86,721.56,
92105,2,server2,2,770.2,763599,777,0.613362,2,1,291201,871194,703975,
92.83,2,server2,2,770.2,763599,777,0.498395,1,2,321648,968134,749.12,
93405,2,server2,2,770.2,763599,777,2.27903,2,1,294.8,1020.35,827503,
88365,2,server2,3,779.8,936526,777,0.890602,2,0,267724,623074,887039,
88.6,2,server2,3,779.8,936526,777,0.442952,2,1,276197,963.86,721.56,
88.68,2,server2,3,779.8,936526,777,0.657309,1,1,265357,658641,692069,
92106,2,server2,3,779.8,935314,777,0.613362,2,1,291202,871194,703975,
92166,2,server2,3,779.8,935314,777,1.51311,2,2,292323,845964,1184.63,
92826,2,server2,3,779.8,935314,777,0.498395,1,2,321644,968134,749.12,
92961,2,server2,3,779.8,935314,777,1.78127,2,2,340918,983644,1068.78,
93411,2,server2,3,779.8,935314,777,2.27903,2,1,294806,1020.35,827503,
96845,2,server2,3,779.8,932894,777,2.08451,1,1,307645,686503,992729,
97378,2,server2,3,779.8,918384,777,1.13253,2,2,323634,679058,636342,
97.4,2,server2,3,779.8,914.77,777,0.572534,2,2,348082,546841,726404,
103967,2,server2,4,1201.86,779.8,777,0.428533,2,2,369539,1184.58,708442,
103967,2,server2,4,1201.86,779.8,777,0.442952,2,1,291564,963.86,721.56,
103967,2,server2,4,1201.86,779.8,777,0.498395,1,2,332785,968134,749.12,
103967,2,server2,4,1201.86,779.8,777,0.522666,2,1,295066,1132.29,692513,
103967,2,server2,4,1201.86,779.8,777,0.646733,1,1,288561,1288.59,649891,
103967,2,server2,4,1201.86,779.8,777,1.55782,2,2,330.67,1100.41,1010.65,
103967,2,server2,4,1201.86,779.8,777,1.82558,2,2,324517,1150.76,819309,
103967,2,server2,4,1201.86,779.8,777,2.27903,2,1,305362,1020.35,827503,
86271,2,server2,5,826846,770.2,777,1.13253,2,2,312527,679058,636342,
88366,2,server2,5,825497,770.2,777,0.890602,2,0,267725,623074,887039,
88611,2,server2,5,825497,770.2,777,0.442952,2,1,276208,963.86,721.56,
88696,2,server2,5,825497,770.2,777,0.657309,1,1,265373,658641,692069,
92101,2,server2,5,825497,770.2,777,0.613362,2,1,291197,871194,703975,
92846,2,server2,5,825497,770.2,777,0.498395,1,2,321664,968134,749.12,
93401,2,server2,5,825497,770.2,777,2.27903,2,1,294796,1020.35,827503,
97625,2,server2,5,817381,770.2,777,0.572534,2,2,348307,546841,726404,
97625,2,server2,5,817381,770.2,777,2.08451,1,1,308425,686503,992729,
88597,2,server2,6,773.4,763599,777,0.890602,2,0,267956,623074,887039,
88597,2,server2,6,773.4,763599,777,1.13253,2,2,314853,679058,636342,
88677,2,server2,6,773.4,763599,777,0.657309,1,1,265354,658641,692069,
92108,2,server2,6,773.4,763599,777,0.613362,2,1,291204,871194,703975,
92833,2,server2,6,773.4,763599,777,0.498395,1,2,321651,968134,749.12,
93398,2,server2,6,773.4,763599,777,2.27903,2,1,294793,1020.35,827503,
96691,2,server2,6,773.4,763599,777,0.572534,2,2,347373,546841,726404,
96806,2,server2,6,773.4,763599,777,2.08451,1,1,307606,686503,992729,
103235,2,server2,6,773.4,807923,777,0.905307,2,2,314561,860375,1093.88,
104314,2,server2,6,773.4,855118,777,1.78127,2,2,352271,983644,1068.78,
104913,2,server2,6,773.4,894083,777,1.51311,2,2,305.07,845964,1184.63,
88731,2,server2,8,1127.43,779.8,777,0.442952,2,1,276328,963.86,721.56,
91576,2,server2,8,1127.43,779.8,777,0.428533,2,2,357148,1184.58,708442,
92097,2,server2,8,1129.07,779.8,777,0.613362,2,1,291193,871194,703975,
92852,2,server2,8,1129.07,779.8,777,0.498395,1,2,321.67,968134,749.12,
93403,2,server2,8,1134.02,779.8,777,2.27903,2,1,294798,1020.35,827503,
94554,2,server2,8,1134.02,779.8,777,1.82558,2,2,315104,1150.76,819309,
94754,2,server2,8,1134.02,779.8,777,1.55782,2,2,321457,1100.41,1010.65,
86259,2,server2,9,887732,770.2,777,1.13253,2,2,312515,679058,636342,
88104,2,server2,9,887732,770.2,777,0.522666,2,1,279203,1132.29,692513,
88374,2,server2,9,887732,770.2,777,0.890602,2,0,267733,623074,887039,
88599,2,server2,9,887732,770.2,777,0.442952,2,1,276196,963.86,721.56,
88684,2,server2,9,887732,770.2,777,0.657309,1,1,265361,658641,692069,
92126,2,server2,9,886.55,770.2,777,0.613362,2,1,291222,871194,703975,
92824,2,server2,9,881.84,770.2,777,0.498395,1,2,321642,968134,749.12,
93399,2,server2,9,881.84,770.2,777,2.27903,2,1,294794,1020.35,827503,
96876,2,server2,9,854694,770.2,777,2.08451,1,1,307676,686503,992729,
88392,2,server2,11,779.8,947902,777,0.890602,2,0,267751,623074,887039,
88597,2,server2,11,779.8,947902,777,0.442952,2,1,276194,963.86,721.56,
88682,2,server2,11,779.8,947902,777,0.657309,1,1,265359,658641,692069,
92116,2,server2,11,779.8,947902,777,0.613362,2,1,291212,871194,703975,
92903,2,server2,11,779.8,919087,777,0.498395,1,2,321721,968134,749.12,
92998,2,server2,11,779.8,919087,777,1.78127,2,2,340955,983644,1068.78,
93413,2,server2,11,779.8,919087,777,2.27903,2,1,294808,1020.35,827503,
94834,2,server2,11,779.8,917782,777,1.13253,2,2,321.09,679058,636342,
96694,2,server2,11,779.8,840471,777,0.572534,2,2,347376,546841,726404,
96819,2,server2,11,779.8,840471,777,2.08451,1,1,307619,686503,992729,
97339,2,server2,11,779.8,840471,777,0.905307,2,2,308665,860375,1093.88,
92096,2,server2,12,1104.08,779.8,777,0.428533,2,2,357668,1184.58,708442,
92096,2,server2,12,1104.08,779.8,777,0.442952,2,1,279693,963.86,721.56,
92096,2,server2,12,1104.08,779.8,777,0.522666,2,1,283195,1132.29,692513,
92822,2,server2,12,1105.49,779.8,777,0.498395,1,2,321.64,968134,749.12,
93417,2,server2,12,1105.49,779.8,777,2.27903,2,1,294812,1020.35,827503,
94553,2,server2,12,1105.49,779.8,777,1.82558,2,2,315103,1150.76,819309,
94773,2,server2,12,1105.49,779.8,777,1.55782,2,2,321476,1100.41,1010.65,
97594,2,server2,12,1105.49,779.8,777,0.646733,1,1,282188,1288.59,649891,
88145,2,server2,13,1081.82,770.2,777,0.522666,2,1,279244,1132.29,692513,
88.61,2,server2,13,1081.82,770.2,777,0.442952,2,1,276207,963.86,721.56,
91585,2,server2,13,1081.82,770.2,777,0.428533,2,2,357157,1184.58,708442,
92105,2,server2,13,1081.82,770.2,777,0.613362,2,1,291201,871194,703975,
92.82,2,server2,13,1081.82,770.2,777,0.498395,1,2,321638,968134,749.12,
93.41,2,server2,13,1081.82,770.2,777,2.27903,2,1,294805,1020.35,827503,
94552,2,server2,13,1073.38,770.2,777,1.82558,2,2,315102,1150.76,819309,
94723,2,server2,13,1073.38,770.2,777,1.55782,2,2,321426,1100.41,1010.65,
97595,2,server2,13,1072.33,770.2,777,0.646733,1,1,282189,1288.59,649891,
86259,2,server2,15,779.8,888569,777,1.13253,2,2,312515,679058,636342,
88369,2,server2,15,779.8,888569,777,0.890602,2,0,267728,623074,887039,
88609,2,server2,15,779.8,888569,777,0.442952,2,1,276206,963.86,721.56,
88684,2,server2,15,779.8,888569,777,0.657309,1,1,265361,658641,692069,
92099,2,server2,15,779.8,888569,777,0.613362,2,1,291195,871194,703975,
92819,2,server2,15,779.8,888569,777,0.498395,1,2,321637,968134,749.12,
92959,2,server2,15,779.8,888569,777,1.78127,2,2,340916,983644,1068.78,
93409,2,server2,15,779.8,888569,777,2.27903,2,1,294804,1020.35,827503,
96684,2,server2,15,779.8,887281,777,0.572534,2,2,347366,546841,726404,
96834,2,server2,15,779.8,887281,777,2.08451,1,1,307634,686503,992729,
97347,2,server2,15,779.8,885991,777,0.905307,2,2,308673,860375,1093.88,
86267,2,server2,16,884.81,776.6,777,1.13253,2,2,312523,679058,636342,
88117,2,server2,16,894702,776.6,777,0.522666,2,1,279216,1132.29,692513,
88402,2,server2,16,894702,776.6,777,0.890602,2,0,267761,623074,887039,
88602,2,server2,16,894702,776.6,777,0.442952,2,1,276199,963.86,721.56,
88677,2,server2,16,894702,776.6,777,0.657309,1,1,265354,658641,692069,
91581,2,server2,16,922739,776.6,777,0.428533,2,2,357153,1184.58,708442,
92.1,2,server2,16,922739,776.6,777,0.613362,2,1,291196,871194,703975,
94562,2,server2,16,1021.51,776.6,777,1.82558,2,2,315112,1150.76,819309,
94712,2,server2,16,1021.51,776.6,777,1.55782,2,2,321415,1100.41,1010.65,
97595,2,server2,16,1023.01,776.6,777,0.646733,1,1,282189,1288.59,649891,
86269,2,server2,19,776.6,860652,777,1.13253,2,2,312525,679058,636342,
88369,2,server2,19,776.6,859168,777,0.890602,2,0,267728,623074,887039,
88609,2,server2,19,776.6,859168,777,0.442952,2,1,276206,963.86,721.56,
88694,2,server2,19,776.6,859168,777,0.657309,1,1,265371,658641,692069,
92104,2,server2,19,776.6,848782,777,0.613362,2,1,291.2,871194,703975,
92819,2,server2,19,776.6,847296,777,0.498395,1,2,321637,968134,749.12,
93399,2,server2,19,776.6,847296,777,2.27903,2,1,294794,1020.35,827503,
96.72,2,server2,19,776.6,847296,777,0.572534,2,2,347402,546841,726404,
96805,2,server2,19,776.6,847296,777,2.08451,1,1,307605,686503,992729,
97.34,2,server2,19,776.6,847296,777,0.905307,2,2,308666,860375,1093.88,
99052,2,server2,20,983173,779.8,777,0.428533,2,2,364624,1184.58,708442,
99052,2,server2,20,983173,779.8,777,0.442952,2,1,286649,963.86,721.56,
99052,2,server2,20,983173,779.8,777,0.498395,1,2,327.87,968134,749.12,
99052,2,server2,20,983173,779.8,777,0.522666,2,1,290151,1132.29,692513,
99052,2,server2,20,983173,779.8,777,0.613362,2,1,298148,871194,703975,
99052,2,server2,20,983173,779.8,777,1.55782,2,2,325755,1100.41,1010.65,
99052,2,server2,20,983173,779.8,777,1.78127,2,2,347009,983644,1068.78,
99052,2,server2,20,983173,779.8,777,1.82558,2,2,319602,1150.76,819309,
99052,2,server2,20,983173,779.8,777,2.27903,2,1,300447,1020.35,827503,
88.1,2,server2,21,1377.67,770.2,777,0.522666,2,1,279199,1132.29,692513,
91574,2,server2,21,1367.58,770.2,777,0.428533,2,2,357146,1184.58,708442,
94554,2,server2,21,1366.33,770.2,777,1.82558,2,2,315104,1150.76,819309,
97609,2,server2,21,1365.07,770.2,777,0.646733,1,1,282203,1288.59,649891,
86265,2,server2,23,779.8,808914,777,1.13253,2,2,312521,679058,636342,
88597,2,server2,23,779.8,808904,777,0.442952,2,1,276194,963.86,721.56,
88684,2,server2,23,779.8,808904,777,0.657309,1,1,265361,658641,692069,
92096,2,server2,23,779.8,808819,777,0.613362,2,1,291192,871194,703975,
92862,2,server2,23,779.8,808787,777,0.498395,1,2,321.68,968134,749.12,
93397,2,server2,23,779.8,808787,777,2.27903,2,1,294792,1020.35,827503,
96711,2,server2,23,779.8,808586,777,0.572534,2,2,347393,546841,726404,
96806,2,server2,23,779.8,808586,777,2.08451,1,1,307606,686503,992729,
97986,2,server2,23,779.8,808586,777,0.905307,2,2,309312,860375,1093.88,
88108,2,server2,24,904795,779.8,777,0.522666,2,1,279207,1132.29,692513,
88607,2,server2,24,906307,779.8,777,0.442952,2,1,276204,963.86,721.56,
88687,2,server2,24,906307,779.8,777,0.657309,1,1,265364,658641,692069,
92111,2,server2,24,927498,779.8,777,0.613362,2,1,291207,871194,703975,
92826,2,server2,24,927498,779.8,777,0.498395,1,2,321644,968134,749.12,
93221,2,server2,24,927498,779.8,777,1.78127,2,2,341178,983644,1068.78,
93396,2,server2,24,927498,779.8,777,2.27903,2,1,294791,1020.35,827503,
94721,2,server2,24,951.68,779.8,777,1.55782,2,2,321424,1100.41,1010.65,
94721,2,server2,24,951.68,779.8,777,1.82558,2,2,315271,1150.76,819309,
100064,2,server2,24,1018.26,779.8,777,0.646733,1,1,284658,1288.59,649891,
86266,2,server2,27,776.6,801408,777,1.13253,2,2,312522,679058,636342,
88359,2,server2,27,776.6,801404,777,0.890602,2,0,267718,623074,887039,
88599,2,server2,27,776.6,801403,777,0.442952,2,1,276196,963.86,721.56,
88.68,2,server2,27,776.6,801403,777,0.657309,1,1,265357,658641,692069,
92097,2,server2,27,776.6,801322,777,0.613362,2,1,291193,871194,703975,
92832,2,server2,27,776.6,801322,777,0.498395,1,2,321.65,968134,749.12,
93397,2,server2,27,776.6,801322,777,2.27903,2,1,294792,1020.35,827503,
96717,2,server2,27,776.6,801322,777,0.572534,2,2,347399,546841,726404,
96817,2,server2,27,776.6,801322,777,2.08451,1,1,307617,686503,992729,
95241,2,server2,28,1014.17,779.8,777,0.428533,2,2,360813,1184.58,708442,
95241,2,server2,28,1014.17,779.8,777,0.442952,2,1,282838,963.86,721.56,
95241,2,server2,28,1014.17,779.8,777,0.498395,1,2,324059,968134,749.12,
95241,2,server2,28,1014.17,779.8,777,0.522666,2,1,286.34,1132.29,692513,
95241,2,server2,28,1014.17,779.8,777,0.613362,2,1,294337,871194,703975,
95241,2,server2,28,1014.17,779.8,777,1.55782,2,2,321944,1100.41,1010.65,
95241,2,server2,28,1014.17,779.8,777,1.78127,2,2,343198,983644,1068.78,
95241,2,server2,28,1014.17,779.8,777,1.82558,2,2,315791,1150.76,819309,
95241,2,server2,28,1014.17,779.8,777,2.27903,2,1,296636,1020.35,827503,
101328,2,server2,28,1018.86,779.8,777,0.646733,1,1,285922,1288.59,649891,
86262,2,server2,29,920426,773.4,777,1.13253,2,2,312518,679058,636342,
88122,2,server2,29,920426,773.4,777,0.522666,2,1,279221,1132.29,692513,
88597,2,server2,29,920426,773.4,777,0.442952,2,1,276194,963.86,721.56,
88682,2,server2,29,920426,773.4,777,0.657309,1,1,265359,658641,692069,
89395,2,server2,29,899968,773.4,777,0.890602,2,0,268754,623074,887039,
91593,2,server2,29,897411,773.4,777,0.428533,2,2,357165,1184.58,708442,
92.1,2,server2,29,897411,773.4,777,0.613362,2,1,291196,871194,703975,
92.82,2,server2,29,897411,773.4,777,0.498395,1,2,321638,968134,749.12,
93.4,2,server2,29,897411,773.4,777,2.27903,2,1,294795,1020.35,827503,
94.55,2,server2,29,897411,773.4,777,1.82558,2,2,315.1,1150.76,819309,
99121,2,server2,29,891061,773.4,777,2.08451,1,1,309921,686503,992729,
86516,2,server2,0,1017.65,779.8,778,0.853211,2,2,331028,760605,875.9,
88171,2,server2,0,1017.65,779.8,778,0.553867,2,1,273315,1055.78,1043.87,
91226,2,server2,0,1017.65,779.8,778,1.44341,2,2,310378,1045.81,599335,
92041,2,server2,0,1017.65,779.8,778,0.438707,2,0,252034,960811,1000.45,
93571,2,server2,0,1038.57,779.8,778,0.638849,2,0,276115,950746,538668,
94882,2,server2,0,1055.29,779.8,778,1.76458,2,2,297.76,950713,894822,
96802,2,server2,0,1059.47,779.8,778,1.27538,2,1,307602,835879,907.97,
96822,2,server2,0,1059.47,779.8,778,2.15505,2,1,296624,867593,836144,
97663,2,server2,0,1073.43,779.8,778,0.89338,2,2,312325,961956,802875,
86515,2,server2,1,782509,770.2,778,0.853211,2,2,331027,760605,875.9,
86595,2,server2,1,782509,770.2,778,0.540372,2,2,295183,612928,895462,
87.17,2,server2,1,782509,770.2,778,0.59406,2,1,294298,808171,1017.43,
88.69,2,server2,1,782509,770.2,778,1.90149,2,1,265367,677035,1015.82,
91646,2,server2,1,776.05,770.2,778,0.405362,2,2,357218,651478,807242,
91996,2,server2,1,776.05,770.2,778,0.438707,2,0,251989,960811,1000.45,
93001,2,server2,1,776.05,770.2,778,1.32555,2,1,278993,712053,575114,
93581,2,server2,1,776.05,770.2,778,0.605433,2,1,258.16,791827,581409,
93581,2,server2,1,776.05,770.2,778,0.638849,2,0,276125,950746,538668,
95566,2,server2,1,776.05,770.2,778,1.76458,2,2,298444,950713,894822,
96826,2,server2,1,776.05,770.2,778,1.27538,2,1,307626,835879,907.97,
96826,2,server2,1,776.05,770.2,778,2.15505,2,1,296628,867593,836144,
97406,2,server2,1,776.05,770.2,778,0.420065,2,0,250801,494588,722042,
98251,2,server2,1,776.05,770.2,778,0.89338,2,2,312913,961956,802875,
86.52,2,server2,2,770.2,763599,778,0.853211,2,2,331032,760605,875.9,
86.59,2,server2,2,770.2,763599,778,0.540372,2,2,295178,612928,895462,
87129,2,server2,2,770.2,763599,778,0.59406,2,1,294257,808171,1017.43,
91635,2,server2,2,770.2,763599,778,0.405362,2,2,357207,651478,807242,
93,2,server2,2,770.2,763599,778,1.32555,2,1,278992,712053,575114,
93545,2,server2,2,770.2,763599,778,0.638849,2,0,276089,950746,538668,
93.58,2,server2,2,770.2,763599,778,0.605433,2,1,258159,791827,581409,
94908,2,server2,2,770.2,763599,778,1.76458,2,2,297786,950713,894822,
97403,2,server2,2,770.2,763599,778,0.420065,2,0,250798,494588,722042,
97648,2,server2,2,770.2,763599,778,1.08,2,1,280293,900121,495349,
97668,2,server2,2,770.2,763599,778,0.89338,2,2,312.33,961956,802875,
106152,2,server2,2,770.2,769.16,778,0.438707,2,0,266145,960811,1000.45,
106153,2,server2,2,770.2,774905,778,0.685444,2,2,352394,859115,1060.84,
86.52,2,server2,3,779.8,936526,778,0.853211,2,2,331032,760605,875.9,
86595,2,server2,3,779.8,936526,778,0.540372,2,2,295183,612928,895462,
87.13,2,server2,3,779.8,936526,778,0.59406,2,1,294258,808171,1017.43,
88145,2,server2,3,779.8,936526,778,0.553867,2,1,273289,1055.78,1043.87,
88.68,2,server2,3,779.8,936526,778,1.90149,2,1,265357,677035,1015.82,
91576,2,server2,3,779.8,935314,778,0.405362,2,2,357148,651478,807242,
92001,2,server2,3,779.8,935314,778,0.438707,2,0,251994,960811,1000.45,
94895,2,server2,3,779.8,932894,778,1.76458,2,2,297773,950713,894822,
95255,2,server2,3,779.8,932894,778,0.685444,2,2,341496,859115,1060.84,
96845,2,server2,3,779.8,932894,778,1.27538,2,1,307645,835879,907.97,
96845,2,server2,3,779.8,932894,778,2.15505,2,1,296647,867593,836144,
97663,2,server2,3,779.8,912348,778,0.89338,2,2,312325,961956,802875,
102634,2,server2,3,779.8,880968,778,0.605433,2,1,267213,791827,581409,
106286,2,server2,3,779.8,866501,778,1.32555,2,1,292278,712053,575114,
103967,2,server2,4,1201.86,779.8,778,0.89338,2,2,318629,961956,802875,
103967,2,server2,4,1201.86,779.8,778,1.44341,2,2,323119,1045.81,599335,
103967,2,server2,4,1201.86,779.8,778,1.76458,2,2,306845,950713,894822,
86571,2,server2,5,826846,770.2,778,0.853211,2,2,331083,760605,875.9,
86926,2,server2,5,826846,770.2,778,0.540372,2,2,295514,612928,895462,
87146,2,server2,5,826846,770.2,778,0.59406,2,1,294274,808171,1017.43,
88696,2,server2,5,825497,770.2,778,1.90149,2,1,265373,677035,1015.82,
91736,2,server2,5,825497,770.2,778,0.405362,2,2,357308,651478,807242,
91736,2,server2,5,825497,770.2,778,1.44341,2,2,310888,1045.81,599335,
92006,2,server2,5,825497,770.2,778,0.438707,2,0,251999,960811,1000.45,
93021,2,server2,5,825497,770.2,778,1.32555,2,1,279013,712053,575114,
93552,2,server2,5,822792,770.2,778,0.638849,2,0,276096,950746,538668,
94905,2,server2,5,817381,770.2,778,1.76458,2,2,297783,950713,894822,
95255,2,server2,5,817381,770.2,778,0.685444,2,2,341496,859115,1060.84,
97625,2,server2,5,817381,770.2,778,1.27538,2,1,308425,835879,907.97,
97625,2,server2,5,817381,770.2,778,2.15505,2,1,297427,867593,836144,
97675,2,server2,5,817381,770.2,778,0.89338,2,2,312337,961956,802875,
97675,2,server2,5,817381,770.2,778,1.08,2,1,280.32,900121,495349,
88597,2,server2,6,773.4,763599,778,0.540372,2,2,297185,612928,895462,
88597,2,server2,6,773.4,763599,778,0.59406,2,1,295725,808171,1017.43,
88597,2,server2,6,773.4,763599,778,0.853211,2,2,333109,760605,875.9,
88677,2,server2,6,773.4,763599,778,1.90149,2,1,265354,677035,1015.82,
91623,2,server2,6,773.4,763599,778,0.405362,2,2,357195,651478,807242,
92998,2,server2,6,773.4,763599,778,1.32555,2,1,278.99,712053,575114,
93548,2,server2,6,773.4,763599,778,0.638849,2,0,276092,950746,538668,
93588,2,server2,6,773.4,763599,778,0.605433,2,1,258167,791827,581409,
94883,2,server2,6,773.4,763599,778,1.76458,2,2,297761,950713,894822,
96806,2,server2,6,773.4,763599,778,1.27538,2,1,307606,835879,907.97,
96806,2,server2,6,773.4,763599,778,2.15505,2,1,296608,867593,836144,
97396,2,server2,6,773.4,763599,778,0.420065,2,0,250791,494588,722042,
97651,2,server2,6,773.4,763599,778,1.08,2,1,280296,900121,495349,
97666,2,server2,6,773.4,763599,778,0.89338,2,2,312328,961956,802875,
102595,2,server2,6,773.4,766322,778,0.438707,2,0,262588,960811,1000.45,
102636,2,server2,6,773.4,776235,778,0.685444,2,2,348877,859115,1060.84,
88146,2,server2,8,1127.43,779.8,778,0.553867,2,1,273.29,1055.78,1043.87,
91156,2,server2,8,1127.43,779.8,778,1.44341,2,2,310308,1045.81,599335,
92012,2,server2,8,1129.07,779.8,778,0.438707,2,0,252005,960811,1000.45,
94889,2,server2,8,1134.02,779.8,778,1.76458,2,2,297767,950713,894822,
96819,2,server2,8,1134.02,779.8,778,2.15505,2,1,296621,867593,836144,
97669,2,server2,8,1143.88,779.8,778,0.89338,2,2,312331,961956,802875,
86514,2,server2,9,887732,770.2,778,0.853211,2,2,331026,760605,875.9,
87139,2,server2,9,887732,770.2,778,0.59406,2,1,294267,808171,1017.43,
91156,2,server2,9,886.55,770.2,778,1.44341,2,2,310308,1045.81,599335,
91576,2,server2,9,886.55,770.2,778,0.405362,2,2,357148,651478,807242,
92021,2,server2,9,886.55,770.2,778,0.438707,2,0,252014,960811,1000.45,
92623,2,server2,9,885365,770.2,778,0.540372,2,2,301211,612928,895462,
93004,2,server2,9,881.84,770.2,778,1.32555,2,1,278996,712053,575114,
93549,2,server2,9,881.84,770.2,778,0.638849,2,0,276093,950746,538668,
93579,2,server2,9,881.84,770.2,778,0.605433,2,1,258158,791827,581409,
94881,2,server2,9,854694,770.2,778,1.76458,2,2,297759,950713,894822,
95251,2,server2,9,854694,770.2,778,0.685444,2,2,341492,859115,1060.84,
96876,2,server2,9,854694,770.2,778,1.27538,2,1,307676,835879,907.97,
96876,2,server2,9,854694,770.2,778,2.15505,2,1,296678,867593,836144,
97651,2,server2,9,854694,770.2,778,1.08,2,1,280296,900121,495349,
97671,2,server2,9,854694,770.2,778,0.89338,2,2,312333,961956,802875,
86527,2,server2,11,779.8,947902,778,0.853211,2,2,331039,760605,875.9,
86632,2,server2,11,779.8,947902,778,0.540372,2,2,295.22,612928,895462,
87182,2,server2,11,779.8,947902,778,0.59406,2,1,294.31,808171,1017.43,
88187,2,server2,11,779.8,947902,778,0.553867,2,1,273331,1055.78,1043.87,
88682,2,server2,11,779.8,947902,778,1.90149,2,1,265359,677035,1015.82,
91632,2,server2,11,779.8,947902,778,0.405362,2,2,357204,651478,807242,
92017,2,server2,11,779.8,947902,778,0.438707,2,0,252.01,960811,1000.45,
95168,2,server2,11,779.8,878479,778,0.605433,2,1,259747,791827,581409,
95243,2,server2,11,779.8,877173,778,0.685444,2,2,341484,859115,1060.84,
95.7,2,server2,11,779.8,866686,778,1.32555,2,1,281692,712053,575114,
96819,2,server2,11,779.8,840471,778,1.27538,2,1,307619,835879,907.97,
96819,2,server2,11,779.8,840471,778,2.15505,2,1,296621,867593,836144,
97664,2,server2,11,779.8,840471,778,0.89338,2,2,312326,961956,802875,
92096,2,server2,12,1104.08,779.8,778,0.438707,2,0,252089,960811,1000.45,
92096,2,server2,12,1104.08,779.8,778,0.553867,2,1,277.24,1055.78,1043.87,
92096,2,server2,12,1104.08,779.8,778,1.44341,2,2,311248,1045.81,599335,
93552,2,server2,12,1105.49,779.8,778,0.638849,2,0,276096,950746,538668,
94888,2,server2,12,1105.49,779.8,778,1.76458,2,2,297766,950713,894822,
96814,2,server2,12,1105.49,779.8,778,1.27538,2,1,307614,835879,907.97,
96814,2,server2,12,1105.49,779.8,778,2.15505,2,1,296616,867593,836144,
97664,2,server2,12,1105.49,779.8,778,0.89338,2,2,312326,961956,802875,
88145,2,server2,13,1081.82,770.2,778,0.553867,2,1,273289,1055.78,1043.87,
91.17,2,server2,13,1081.82,770.2,778,1.44341,2,2,310322,1045.81,599335,
92,2,server2,13,1081.82,770.2,778,0.438707,2,0,251993,960811,1000.45,
93555,2,server2,13,1081.82,770.2,778,0.638849,2,0,276099,950746,538668,
94893,2,server2,13,1073.38,770.2,778,1.76458,2,2,297771,950713,894822,
96828,2,server2,13,1073.38,770.2,778,1.27538,2,1,307628,835879,907.97,
96828,2,server2,13,1073.38,770.2,778,2.15505,2,1,296.63,867593,836144,
86514,2,server2,15,779.8,888569,778,0.853211,2,2,331026,760605,875.9,
86589,2,server2,15,779.8,888569,778,0.540372,2,2,295177,612928,895462,
87129,2,server2,15,779.8,888569,778,0.59406,2,1,294257,808171,1017.43,
88684,2,server2,15,779.8,888569,778,1.90149,2,1,265361,677035,1015.82,
91574,2,server2,15,779.8,888569,778,0.405362,2,2,357146,651478,807242,
91994,2,server2,15,779.8,888569,778,0.438707,2,0,251987,960811,1000.45,
94904,2,server2,15,779.8,888569,778,1.76458,2,2,297782,950713,894822,
95249,2,server2,15,779.8,888569,778,0.685444,2,2,341.49,859115,1060.84,
96834,2,server2,15,779.8,887281,778,1.27538,2,1,307634,835879,907.97,
96834,2,server2,15,779.8,887281,778,2.15505,2,1,296636,867593,836144,
97727,2,server2,15,779.8,885991,778,0.89338,2,2,312389,961956,802875,
86527,2,server2,16,884.81,776.6,778,0.853211,2,2,331039,760605,875.9,
86627,2,server2,16,884.81,776.6,778,0.540372,2,2,295215,612928,895462,
87132,2,server2,16,884.81,776.6,778,0.59406,2,1,294.26,808171,1017.43,
90196,2,server2,16,919747,776.6,778,0.553867,2,1,275.34,1055.78,1043.87,
91156,2,server2,16,922739,776.6,778,1.44341,2,2,310308,1045.81,599335,
91581,2,server2,16,922739,776.6,778,0.405362,2,2,357153,651478,807242,
91995,2,server2,16,922739,776.6,778,0.438707,2,0,251988,960811,1000.45,
93552,2,server2,16,1021.51,776.6,778,0.638849,2,0,276096,950746,538668,
94.88,2,server2,16,1021.51,776.6,778,1.76458,2,2,297758,950713,894822,
96.83,2,server2,16,1021.51,776.6,778,1.27538,2,1,307.63,835879,907.97,
96.83,2,server2,16,1021.51,776.6,778,2.15505,2,1,296632,867593,836144,
97665,2,server2,16,1023.01,776.6,778,0.89338,2,2,312327,961956,802875,
86524,2,server2,19,776.6,860652,778,0.853211,2,2,331036,760605,875.9,
86589,2,server2,19,776.6,860652,778,0.540372,2,2,295177,612928,895462,
87169,2,server2,19,776.6,860652,778,0.59406,2,1,294297,808171,1017.43,
88694,2,server2,19,776.6,859168,778,1.90149,2,1,265371,677035,1015.82,
91575,2,server2,19,776.6,854719,778,0.405362,2,2,357147,651478,807242,
92994,2,server2,19,776.6,847296,778,1.32555,2,1,278986,712053,575114,
93579,2,server2,19,776.6,847296,778,0.605433,2,1,258158,791827,581409,
94879,2,server2,19,776.6,847296,778,1.76458,2,2,297757,950713,894822,
95.26,2,server2,19,776.6,847296,778,0.685444,2,2,341501,859115,1060.84,
96805,2,server2,19,776.6,847296,778,1.27538,2,1,307605,835879,907.97,
96805,2,server2,19,776.6,847296,778,2.15505,2,1,296607,867593,836144,
97695,2,server2,19,776.6,847296,778,0.89338,2,2,312357,961956,802875,
99052,2,server2,20,983173,779.8,778,0.438707,2,0,259045,960811,1000.45,
99052,2,server2,20,983173,779.8,778,0.553867,2,1,284196,1055.78,1043.87,
99052,2,server2,20,983173,779.8,778,0.59406,2,1,306.18,808171,1017.43,
99052,2,server2,20,983173,779.8,778,0.605433,2,1,263631,791827,581409,
99052,2,server2,20,983173,779.8,778,0.638849,2,0,281596,950746,538668,
99052,2,server2,20,983173,779.8,778,0.853211,2,2,343564,760605,875.9,
99052,2,server2,20,983173,779.8,778,0.89338,2,2,313714,961956,802875,
99052,2,server2,20,983173,779.8,778,1.08,2,1,281697,900121,495349,
99052,2,server2,20,983173,779.8,778,1.27538,2,1,309852,835879,907.97,
99052,2,server2,20,983173,779.8,778,1.44341,2,2,318204,1045.81,599335,
99052,2,server2,20,983173,779.8,778,1.76458,2,2,301.93,950713,894822,
99052,2,server2,20,983173,779.8,778,2.15505,2,1,298854,867593,836144,
86591,2,server2,23,779.8,808908,778,0.540372,2,2,295179,612928,895462,
87.13,2,server2,23,779.8,808906,778,0.59406,2,1,294258,808171,1017.43,
88684,2,server2,23,779.8,808904,778,1.90149,2,1,265361,677035,1015.82,
91576,2,server2,23,779.8,808887,778,0.405362,2,2,357148,651478,807242,
92009,2,server2,23,779.8,808877,778,0.438707,2,0,252002,960811,1000.45,
93007,2,server2,23,779.8,808787,778,1.32555,2,1,278999,712053,575114,
93582,2,server2,23,779.8,808787,778,0.605433,2,1,258161,791827,581409,
94897,2,server2,23,779.8,808787,778,1.76458,2,2,297775,950713,894822,
95257,2,server2,23,779.8,808787,778,0.685444,2,2,341498,859115,1060.84,
96806,2,server2,23,779.8,808586,778,1.27538,2,1,307606,835879,907.97,
96806,2,server2,23,779.8,808586,778,2.15505,2,1,296608,867593,836144,
97986,2,server2,23,779.8,808586,778,0.420065,2,0,251381,494588,722042,
97986,2,server2,23,779.8,808586,778,0.89338,2,2,312648,961956,802875,
86516,2,server2,24,901766,779.8,778,0.853211,2,2,331028,760605,875.9,
87133,2,server2,24,903285,779.8,778,0.59406,2,1,294261,808171,1017.43,
90377,2,server2,24,913878,779.8,778,0.553867,2,1,275521,1055.78,1043.87,
91158,2,server2,24,916901,779.8,778,1.44341,2,2,310.31,1045.81,599335,
92071,2,server2,24,927498,779.8,778,0.438707,2,0,252064,960811,1000.45,
93221,2,server2,24,927498,779.8,778,1.32555,2,1,279213,712053,575114,
93594,2,server2,24,941106,779.8,778,0.605433,2,1,258173,791827,581409,
94906,2,server2,24,951.68,779.8,778,1.76458,2,2,297784,950713,894822,
95251,2,server2,24,951.68,779.8,778,0.685444,2,2,341492,859115,1060.84,
96801,2,server2,24,972873,779.8,778,1.27538,2,1,307601,835879,907.97,
96806,2,server2,24,972873,779.8,778,2.15505,2,1,296608,867593,836144,
97658,2,server2,24,978924,779.8,778,1.08,2,1,280303,900121,495349,
97693,2,server2,24,978924,779.8,778,0.89338,2,2,312355,961956,802875,
86541,2,server2,27,776.6,801407,778,0.853211,2,2,331053,760605,875.9,
88.68,2,server2,27,776.6,801403,778,1.90149,2,1,265357,677035,1015.82,
91577,2,server2,27,776.6,801322,778,0.405362,2,2,357149,651478,807242,
92007,2,server2,27,776.6,801322,778,0.438707,2,0,252,960811,1000.45,
92997,2,server2,27,776.6,801322,778,1.32555,2,1,278989,712053,575114,
93632,2,server2,27,776.6,801322,778,0.605433,2,1,258211,791827,581409,
94892,2,server2,27,776.6,801322,778,1.76458,2,2,297.77,950713,894822,
95247,2,server2,27,776.6,801322,778,0.685444,2,2,341488,859115,1060.84,
96817,2,server2,27,776.6,801322,778,1.27538,2,1,307617,835879,907.97,
96817,2,server2,27,776.6,801322,778,2.15505,2,1,296619,867593,836144,
97407,2,server2,27,776.6,801322,778,0.420065,2,0,250802,494588,722042,
97667,2,server2,27,776.6,801322,778,0.89338,2,2,312329,961956,802875,
95241,2,server2,28,1014.17,779.8,778,0.438707,2,0,255234,960811,1000.45,
95241,2,server2,28,1014.17,779.8,778,0.553867,2,1,280385,1055.78,1043.87,
95241,2,server2,28,1014.17,779.8,778,0.605433,2,1,259.82,791827,581409,
95241,2,server2,28,1014.17,779.8,778,0.638849,2,0,277785,950746,538668,
95241,2,server2,28,1014.17,779.8,778,0.853211,2,2,339753,760605,875.9,
95241,2,server2,28,1014.17,779.8,778,1.44341,2,2,314393,1045.81,599335,
95241,2,server2,28,1014.17,779.8,778,1.76458,2,2,298119,950713,894822,
96802,2,server2,28,1014.17,779.8,778,1.27538,2,1,307602,835879,907.97,
96802,2,server2,28,1014.17,779.8,778,2.15505,2,1,296604,867593,836144,
97664,2,server2,28,1017.3,779.8,778,0.89338,2,2,312326,961956,802875,
86547,2,server2,29,920426,773.4,778,0.853211,2,2,331059,760605,875.9,
87142,2,server2,29,920426,773.4,778,0.59406,2,1,294.27,808171,1017.43,
91163,2,server2,29,897411,773.4,778,1.44341,2,2,310315,1045.81,599335,
91593,2,server2,29,897411,773.4,778,0.405362,2,2,357165,651478,807242,
92003,2,server2,29,897411,773.4,778,0.438707,2,0,251996,960811,1000.45,
93,2,server2,29,897411,773.4,778,1.32555,2,1,278992,712053,575114,
93.57,2,server2,29,897411,773.4,778,0.638849,2,0,276114,950746,538668,
93605,2,server2,29,897411,773.4,778,0.605433,2,1,258184,791827,581409,
94.91,2,server2,29,897411,773.4,778,1.76458,2,2,297788,950713,894822,
95265,2,server2,29,897411,773.4,778,0.685444,2,2,341506,859115,1060.84,
96.8,2,server2,29,896146,773.4,778,1.27538,2,1,307.6,835879,907.97,
96815,2,server2,29,896146,773.4,778,2.15505,2,1,296617,867593,836144,
97661,2,server2,29,896146,773.4,778,1.08,2,1,280306,900121,495349,
97681,2,server2,29,896146,773.4,778,0.89338,2,2,312343,961956,802875,
99122,2,server2,29,885974,773.4,778,0.540372,2,2,307.71,612928,895462,
87241,2,server2,0,1017.65,779.8,779,0.545617,2,1,294369,766074,698503,
87241,2,server2,0,1017.65,779.8,779,2.12642,2,1,272371,1030.07,903033,
95337,2,server2,0,1059.47,779.8,779,1.56684,2,2,320627,1165.96,594044,
98098,2,server2,0,1073.43,779.8,779,0.512345,2,1,293148,834083,647649,
87.17,2,server2,1,782509,770.2,779,0.545617,2,1,294298,766074,698503,
87.17,2,server2,1,782509,770.2,779,2.12642,2,1,272.3,1030.07,903033,
93581,2,server2,1,776.05,770.2,779,0.995519,2,1,258.16,812789,523889,
95566,2,server2,1,776.05,770.2,779,1.41584,2,0,271523,847536,870195,
98251,2,server2,1,776.05,770.2,779,0.512345,2,1,293301,834083,647649,
87129,2,server2,2,770.2,763599,779,0.545617,2,1,294257,766074,698503,
87132,2,server2,2,770.2,763599,779,2.12642,2,1,272262,1030.07,903033,
93.58,2,server2,2,770.2,763599,779,0.995519,2,1,258159,812789,523889,
95003,2,server2,2,770.2,763599,779,1.41584,2,0,270.96,847536,870195,
98053,2,server2,2,770.2,763599,779,0.512345,2,1,293103,834083,647649,
87.13,2,server2,3,779.8,936526,779,0.545617,2,1,294258,766074,698503,
87.14,2,server2,3,779.8,936526,779,2.12642,2,1,272.27,1030.07,903033,
94.96,2,server2,3,779.8,932894,779,1.41584,2,0,270917,847536,870195,
98054,2,server2,3,779.8,911134,779,0.512345,2,1,293104,834083,647649,
103967,2,server2,4,1201.86,779.8,779,1.56684,2,2,329257,1165.96,594044,
103967,2,server2,4,1201.86,779.8,779,2.12642,2,1,289097,1030.07,903033,
103967,2,server2,4,1201.86,779.8,779,2.29963,2,2,312.91,1332.35,941965,
87146,2,server2,5,826846,770.2,779,0.545617,2,1,294274,766074,698503,
87146,2,server2,5,826846,770.2,779,2.12642,2,1,272276,1030.07,903033,
93146,2,server2,5,825497,770.2,779,1.77073,2,2,332245,945926,502124,
94995,2,server2,5,817381,770.2,779,1.41584,2,0,270952,847536,870195,
98075,2,server2,5,817381,770.2,779,0.512345,2,1,293125,834083,647649,
88597,2,server2,6,773.4,763599,779,0.545617,2,1,295725,766074,698503,
88597,2,server2,6,773.4,763599,779,2.12642,2,1,273727,1030.07,903033,
93588,2,server2,6,773.4,763599,779,0.995519,2,1,258167,812789,523889,
94983,2,server2,6,773.4,763599,779,1.41584,2,0,270.94,847536,870195,
105.93,2,server2,6,773.4,913597,779,0.792108,1,2,317256,527758,1085.03,
87135,2,server2,8,1124.15,779.8,779,2.12642,2,1,272265,1030.07,903033,
88961,2,server2,8,1127.43,779.8,779,2.29963,2,2,297904,1332.35,941965,
95339,2,server2,8,1134.02,779.8,779,1.56684,2,2,320629,1165.96,594044,
87139,2,server2,9,887732,770.2,779,0.545617,2,1,294267,766074,698503,
87139,2,server2,9,887732,770.2,779,2.12642,2,1,272269,1030.07,903033,
93104,2,server2,9,881.84,770.2,779,1.77073,2,2,332203,945926,502124,
93579,2,server2,9,881.84,770.2,779,0.995519,2,1,258158,812789,523889,
94961,2,server2,9,854694,770.2,779,1.41584,2,0,270918,847536,870195,
98061,2,server2,9,854694,770.2,779,0.512345,2,1,293111,834083,647649,
87182,2,server2,11,779.8,947902,779,0.545617,2,1,294.31,766074,698503,
87182,2,server2,11,779.8,947902,779,2.12642,2,1,272312,1030.07,903033,
94957,2,server2,11,779.8,900754,779,1.41584,2,0,270914,847536,870195,
98059,2,server2,11,779.8,840471,779,0.512345,2,1,293109,834083,647649,
92096,2,server2,12,1104.08,779.8,779,2.12642,2,1,277226,1030.07,903033,
92096,2,server2,12,1104.08,779.8,779,2.29963,2,2,301039,1332.35,941965,
94958,2,server2,12,1105.49,779.8,779,1.41584,2,0,270915,847536,870195,
95293,2,server2,12,1105.49,779.8,779,1.56684,2,2,320583,1165.96,594044,
87155,2,server2,13,1081.82,770.2,779,2.12642,2,1,272285,1030.07,903033,
94159,2,server2,13,1079.7,770.2,779,1.77073,2,2,333258,945926,502124,
94978,2,server2,13,1073.38,770.2,779,1.41584,2,0,270935,847536,870195,
95303,2,server2,13,1073.38,770.2,779,1.56684,2,2,320593,1165.96,594044,
97663,2,server2,13,1056.49,770.2,779,0.545617,2,1,304791,766074,698503,
98062,2,server2,13,1051.19,770.2,779,0.512345,2,1,293112,834083,647649,
87129,2,server2,15,779.8,888569,779,0.545617,2,1,294257,766074,698503,
87144,2,server2,15,779.8,888569,779,2.12642,2,1,272274,1030.07,903033,
94964,2,server2,15,779.8,888569,779,1.41584,2,0,270921,847536,870195,
98067,2,server2,15,779.8,885991,779,0.512345,2,1,293117,834083,647649,
87132,2,server2,16,884.81,776.6,779,0.545617,2,1,294.26,766074,698503,
87132,2,server2,16,884.81,776.6,779,2.12642,2,1,272262,1030.07,903033,
93108,2,server2,16,981115,776.6,779,1.77073,2,2,332207,945926,502124,
94.96,2,server2,16,1021.51,776.6,779,1.41584,2,0,270917,847536,870195,
95305,2,server2,16,1021.51,776.6,779,1.56684,2,2,320595,1165.96,594044,
98.06,2,server2,16,1023.01,776.6,779,0.512345,2,1,293.11,834083,647649,
102495,2,server2,16,1082.83,776.6,779,2.29963,2,2,311438,1332.35,941965,
87169,2,server2,19,776.6,860652,779,0.545617,2,1,294297,766074,698503,
87169,2,server2,19,776.6,860652,779,2.12642,2,1,272299,1030.07,903033,
94969,2,server2,19,776.6,847296,779,1.41584,2,0,270926,847536,870195,
98085,2,server2,19,776.6,847296,779,0.512345,2,1,293135,834083,647649,
99052,2,server2,20,983173,779.8,779,0.512345,2,1,294102,834083,647649,
99052,2,server2,20,983173,779.8,779,0.545617,2,1,306.18,766074,698503,
99052,2,server2,20,983173,779.8,779,1.41584,2,0,275009,847536,870195,
99052,2,server2,20,983173,779.8,779,1.56684,2,2,324342,1165.96,594044,
99052,2,server2,20,983173,779.8,779,1.77073,2,2,338151,945926,502124,
99052,2,server2,20,983173,779.8,779,2.12642,2,1,284182,1030.07,903033,
95304,2,server2,21,1366.33,770.2,779,1.56684,2,2,320594,1165.96,594044,
87.13,2,server2,23,779.8,808906,779,0.545617,2,1,294258,766074,698503,
93582,2,server2,23,779.8,808787,779,0.995519,2,1,258161,812789,523889,
94957,2,server2,23,779.8,808787,779,1.41584,2,0,270914,847536,870195,
98086,2,server2,23,779.8,808586,779,0.512345,2,1,293136,834083,647649,
87133,2,server2,24,903285,779.8,779,0.545617,2,1,294261,766074,698503,
87133,2,server2,24,903285,779.8,779,2.12642,2,1,272263,1030.07,903033,
93221,2,server2,24,927498,779.8,779,1.77073,2,2,332.32,945926,502124,
93594,2,server2,24,941106,779.8,779,0.995519,2,1,258173,812789,523889,
94971,2,server2,24,951.68,779.8,779,1.41584,2,0,270928,847536,870195,
98063,2,server2,24,978924,779.8,779,0.512345,2,1,293113,834083,647649,
87.13,2,server2,27,776.6,801405,779,2.12642,2,1,272.26,1030.07,903033,
93632,2,server2,27,776.6,801322,779,0.995519,2,1,258211,812789,523889,
94962,2,server2,27,776.6,801322,779,1.41584,2,0,270919,847536,870195,
98057,2,server2,27,776.6,801322,779,0.512345,2,1,293107,834083,647649,
95241,2,server2,28,1014.17,779.8,779,0.545617,2,1,302369,766074,698503,
95241,2,server2,28,1014.17,779.8,779,1.41584,2,0,271198,847536,870195,
95241,2,server2,28,1014.17,779.8,779,1.77073,2,2,334.34,945926,502124,
95241,2,server2,28,1014.17,779.8,779,2.12642,2,1,280371,1030.07,903033,
95.29,2,server2,28,1014.17,779.8,779,1.56684,2,2,320.58,1165.96,594044,
98059,2,server2,28,1017.3,779.8,779,0.512345,2,1,293109,834083,647649,
87142,2,server2,29,920426,773.4,779,0.545617,2,1,294.27,766074,698503,
87142,2,server2,29,920426,773.4,779,2.12642,2,1,272272,1030.07,903033,
93105,2,server2,29,897411,773.4,779,1.77073,2,2,332204,945926,502124,
93605,2,server2,29,897411,773.4,779,0.995519,2,1,258184,812789,523889,
94.98,2,server2,29,897411,773.4,779,1.41584,2,0,270937,847536,870195,
98051,2,server2,29,896146,773.4,779,0.512345,2,1,293101,834083,647649,
87241,2,server2,0,1017.65,779.8,780,2.43264,2,1,272371,997.84,866839,
88106,2,server2,0,1017.65,779.8,780,0.432992,2,1,279205,1189.28,872266,
88956,2,server2,0,1017.65,779.8,780,0.565954,2,2,308909,1155.25,857334,
93426,2,server2,0,1038.57,779.8,780,2.35585,2,1,292818,1004.45,862351,
94008,2,server2,0,1038.57,779.8,780,1.26602,2,2,304973,1073.97,696472,
95147,2,server2,0,1059.47,779.8,780,1.46175,2,1,279248,801.28,892209,
95717,2,server2,0,1059.47,779.8,780,1.4325,2,2,322.42,774849,790315,
87.17,2,server2,1,782509,770.2,780,2.43264,2,1,272.3,997.84,866839,
93401,2,server2,1,776.05,770.2,780,2.35585,2,1,292793,1004.45,862351,
95566,2,server2,1,776.05,770.2,780,0.602362,2,2,359867,687521,890207,
95566,2,server2,1,776.05,770.2,780,1.04301,2,2,328734,732783,1049.42,
95566,2,server2,1,776.05,770.2,780,1.46175,2,1,279667,801.28,892209,
95566,2,server2,1,776.05,770.2,780,2.26723,2,1,279667,525923,934.84,
95721,2,server2,1,776.05,770.2,780,1.4325,2,2,322424,774849,790315,
98251,2,server2,1,776.05,770.2,780,0.516133,2,1,295301,601.05,877.57,
87132,2,server2,2,770.2,763599,780,2.43264,2,1,272262,997.84,866839,
93395,2,server2,2,770.2,763599,780,2.35585,2,1,292787,1004.45,862351,
95103,2,server2,2,770.2,763599,780,1.46175,2,1,279204,801.28,892209,
95103,2,server2,2,770.2,763599,780,2.26723,2,1,279204,525923,934.84,
95176,2,server2,2,770.2,763599,780,1.04301,2,2,328344,732783,1049.42,
95345,2,server2,2,770.2,763599,780,0.602362,2,2,359646,687521,890207,
95.74,2,server2,2,770.2,763599,780,1.4325,2,2,322443,774849,790315,
98053,2,server2,2,770.2,763599,780,0.516133,2,1,295103,601.05,877.57,
87.14,2,server2,3,779.8,936526,780,2.43264,2,1,272.27,997.84,866839,
93411,2,server2,3,779.8,935314,780,2.35585,2,1,292803,1004.45,862351,
95.11,2,server2,3,779.8,932894,780,1.46175,2,1,279211,801.28,892209,
95.11,2,server2,3,779.8,932894,780,2.26723,2,1,279211,525923,934.84,
95.17,2,server2,3,779.8,932894,780,1.04301,2,2,328338,732783,1049.42,
95325,2,server2,3,779.8,932894,780,0.602362,2,2,359626,687521,890207,
95.71,2,server2,3,779.8,932894,780,1.4325,2,2,322413,774849,790315,
98054,2,server2,3,779.8,911134,780,0.516133,2,1,295104,601.05,877.57,
103967,2,server2,4,1201.86,779.8,780,0.432992,2,1,295066,1189.28,872266,
103967,2,server2,4,1201.86,779.8,780,0.565954,2,2,323.92,1155.25,857334,
103967,2,server2,4,1201.86,779.8,780,1.26602,2,2,314932,1073.97,696472,
103967,2,server2,4,1201.86,779.8,780,2.35585,2,1,303359,1004.45,862351,
103967,2,server2,4,1201.86,779.8,780,2.43264,2,1,289097,997.84,866839,
87146,2,server2,5,826846,770.2,780,2.43264,2,1,272276,997.84,866839,
93401,2,server2,5,825497,770.2,780,2.35585,2,1,292793,1004.45,862351,
93.99,2,server2,5,817381,770.2,780,1.26602,2,2,304955,1073.97,696472,
95.11,2,server2,5,817381,770.2,780,1.46175,2,1,279211,801.28,892209,
95.18,2,server2,5,817381,770.2,780,1.04301,2,2,328348,732783,1049.42,
95315,2,server2,5,817381,770.2,780,0.602362,2,2,359616,687521,890207,
95.99,2,server2,5,817381,770.2,780,1.4325,2,2,322693,774849,790315,
98075,2,server2,5,817381,770.2,780,0.516133,2,1,295125,601.05,877.57,
88597,2,server2,6,773.4,763599,780,2.43264,2,1,273727,997.84,866839,
93398,2,server2,6,773.4,763599,780,2.35585,2,1,292.79,1004.45,862351,
95123,2,server2,6,773.4,763599,780,1.46175,2,1,279224,801.28,892209,
95188,2,server2,6,773.4,763599,780,1.04301,2,2,328356,732783,1049.42,
95313,2,server2,6,773.4,763599,780,0.602362,2,2,359614,687521,890207,
95708,2,server2,6,773.4,763599,780,1.4325,2,2,322411,774849,790315,
102595,2,server2,6,773.4,765405,780,2.26723,2,1,286696,525923,934.84,
87135,2,server2,8,1124.15,779.8,780,2.43264,2,1,272265,997.84,866839,
88961,2,server2,8,1127.43,779.8,780,0.565954,2,2,308914,1155.25,857334,
93403,2,server2,8,1134.02,779.8,780,2.35585,2,1,292795,1004.45,862351,
93973,2,server2,8,1134.02,779.8,780,1.26602,2,2,304938,1073.97,696472,
87139,2,server2,9,887732,770.2,780,2.43264,2,1,272269,997.84,866839,
88954,2,server2,9,887732,770.2,780,0.565954,2,2,308907,1155.25,857334,
93399,2,server2,9,881.84,770.2,780,2.35585,2,1,292791,1004.45,862351,
93979,2,server2,9,881.84,770.2,780,1.26602,2,2,304944,1073.97,696472,
95106,2,server2,9,854694,770.2,780,1.46175,2,1,279207,801.28,892209,
95316,2,server2,9,854694,770.2,780,0.602362,2,2,359617,687521,890207,
95706,2,server2,9,854694,770.2,780,1.4325,2,2,322409,774849,790315,
98061,2,server2,9,854694,770.2,780,0.516133,2,1,295111,601.05,877.57,
87182,2,server2,11,779.8,947902,780,2.43264,2,1,272312,997.84,866839,
93413,2,server2,11,779.8,919087,780,2.35585,2,1,292805,1004.45,862351,
95338,2,server2,11,779.8,877173,780,0.602362,2,2,359639,687521,890207,
98059,2,server2,11,779.8,840471,780,0.516133,2,1,295109,601.05,877.57,
92096,2,server2,12,1104.08,779.8,780,0.432992,2,1,283195,1189.28,872266,
92096,2,server2,12,1104.08,779.8,780,0.565954,2,2,312049,1155.25,857334,
92096,2,server2,12,1104.08,779.8,780,2.43264,2,1,277226,997.84,866839,
93417,2,server2,12,1105.49,779.8,780,2.35585,2,1,292809,1004.45,862351,
93987,2,server2,12,1105.49,779.8,780,1.26602,2,2,304952,1073.97,696472,
87155,2,server2,13,1081.82,770.2,780,2.43264,2,1,272285,997.84,866839,
88145,2,server2,13,1081.82,770.2,780,0.432992,2,1,279244,1189.28,872266,
88.97,2,server2,13,1081.82,770.2,780,0.565954,2,2,308923,1155.25,857334,
93.41,2,server2,13,1081.82,770.2,780,2.35585,2,1,292802,1004.45,862351,
95148,2,server2,13,1073.38,770.2,780,1.46175,2,1,279249,801.28,892209,
95703,2,server2,13,1073.38,770.2,780,1.4325,2,2,322406,774849,790315,
87144,2,server2,15,779.8,888569,780,2.43264,2,1,272274,997.84,866839,
93409,2,server2,15,779.8,888569,780,2.35585,2,1,292801,1004.45,862351,
95114,2,server2,15,779.8,888569,780,1.46175,2,1,279215,801.28,892209,
95114,2,server2,15,779.8,888569,780,2.26723,2,1,279215,525923,934.84,
95174,2,server2,15,779.8,888569,780,1.04301,2,2,328342,732783,1049.42,
95309,2,server2,15,779.8,888569,780,0.602362,2,2,359.61,687521,890207,
95709,2,server2,15,779.8,887281,780,1.4325,2,2,322412,774849,790315,
98067,2,server2,15,779.8,885991,780,0.516133,2,1,295117,601.05,877.57,
87132,2,server2,16,884.81,776.6,780,2.43264,2,1,272262,997.84,866839,
88962,2,server2,16,894702,776.6,780,0.565954,2,2,308915,1155.25,857334,
90193,2,server2,16,906285,776.6,780,0.432992,2,1,281292,1189.28,872266,
93967,2,server2,16,1021.51,776.6,780,1.26602,2,2,304932,1073.97,696472,
95.11,2,server2,16,1021.51,776.6,780,1.46175,2,1,279211,801.28,892209,
95.71,2,server2,16,1021.51,776.6,780,1.4325,2,2,322413,774849,790315,
87169,2,server2,19,776.6,860652,780,2.43264,2,1,272299,997.84,866839,
93394,2,server2,19,776.6,847296,780,2.35585,2,1,292786,1004.45,862351,
95.12,2,server2,19,776.6,847296,780,1.46175,2,1,279221,801.28,892209,
95.12,2,server2,19,776.6,847296,780,2.26723,2,1,279221,525923,934.84,
95.17,2,server2,19,776.6,847296,780,1.04301,2,2,328338,732783,1049.42,
95305,2,server2,19,776.6,847296,780,0.602362,2,2,359606,687521,890207,
95.73,2,server2,19,776.6,847296,780,1.4325,2,2,322433,774849,790315,
98085,2,server2,19,776.6,847296,780,0.516133,2,1,295135,601.05,877.57,
99052,2,server2,20,983173,779.8,780,0.432992,2,1,290151,1189.28,872266,
99052,2,server2,20,983173,779.8,780,0.565954,2,2,319005,1155.25,857334,
99052,2,server2,20,983173,779.8,780,1.26602,2,2,310017,1073.97,696472,
99052,2,server2,20,983173,779.8,780,1.4325,2,2,325755,774849,790315,
99052,2,server2,20,983173,779.8,780,1.46175,2,1,283153,801.28,892209,
99052,2,server2,20,983173,779.8,780,2.35585,2,1,298444,1004.45,862351,
99052,2,server2,20,983173,779.8,780,2.43264,2,1,284182,997.84,866839,
88.1,2,server2,21,1377.67,770.2,780,0.432992,2,1,279199,1189.28,872266,
88963,2,server2,21,1368.85,770.2,780,0.565954,2,2,308916,1155.25,857334,
99915,2,server2,21,1363.81,770.2,780,1.26602,2,2,310.88,1073.97,696472,
93392,2,server2,23,779.8,808787,780,2.35585,2,1,292784,1004.45,862351,
95127,2,server2,23,779.8,808787,780,1.46175,2,1,279228,801.28,892209,
95127,2,server2,23,779.8,808787,780,2.26723,2,1,279228,525923,934.84,
95172,2,server2,23,779.8,808787,780,1.04301,2,2,328.34,732783,1049.42,
95302,2,server2,23,779.8,808787,780,0.602362,2,2,359603,687521,890207,
95747,2,server2,23,779.8,808787,780,1.4325,2,2,322.45,774849,790315,
98086,2,server2,23,779.8,808586,780,0.516133,2,1,295136,601.05,877.57,
87133,2,server2,24,903285,779.8,780,2.43264,2,1,272263,997.84,866839,
88108,2,server2,24,904795,779.8,780,0.432992,2,1,279207,1189.28,872266,
93396,2,server2,24,927498,779.8,780,2.35585,2,1,292788,1004.45,862351,
93976,2,server2,24,950167,779.8,780,1.26602,2,2,304941,1073.97,696472,
95106,2,server2,24,951.68,779.8,780,1.46175,2,1,279207,801.28,892209,
95706,2,server2,24,972873,779.8,780,1.4325,2,2,322409,774849,790315,
87.13,2,server2,27,776.6,801405,780,2.43264,2,1,272.26,997.84,866839,
93397,2,server2,27,776.6,801322,780,2.35585,2,1,292789,1004.45,862351,
95112,2,server2,27,776.6,801322,780,1.46175,2,1,279213,801.28,892209,
95112,2,server2,27,776.6,801322,780,2.26723,2,1,279213,525923,934.84,
95217,2,server2,27,776.6,801322,780,1.04301,2,2,328385,732783,1049.42,
95347,2,server2,27,776.6,801322,780,0.602362,2,2,359648,687521,890207,
95707,2,server2,27,776.6,801322,780,1.4325,2,2,322.41,774849,790315,
98057,2,server2,27,776.6,801322,780,0.516133,2,1,295107,601.05,877.57,
95241,2,server2,28,1014.17,779.8,780,0.432992,2,1,286.34,1189.28,872266,
95241,2,server2,28,1014.17,779.8,780,0.565954,2,2,315194,1155.25,857334,
95241,2,server2,28,1014.17,779.8,780,1.26602,2,2,306206,1073.97,696472,
95241,2,server2,28,1014.17,779.8,780,1.46175,2,1,279342,801.28,892209,
95241,2,server2,28,1014.17,779.8,780,2.35585,2,1,294633,1004.45,862351,
95241,2,server2,28,1014.17,779.8,780,2.43264,2,1,280371,997.84,866839,
95.71,2,server2,28,1014.17,779.8,780,1.4325,2,2,322413,774849,790315,
87142,2,server2,29,920426,773.4,780,2.43264,2,1,272272,997.84,866839,
88122,2,server2,29,920426,773.4,780,0.432992,2,1,279221,1189.28,872266,
88962,2,server2,29,920426,773.4,780,0.565954,2,2,308915,1155.25,857334,
93.4,2,server2,29,897411,773.4,780,2.35585,2,1,292792,1004.45,862351,
93975,2,server2,29,897411,773.4,780,1.26602,2,2,304.94,1073.97,696472,
95125,2,server2,29,897411,773.4,780,1.46175,2,1,279226,801.28,892209,
95.36,2,server2,29,897411,773.4,780,0.602362,2,2,359661,687521,890207,
95705,2,server2,29,896146,773.4,780,1.4325,2,2,322408,774849,790315,
99123,2,server2,29,882041,773.4,780,0.516133,2,1,296173,601.05,877.57,
87241,2,server2,0,1017.65,779.8,781,1.31766,2,2,315458,819259,631401,
88956,2,server2,0,1017.65,779.8,781,1.68536,1,2,308909,831493,647.45,
95702,2,server2,0,1059.47,779.8,781,0.84679,2,2,333402,930846,909434,
95772,2,server2,0,1059.47,779.8,781,1.28474,2,2,314501,982307,917073,
87245,2,server2,1,782509,770.2,781,1.31766,2,2,315462,819259,631401,
88.98,2,server2,1,782509,770.2,781,1.68536,1,2,308933,831493,647.45,
95566,2,server2,1,776.05,770.2,781,1.27477,2,2,309694,491958,712.03,
95721,2,server2,1,776.05,770.2,781,0.84679,2,2,333421,930846,909434,
95771,2,server2,1,776.05,770.2,781,1.28474,2,2,314.5,982307,917073,
87262,2,server2,2,770.2,763599,781,1.31766,2,2,315479,819259,631401,
88956,2,server2,2,770.2,763599,781,1.68536,1,2,308909,831493,647.45,
95.74,2,server2,2,770.2,763599,781,0.84679,2,2,333.44,930846,909434,
95.74,2,server2,2,770.2,763599,781,1.28474,2,2,314469,982307,917073,
88.96,2,server2,3,779.8,936526,781,1.68536,1,2,308913,831493,647.45,
95.71,2,server2,3,779.8,932894,781,0.84679,2,2,333.41,930846,909434,
95735,2,server2,3,779.8,932894,781,1.28474,2,2,314464,982307,917073,
97326,2,server2,3,779.8,928051,781,1.31766,2,2,325543,819259,631401,
102649,2,server2,3,779.8,879763,781,0.534821,2,1,291707,479933,871732,
103967,2,server2,4,1201.86,779.8,781,1.28474,2,2,322696,982307,917073,
87221,2,server2,5,826846,770.2,781,1.31766,2,2,315438,819259,631401,
88971,2,server2,5,825497,770.2,781,1.68536,1,2,308924,831493,647.45,
95.99,2,server2,5,817381,770.2,781,0.84679,2,2,333.69,930846,909434,
95.99,2,server2,5,817381,770.2,781,1.28474,2,2,314719,982307,917073,
88597,2,server2,6,773.4,763599,781,1.31766,2,2,316814,819259,631401,
88957,2,server2,6,773.4,763599,781,1.68536,1,2,308.91,831493,647.45,
95143,2,server2,6,773.4,763599,781,1.27477,2,2,309271,491958,712.03,
95708,2,server2,6,773.4,763599,781,0.84679,2,2,333408,930846,909434,
95733,2,server2,6,773.4,763599,781,1.28474,2,2,314462,982307,917073,
96619,2,server2,8,1134.02,779.8,781,0.84679,2,2,334319,930846,909434,
96619,2,server2,8,1134.02,779.8,781,1.28474,2,2,315348,982307,917073,
87244,2,server2,9,887732,770.2,781,1.31766,2,2,315461,819259,631401,
88954,2,server2,9,887732,770.2,781,1.68536,1,2,308907,831493,647.45,
95706,2,server2,9,854694,770.2,781,0.84679,2,2,333406,930846,909434,
95736,2,server2,9,854694,770.2,781,1.28474,2,2,314465,982307,917073,
92199,2,server2,11,779.8,942666,781,1.68536,1,2,312152,831493,647.45,
92267,2,server2,11,779.8,928265,781,1.31766,2,2,320484,819259,631401,
95708,2,server2,12,1105.49,779.8,781,0.84679,2,2,333408,930846,909434,
95733,2,server2,12,1105.49,779.8,781,1.28474,2,2,314462,982307,917073,
87.22,2,server2,13,1081.82,770.2,781,1.31766,2,2,315437,819259,631401,
88.97,2,server2,13,1081.82,770.2,781,1.68536,1,2,308923,831493,647.45,
95703,2,server2,13,1073.38,770.2,781,0.84679,2,2,333403,930846,909434,
95738,2,server2,13,1073.38,770.2,781,1.28474,2,2,314467,982307,917073,
87229,2,server2,15,779.8,888569,781,1.31766,2,2,315446,819259,631401,
88954,2,server2,15,779.8,888569,781,1.68536,1,2,308907,831493,647.45,
95709,2,server2,15,779.8,887281,781,0.84679,2,2,333409,930846,909434,
95729,2,server2,15,779.8,887281,781,1.28474,2,2,314458,982307,917073,
88962,2,server2,16,894702,776.6,781,1.68536,1,2,308915,831493,647.45,
95.7,2,server2,16,1021.51,776.6,781,0.84679,2,2,333.4,930846,909434,
95.73,2,server2,16,1021.51,776.6,781,1.28474,2,2,314459,982307,917073,
87224,2,server2,19,776.6,860652,781,1.31766,2,2,315441,819259,631401,
88969,2,server2,19,776.6,859168,781,1.68536,1,2,308922,831493,647.45,
95.73,2,server2,19,776.6,847296,781,0.84679,2,2,333.43,930846,909434,
95.73,2,server2,19,776.6,847296,781,1.28474,2,2,314459,982307,917073,
98085,2,server2,19,776.6,847296,781,0.534821,2,1,287143,479933,871732,
99052,2,server2,20,983173,779.8,781,0.84679,2,2,336752,930846,909434,
99052,2,server2,20,983173,779.8,781,1.28474,2,2,317781,982307,917073,
99052,2,server2,20,983173,779.8,781,1.31766,2,2,327269,819259,631401,
99052,2,server2,20,983173,779.8,781,1.68536,1,2,319005,831493,647.45,
87.24,2,server2,23,779.8,808906,781,1.31766,2,2,315457,819259,631401,
88959,2,server2,23,779.8,808904,781,1.68536,1,2,308912,831493,647.45,
95702,2,server2,23,779.8,808787,781,0.84679,2,2,333402,930846,909434,
95747,2,server2,23,779.8,808787,781,1.28474,2,2,314476,982307,917073,
87224,2,server2,24,903285,779.8,781,1.31766,2,2,315441,819259,631401,
95706,2,server2,24,972873,779.8,781,0.84679,2,2,333406,930846,909434,
95741,2,server2,24,972873,779.8,781,1.28474,2,2,314.47,982307,917073,
87221,2,server2,27,776.6,801405,781,1.31766,2,2,315438,819259,631401,
88954,2,server2,27,776.6,801403,781,1.68536,1,2,308907,831493,647.45,
95162,2,server2,27,776.6,801322,781,1.27477,2,2,309.29,491958,712.03,
95707,2,server2,27,776.6,801322,781,0.84679,2,2,333407,930846,909434,
95762,2,server2,27,776.6,801322,781,1.28474,2,2,314491,982307,917073,
95241,2,server2,28,1014.17,779.8,781,1.31766,2,2,323458,819259,631401,
95241,2,server2,28,1014.17,779.8,781,1.68536,1,2,315194,831493,647.45,
95.7,2,server2,28,1014.17,779.8,781,0.84679,2,2,333.4,930846,909434,
95735,2,server2,28,1014.17,779.8,781,1.28474,2,2,314464,982307,917073,
87217,2,server2,29,920426,773.4,781,1.31766,2,2,315434,819259,631401,
88962,2,server2,29,920426,773.4,781,1.68536,1,2,308915,831493,647.45,
95705,2,server2,29,896146,773.4,781,0.84679,2,2,333405,930846,909434,
95775,2,server2,29,896146,773.4,781,1.28474,2,2,314504,982307,917073,
89171,2,server2,0,1017.65,779.8,782,0.428633,2,2,348308,906041,936796,
98098,2,server2,0,1073.43,779.8,782,0.567291,2,1,289156,1071.14,732498,
89145,2,server2,1,782509,770.2,782,0.428633,2,2,348282,906041,936796,
96671,2,server2,1,776.05,770.2,782,0.577362,2,2,336333,539565,650317,
98251,2,server2,1,776.05,770.2,782,0.567291,2,1,289309,1071.14,732498,
89141,2,server2,2,770.2,763599,782,0.428633,2,2,348278,906041,936796,
89.14,2,server2,3,779.8,936526,782,0.428633,2,2,348277,906041,936796,
103967,2,server2,4,1201.86,779.8,782,0.567291,2,1,295025,1071.14,732498,
89156,2,server2,5,825497,770.2,782,0.428633,2,2,348293,906041,936796,
98075,2,server2,5,817381,770.2,782,0.567291,2,1,289133,1071.14,732498,
89138,2,server2,6,773.4,763599,782,0.428633,2,2,348275,906041,936796,
96666,2,server2,6,773.4,763599,782,0.577362,2,2,336328,539565,650317,
89146,2,server2,8,1127.43,779.8,782,0.428633,2,2,348283,906041,936796,
98069,2,server2,8,1143.88,779.8,782,0.567291,2,1,289127,1071.14,732498,
89144,2,server2,9,887732,770.2,782,0.428633,2,2,348281,906041,936796,
98061,2,server2,9,854694,770.2,782,0.567291,2,1,289119,1071.14,732498,
89172,2,server2,11,779.8,947902,782,0.428633,2,2,348309,906041,936796,
102869,2,server2,11,779.8,829986,782,0.577362,2,2,342531,539565,650317,
92096,2,server2,12,1104.08,779.8,782,0.428633,2,2,351233,906041,936796,
98079,2,server2,12,1105.49,779.8,782,0.567291,2,1,289137,1071.14,732498,
89.14,2,server2,13,1081.82,770.2,782,0.428633,2,2,348277,906041,936796,
98062,2,server2,13,1051.19,770.2,782,0.567291,2,1,289.12,1071.14,732498,
89149,2,server2,15,779.8,888569,782,0.428633,2,2,348286,906041,936796,
89157,2,server2,16,894702,776.6,782,0.428633,2,2,348294,906041,936796,
98.06,2,server2,16,1023.01,776.6,782,0.567291,2,1,289118,1071.14,732498,
89139,2,server2,19,776.6,859168,782,0.428633,2,2,348276,906041,936796,
99052,2,server2,20,983173,779.8,782,0.428633,2,2,358189,906041,936796,
99052,2,server2,20,983173,779.8,782,0.567291,2,1,290.11,1071.14,732498,
98144,2,server2,21,1365.07,770.2,782,0.567291,2,1,289202,1071.14,732498,
96681,2,server2,23,779.8,808586,782,0.577362,2,2,336343,539565,650317,
89151,2,server2,24,910852,779.8,782,0.428633,2,2,348288,906041,936796,
98063,2,server2,24,978924,779.8,782,0.567291,2,1,289121,1071.14,732498,
89139,2,server2,27,776.6,801403,782,0.428633,2,2,348276,906041,936796,
96717,2,server2,27,776.6,801322,782,0.577362,2,2,336379,539565,650317,
95241,2,server2,28,1014.17,779.8,782,0.428633,2,2,354378,906041,936796,
98059,2,server2,28,1017.3,779.8,782,0.567291,2,1,289117,1071.14,732498,
89147,2,server2,29,920426,773.4,782,0.428633,2,2,348284,906041,936796,
98061,2,server2,29,896146,773.4,782,0.567291,2,1,289119,1071.14,732498,
89171,2,server2,0,1017.65,779.8,783,0.59143,2,2,348308,897434,898967,
98098,2,server2,0,1073.43,779.8,783,0.643435,2,1,289156,1022.57,925595,
89145,2,server2,1,782509,770.2,783,0.59143,2,2,348282,897434,898967,
98251,2,server2,1,776.05,770.2,783,0.643435,2,1,289309,1022.57,925595,
89141,2,server2,2,770.2,763599,783,0.59143,2,2,348278,897434,898967,
98073,2,server2,2,770.2,763599,783,0.643435,2,1,289131,1022.57,925595,
89.14,2,server2,3,779.8,936526,783,0.59143,2,2,348277,897434,898967,
98059,2,server2,3,779.8,911134,783,0.643435,2,1,289117,1022.57,925595,
103967,2,server2,4,1201.86,779.8,783,0.643435,2,1,295025,1022.57,925595,
89156,2,server2,5,825497,770.2,783,0.59143,2,2,348293,897434,898967,
98075,2,server2,5,817381,770.2,783,0.643435,2,1,289133,1022.57,925595,
89138,2,server2,6,773.4,763599,783,0.59143,2,2,348275,897434,898967,
89146,2,server2,8,1127.43,779.8,783,0.59143,2,2,348283,897434,898967,
98069,2,server2,8,1143.88,779.8,783,0.643435,2,1,289127,1022.57,925595,
89144,2,server2,9,887732,770.2,783,0.59143,2,2,348281,897434,898967,
98061,2,server2,9,854694,770.2,783,0.643435,2,1,289119,1022.57,925595,
89172,2,server2,11,779.8,947902,783,0.59143,2,2,348309,897434,898967,
98059,2,server2,11,779.8,840471,783,0.643435,2,1,289117,1022.57,925595,
92096,2,server2,12,1104.08,779.8,783,0.59143,2,2,351233,897434,898967,
98079,2,server2,12,1105.49,779.8,783,0.643435,2,1,289137,1022.57,925595,
89.14,2,server2,13,1081.82,770.2,783,0.59143,2,2,348277,897434,898967,
98062,2,server2,13,1051.19,770.2,783,0.643435,2,1,289.12,1022.57,925595,
89149,2,server2,15,779.8,888569,783,0.59143,2,2,348286,897434,898967,
98067,2,server2,15,779.8,885991,783,0.643435,2,1,289125,1022.57,925595,
89157,2,server2,16,894702,776.6,783,0.59143,2,2,348294,897434,898967,
98.06,2,server2,16,1023.01,776.6,783,0.643435,2,1,289118,1022.57,925595,
89139,2,server2,19,776.6,859168,783,0.59143,2,2,348276,897434,898967,
98085,2,server2,19,776.6,847296,783,0.643435,2,1,289143,1022.57,925595,
99052,2,server2,20,983173,779.8,783,0.59143,2,2,358189,897434,898967,
99052,2,server2,20,983173,779.8,783,0.643435,2,1,290.11,1022.57,925595,
98086,2,server2,23,779.8,808586,783,0.643435,2,1,289144,1022.57,925595,
89151,2,server2,24,910852,779.8,783,0.59143,2,2,348288,897434,898967,
98063,2,server2,24,978924,779.8,783,0.643435,2,1,289121,1022.57,925595,
89139,2,server2,27,776.6,801403,783,0.59143,2,2,348276,897434,898967,
98067,2,server2,27,776.6,801322,783,0.643435,2,1,289125,1022.57,925595,
95241,2,server2,28,1014.17,779.8,783,0.59143,2,2,354378,897434,898967,
98059,2,server2,28,1017.3,779.8,783,0.643435,2,1,289117,1022.57,925595,
89147,2,server2,29,920426,773.4,783,0.59143,2,2,348284,897434,898967,
98061,2,server2,29,896146,773.4,783,0.643435,2,1,289119,1022.57,925595,
98098,2,server2,0,1073.43,779.8,784,0.695024,1,1,288156,1055.78,619.77,
89145,2,server2,1,782509,770.2,784,0.565842,2,0,270284,674.79,1031.88,
89141,2,server2,2,770.2,763599,784,0.565842,2,0,270.28,674.79,1031.88,
89.14,2,server2,3,779.8,936526,784,0.565842,2,0,270279,674.79,1031.88,
103967,2,server2,4,1201.86,779.8,784,0.695024,1,1,294025,1055.78,619.77,
93559,2,server2,5,821437,770.2,784,0.565842,2,0,274698,674.79,1031.88,
98075,2,server2,5,817381,770.2,784,0.695024,1,1,288133,1055.78,619.77,
89141,2,server2,6,773.4,763599,784,0.565842,2,0,270.28,674.79,1031.88,
98069,2,server2,8,1143.88,779.8,784,0.695024,1,1,288127,1055.78,619.77,
98061,2,server2,9,854694,770.2,784,0.695024,1,1,288119,1055.78,619.77,
89172,2,server2,11,779.8,947902,784,0.565842,2,0,270311,674.79,1031.88,
98079,2,server2,12,1105.49,779.8,784,0.695024,1,1,288137,1055.78,619.77,
98062,2,server2,13,1051.19,770.2,784,0.695024,1,1,288.12,1055.78,619.77,
89149,2,server2,15,779.8,888569,784,0.565842,2,0,270288,674.79,1031.88,
98.06,2,server2,16,1023.01,776.6,784,0.695024,1,1,288118,1055.78,619.77,
89159,2,server2,19,776.6,859168,784,0.565842,2,0,270298,674.79,1031.88,
99052,2,server2,20,983173,779.8,784,0.695024,1,1,289.11,1055.78,619.77,
89142,2,server2,23,779.8,808904,784,0.565842,2,0,270281,674.79,1031.88,
98063,2,server2,24,978924,779.8,784,0.695024,1,1,288121,1055.78,619.77,
98059,2,server2,28,1017.3,779.8,784,0.695024,1,1,288117,1055.78,619.77,
98061,2,server2,29,896146,773.4,784,0.695024,1,1,288119,1055.78,619.77,
89171,2,server2,0,1017.65,779.8,785,1.33692,2,0,270311,932561,793527,
89145,2,server2,1,782509,770.2,785,1.33692,2,0,270285,932561,793527,
98251,2,server2,1,776.05,770.2,785,0.873109,2,1,317309,600184,558903,
89141,2,server2,2,770.2,763599,785,1.33692,2,0,270281,932561,793527,
98073,2,server2,2,770.2,763599,785,0.873109,2,1,317131,600184,558903,
89145,2,server2,3,779.8,936526,785,1.33692,2,0,270285,932561,793527,
103967,2,server2,4,1201.86,779.8,785,1.33692,2,0,285107,932561,793527,
89156,2,server2,5,825497,770.2,785,1.33692,2,0,270296,932561,793527,
89141,2,server2,6,773.4,763599,785,1.33692,2,0,270281,932561,793527,
89146,2,server2,8,1127.43,779.8,785,1.33692,2,0,270286,932561,793527,
89144,2,server2,9,887732,770.2,785,1.33692,2,0,270284,932561,793527,
89172,2,server2,11,779.8,947902,785,1.33692,2,0,270312,932561,793527,
92096,2,server2,12,1104.08,779.8,785,1.33692,2,0,273236,932561,793527,
89.16,2,server2,13,1081.82,770.2,785,1.33692,2,0,270.3,932561,793527,
89149,2,server2,15,779.8,888569,785,1.33692,2,0,270289,932561,793527,
89157,2,server2,16,894702,776.6,785,1.33692,2,0,270297,932561,793527,
89159,2,server2,19,776.6,859168,785,1.33692,2,0,270299,932561,793527,
99052,2,server2,20,983173,779.8,785,1.33692,2,0,280192,932561,793527,
89142,2,server2,23,779.8,808904,785,1.33692,2,0,270282,932561,793527,
89151,2,server2,24,910852,779.8,785,1.33692,2,0,270291,932561,793527,
98067,2,server2,27,776.6,801322,785,0.873109,2,1,317125,600184,558903,
95241,2,server2,28,1014.17,779.8,785,1.33692,2,0,276381,932561,793527,
89147,2,server2,29,920426,773.4,785,1.33692,2,0,270287,932561,793527,
89306,2,server2,0,1017.65,779.8,786,1.10934,2,2,307592,1142.39,779174,
90536,2,server2,0,1017.65,779.8,786,1.02051,2,1,291051,882499,799611,
98098,2,server2,0,1073.43,779.8,786,1.00845,2,1,312157,913673,663045,
90526,2,server2,1,776.05,770.2,786,1.02051,2,1,291041,882499,799611,
98251,2,server2,1,776.05,770.2,786,1.00845,2,1,312.31,913673,663045,
90.53,2,server2,2,770.2,763599,786,1.02051,2,1,291045,882499,799611,
98073,2,server2,2,770.2,763599,786,1.00845,2,1,312132,913673,663045,
89295,2,server2,3,779.8,936526,786,0.866414,2,2,307.58,942541,1071.25,
90.52,2,server2,3,779.8,935314,786,1.02051,2,1,291035,882499,799611,
98069,2,server2,3,779.8,911134,786,1.00845,2,1,312128,913673,663045,
103967,2,server2,4,1201.86,779.8,786,1.10934,2,2,322253,1142.39,779174,
90546,2,server2,5,825497,770.2,786,1.02051,2,1,291061,882499,799611,
98075,2,server2,5,817381,770.2,786,1.00845,2,1,312134,913673,663045,
90523,2,server2,6,773.4,763599,786,1.02051,2,1,291038,882499,799611,
103239,2,server2,6,773.4,824457,786,0.866414,2,2,321524,942541,1071.25,
89301,2,server2,8,1127.43,779.8,786,1.10934,2,2,307587,1142.39,779174,
90526,2,server2,8,1127.43,779.8,786,1.02051,2,1,291041,882499,799611,
98069,2,server2,8,1143.88,779.8,786,1.00845,2,1,312128,913673,663045,
89324,2,server2,9,887732,770.2,786,1.10934,2,2,307.61,1142.39,779174,
90519,2,server2,9,887732,770.2,786,1.02051,2,1,291034,882499,799611,
98061,2,server2,9,854694,770.2,786,1.00845,2,1,312.12,913673,663045,
89327,2,server2,11,779.8,947902,786,0.866414,2,2,307612,942541,1071.25,
90527,2,server2,11,779.8,947902,786,1.02051,2,1,291042,882499,799611,
98059,2,server2,11,779.8,840471,786,1.00845,2,1,312118,913673,663045,
92096,2,server2,12,1104.08,779.8,786,1.02051,2,1,292611,882499,799611,
92096,2,server2,12,1104.08,779.8,786,1.10934,2,2,310382,1142.39,779174,
98079,2,server2,12,1105.49,779.8,786,1.00845,2,1,312138,913673,663045,
89295,2,server2,13,1081.82,770.2,786,1.10934,2,2,307581,1142.39,779174,
90525,2,server2,13,1081.82,770.2,786,1.02051,2,1,291.04,882499,799611,
98062,2,server2,13,1051.19,770.2,786,1.00845,2,1,312121,913673,663045,
89299,2,server2,15,779.8,888569,786,0.866414,2,2,307584,942541,1071.25,
90529,2,server2,15,779.8,888569,786,1.02051,2,1,291044,882499,799611,
98067,2,server2,15,779.8,885991,786,1.00845,2,1,312126,913673,663045,
89302,2,server2,16,894702,776.6,786,0.866414,2,2,307587,942541,1071.25,
89302,2,server2,16,894702,776.6,786,1.10934,2,2,307588,1142.39,779174,
90546,2,server2,16,922739,776.6,786,1.02051,2,1,291061,882499,799611,
98.06,2,server2,16,1023.01,776.6,786,1.00845,2,1,312119,913673,663045,
89309,2,server2,19,776.6,859168,786,0.866414,2,2,307594,942541,1071.25,
90524,2,server2,19,776.6,859168,786,1.02051,2,1,291039,882499,799611,
98085,2,server2,19,776.6,847296,786,1.00845,2,1,312144,913673,663045,
99052,2,server2,20,983173,779.8,786,0.866414,2,2,317337,942541,1071.25,
99052,2,server2,20,983173,779.8,786,1.00845,2,1,313111,913673,663045,
99052,2,server2,20,983173,779.8,786,1.02051,2,1,299567,882499,799611,
99052,2,server2,20,983173,779.8,786,1.10934,2,2,317338,1142.39,779174,
89299,2,server2,21,1367.58,770.2,786,1.10934,2,2,307585,1142.39,779174,
98086,2,server2,23,779.8,808586,786,1.00845,2,1,312145,913673,663045,
89291,2,server2,24,910852,779.8,786,0.866414,2,2,307576,942541,1071.25,
89291,2,server2,24,910852,779.8,786,1.10934,2,2,307577,1142.39,779174,
90528,2,server2,24,913878,779.8,786,1.02051,2,1,291043,882499,799611,
98063,2,server2,24,978924,779.8,786,1.00845,2,1,312122,913673,663045,
90545,2,server2,27,776.6,801402,786,1.02051,2,1,291.06,882499,799611,
98067,2,server2,27,776.6,801322,786,1.00845,2,1,312126,913673,663045,
95241,2,server2,28,1014.17,779.8,786,1.02051,2,1,295756,882499,799611,
95241,2,server2,28,1014.17,779.8,786,1.10934,2,2,313527,1142.39,779174,
98059,2,server2,28,1017.3,779.8,786,1.00845,2,1,312118,913673,663045,
90548,2,server2,29,897411,773.4,786,1.02051,2,1,291063,882499,799611,
98061,2,server2,29,896146,773.4,786,1.00845,2,1,312.12,913673,663045,
90201,2,server2,0,1017.65,779.8,787,0.78024,2,2,323396,1067.07,727011,
91226,2,server2,0,1017.65,779.8,787,0.769991,2,2,310365,938.13,644074,
89415,2,server2,1,782509,770.2,787,1.51989,2,0,255.81,667008,537734,
90196,2,server2,1,776.05,770.2,787,0.78024,2,2,323391,1067.07,727011,
90286,2,server2,1,776.05,770.2,787,0.407621,2,2,346562,601.21,596239,
91176,2,server2,1,776.05,770.2,787,0.769991,2,2,310315,938.13,644074,
98251,2,server2,1,776.05,770.2,787,1.06275,2,1,274.31,769112,531727,
89396,2,server2,2,770.2,763599,787,1.51989,2,0,255791,667008,537734,
90.21,2,server2,2,770.2,763599,787,0.78024,2,2,323405,1067.07,727011,
90.28,2,server2,2,770.2,763599,787,0.407621,2,2,346556,601.21,596239,
91145,2,server2,2,770.2,763599,787,0.769991,2,2,310284,938.13,644074,
98073,2,server2,2,770.2,763599,787,1.06275,2,1,274132,769112,531727,
98529,2,server2,3,779.8,897874,787,0.769991,2,2,317668,938.13,644074,
103967,2,server2,4,1201.86,779.8,787,0.769991,2,2,323106,938.13,644074,
103967,2,server2,4,1201.86,779.8,787,0.78024,2,2,337162,1067.07,727011,
89406,2,server2,5,825497,770.2,787,1.51989,2,0,255801,667008,537734,
90201,2,server2,5,825497,770.2,787,0.78024,2,2,323396,1067.07,727011,
90291,2,server2,5,825497,770.2,787,0.407621,2,2,346567,601.21,596239,
91146,2,server2,5,825497,770.2,787,0.769991,2,2,310285,938.13,644074,
98075,2,server2,5,817381,770.2,787,1.06275,2,1,274134,769112,531727,
89398,2,server2,6,773.4,763599,787,1.51989,2,0,255793,667008,537734,
90198,2,server2,6,773.4,763599,787,0.78024,2,2,323393,1067.07,727011,
90283,2,server2,6,773.4,763599,787,0.407621,2,2,346559,601.21,596239,
91193,2,server2,6,773.4,763599,787,0.769991,2,2,310332,938.13,644074,
90201,2,server2,8,1127.43,779.8,787,0.78024,2,2,323396,1067.07,727011,
91156,2,server2,8,1127.43,779.8,787,0.769991,2,2,310295,938.13,644074,
90329,2,server2,9,887732,770.2,787,0.78024,2,2,323524,1067.07,727011,
91141,2,server2,9,886.55,770.2,787,0.769991,2,2,310.28,938.13,644074,
94703,2,server2,9,855869,770.2,787,1.51989,2,0,261098,667008,537734,
98061,2,server2,9,854694,770.2,787,1.06275,2,1,274.12,769112,531727,
94998,2,server2,11,779.8,898131,787,0.769991,2,2,314137,938.13,644074,
102839,2,server2,11,779.8,836.54,787,0.407621,2,2,359115,601.21,596239,
102843,2,server2,11,779.8,831295,787,1.06275,2,1,278902,769112,531727,
92096,2,server2,12,1104.08,779.8,787,0.769991,2,2,311235,938.13,644074,
92096,2,server2,12,1104.08,779.8,787,0.78024,2,2,325291,1067.07,727011,
90245,2,server2,13,1081.82,770.2,787,0.78024,2,2,323.44,1067.07,727011,
91.17,2,server2,13,1081.82,770.2,787,0.769991,2,2,310309,938.13,644074,
91154,2,server2,15,779.8,888569,787,0.769991,2,2,310293,938.13,644074,
91141,2,server2,16,922739,776.6,787,0.769991,2,2,310.28,938.13,644074,
91145,2,server2,19,776.6,854719,787,0.769991,2,2,310284,938.13,644074,
99052,2,server2,20,983173,779.8,787,0.769991,2,2,318191,938.13,644074,
99052,2,server2,20,983173,779.8,787,0.78024,2,2,332247,1067.07,727011,
99915,2,server2,21,1363.81,770.2,787,0.78024,2,2,333.11,1067.07,727011,
89397,2,server2,23,779.8,808904,787,1.51989,2,0,255792,667008,537734,
90195,2,server2,23,779.8,808904,787,0.78024,2,2,323.39,1067.07,727011,
90292,2,server2,23,779.8,808904,787,0.407621,2,2,346568,601.21,596239,
98086,2,server2,23,779.8,808586,787,1.06275,2,1,274145,769112,531727,
90201,2,server2,24,910852,779.8,787,0.78024,2,2,323396,1067.07,727011,
91143,2,server2,24,916901,779.8,787,0.769991,2,2,310282,938.13,644074,
89399,2,server2,27,776.6,801403,787,1.51989,2,0,255794,667008,537734,
90195,2,server2,27,776.6,801403,787,0.78024,2,2,323.39,1067.07,727011,
91147,2,server2,27,776.6,801352,787,0.769991,2,2,310286,938.13,644074,
98067,2,server2,27,776.6,801322,787,1.06275,2,1,274126,769112,531727,
95241,2,server2,28,1014.17,779.8,787,0.769991,2,2,314.38,938.13,644074,
95241,2,server2,28,1014.17,779.8,787,0.78024,2,2,328436,1067.07,727011,
90218,2,server2,29,897411,773.4,787,0.78024,2,2,323413,1067.07,727011,
91148,2,server2,29,897411,773.4,787,0.769991,2,2,310287,938.13,644074,
98061,2,server2,29,896146,773.4,787,1.06275,2,1,274.12,769112,531727,
93.1,2,server2,0,1035.78,779.8,788,1.14127,2,2,315259,1140.98,1060.34,
90306,2,server2,1,776.05,770.2,788,1.82961,2,2,346604,500.98,664269,
90.3,2,server2,2,770.2,763599,788,1.82961,2,2,346598,500.98,664269,
98069,2,server2,3,779.8,911134,788,1.0919,2,1,317128,529931,1050.01,
103967,2,server2,4,1201.86,779.8,788,1.14127,2,2,326126,1140.98,1060.34,
90303,2,server2,6,773.4,763599,788,1.82961,2,2,346601,500.98,664269,
90161,2,server2,8,1127.43,779.8,788,1.14127,2,2,312.32,1140.98,1060.34,
92096,2,server2,12,1104.08,779.8,788,1.14127,2,2,314255,1140.98,1060.34,
90.17,2,server2,13,1081.82,770.2,788,1.14127,2,2,312329,1140.98,1060.34,
98067,2,server2,15,779.8,885991,788,1.0919,2,1,317126,529931,1050.01,
105324,2,server2,24,1034.9,779.8,788,1.14127,2,2,327483,1140.98,1060.34,
90536,2,server2,0,1017.65,779.8,789,0.577291,1,1,291051,833149,824.3,
90526,2,server2,1,776.05,770.2,789,0.577291,1,1,291041,833149,824.3,
98251,2,server2,1,776.05,770.2,789,1.13511,2,1,274.31,624365,746318,
90.53,2,server2,2,770.2,763599,789,0.577291,1,1,291045,833149,824.3,
98073,2,server2,2,770.2,763599,789,1.13511,2,1,274132,624365,746318,
90.52,2,server2,3,779.8,935314,789,0.577291,1,1,291035,833149,824.3,
98069,2,server2,3,779.8,911134,789,1.13511,2,1,274128,624365,746318,
90546,2,server2,5,825497,770.2,789,0.577291,1,1,291061,833149,824.3,
98075,2,server2,5,817381,770.2,789,1.13511,2,1,274134,624365,746318,
90523,2,server2,6,773.4,763599,789,0.577291,1,1,291038,833149,824.3,
90526,2,server2,8,1127.43,779.8,789,0.577291,1,1,291041,833149,824.3,
90519,2,server2,9,887732,770.2,789,0.577291,1,1,291034,833149,824.3,
98061,2,server2,9,854694,770.2,789,1.13511,2,1,274.12,624365,746318,
90527,2,server2,11,779.8,947902,789,0.577291,1,1,291042,833149,824.3,
98059,2,server2,11,779.8,840471,789,1.13511,2,1,274118,624365,746318,
92096,2,server2,12,1104.08,779.8,789,0.577291,1,1,292611,833149,824.3,
90525,2,server2,13,1081.82,770.2,789,0.577291,1,1,291.04,833149,824.3,
90529,2,server2,15,779.8,888569,789,0.577291,1,1,291044,833149,824.3,
98067,2,server2,15,779.8,885991,789,1.13511,2,1,274126,624365,746318,
90546,2,server2,16,922739,776.6,789,0.577291,1,1,291061,833149,824.3,
90524,2,server2,19,776.6,859168,789,0.577291,1,1,291039,833149,824.3,
98085,2,server2,19,776.6,847296,789,1.13511,2,1,274144,624365,746318,
99052,2,server2,20,983173,779.8,789,0.577291,1,1,299567,833149,824.3,
98086,2,server2,23,779.8,808586,789,1.13511,2,1,274145,624365,746318,
90528,2,server2,24,913878,779.8,789,0.577291,1,1,291043,833149,824.3,
90545,2,server2,27,776.6,801402,789,0.577291,1,1,291.06,833149,824.3,
98067,2,server2,27,776.6,801322,789,1.13511,2,1,274126,624365,746318,
95241,2,server2,28,1014.17,779.8,789,0.577291,1,1,295756,833149,824.3,
90548,2,server2,29,897411,773.4,789,0.577291,1,1,291063,833149,824.3,
98061,2,server2,29,896146,773.4,789,1.13511,2,1,274.12,624365,746318,
98098,2,server2,0,1073.43,779.8,790,1.34877,2,1,288157,919895,801511,
98251,2,server2,1,776.05,770.2,790,1.34877,2,1,288.31,919895,801511,
98073,2,server2,2,770.2,763599,790,1.34877,2,1,288132,919895,801511,
98069,2,server2,3,779.8,911134,790,1.34877,2,1,288128,919895,801511,
103967,2,server2,4,1201.86,779.8,790,1.34877,2,1,294026,919895,801511,
98075,2,server2,5,817381,770.2,790,1.34877,2,1,288134,919895,801511,
98069,2,server2,8,1143.88,779.8,790,1.34877,2,1,288128,919895,801511,
98061,2,server2,9,854694,770.2,790,1.34877,2,1,288.12,919895,801511,
98059,2,server2,11,779.8,840471,790,1.34877,2,1,288118,919895,801511,
98079,2,server2,12,1105.49,779.8,790,1.34877,2,1,288138,919895,801511,
98062,2,server2,13,1051.19,770.2,790,1.34877,2,1,288121,919895,801511,
98067,2,server2,15,779.8,885991,790,1.34877,2,1,288126,919895,801511,
98.06,2,server2,16,1023.01,776.6,790,1.34877,2,1,288119,919895,801511,
98085,2,server2,19,776.6,847296,790,1.34877,2,1,288144,919895,801511,
99052,2,server2,20,983173,779.8,790,1.34877,2,1,289111,919895,801511,
98086,2,server2,23,779.8,808586,790,1.34877,2,1,288145,919895,801511,
98063,2,server2,24,978924,779.8,790,1.34877,2,1,288122,919895,801511,
98067,2,server2,27,776.6,801322,790,1.34877,2,1,288126,919895,801511,
98059,2,server2,28,1017.3,779.8,790,1.34877,2,1,288118,919895,801511,
98061,2,server2,29,896146,773.4,790,1.34877,2,1,288.12,919895,801511,
98251,2,server2,1,776.05,770.2,791,1.36845,2,1,310.31,588663,682664,
98073,2,server2,2,770.2,763599,791,1.36845,2,1,310132,588663,682664,
98069,2,server2,3,779.8,911134,791,1.36845,2,1,310128,588663,682664,
98075,2,server2,5,817381,770.2,791,1.36845,2,1,310134,588663,682664,
98061,2,server2,9,854694,770.2,791,1.36845,2,1,310.12,588663,682664,
98059,2,server2,11,779.8,840471,791,1.36845,2,1,310118,588663,682664,
98067,2,server2,15,779.8,885991,791,1.36845,2,1,310126,588663,682664,
98085,2,server2,19,776.6,847296,791,1.36845,2,1,310144,588663,682664,
98086,2,server2,23,779.8,808586,791,1.36845,2,1,310145,588663,682664,
98067,2,server2,27,776.6,801322,791,1.36845,2,1,310126,588663,682664,
99125,2,server2,29,873531,773.4,791,1.36845,2,1,311184,588663,682664,
106153,2,server2,2,770.2,774905,792,1.76155,2,1,304212,909732,1040.26,
98069,2,server2,3,779.8,911134,792,1.76155,2,1,296128,909732,1040.26,
98075,2,server2,5,817381,770.2,792,1.76155,2,1,296134,909732,1040.26,
98061,2,server2,9,854694,770.2,792,1.76155,2,1,296.12,909732,1040.26,
98059,2,server2,11,779.8,840471,792,1.76155,2,1,296118,909732,1040.26,
98067,2,server2,15,779.8,885991,792,1.76155,2,1,296126,909732,1040.26,
98.06,2,server2,16,1023.01,776.6,792,1.76155,2,1,296119,909732,1040.26,
98085,2,server2,19,776.6,847296,792,1.76155,2,1,296144,909732,1040.26,
99052,2,server2,20,983173,779.8,792,1.76155,2,1,297111,909732,1040.26,
98086,2,server2,23,779.8,808586,792,1.76155,2,1,296145,909732,1040.26,
98063,2,server2,24,978924,779.8,792,1.76155,2,1,296122,909732,1040.26,
98067,2,server2,27,776.6,801322,792,1.76155,2,1,296126,909732,1040.26,
98059,2,server2,28,1017.3,779.8,792,1.76155,2,1,296118,909732,1040.26,
98061,2,server2,29,896146,773.4,792,1.76155,2,1,296.12,909732,1040.26,
98251,2,server2,1,776.05,770.2,793,1.83303,2,1,276.31,819513,1043.16,
98073,2,server2,2,770.2,763599,793,1.83303,2,1,276132,819513,1043.16,
98069,2,server2,3,779.8,911134,793,1.83303,2,1,276128,819513,1043.16,
98075,2,server2,5,817381,770.2,793,1.83303,2,1,276134,819513,1043.16,
98061,2,server2,9,854694,770.2,793,1.83303,2,1,276.12,819513,1043.16,
98059,2,server2,11,779.8,840471,793,1.83303,2,1,276118,819513,1043.16,
98067,2,server2,15,779.8,885991,793,1.83303,2,1,276126,819513,1043.16,
98085,2,server2,19,776.6,847296,793,1.83303,2,1,276144,819513,1043.16,
98086,2,server2,23,779.8,808586,793,1.83303,2,1,276145,819513,1043.16,
98067,2,server2,27,776.6,801322,793,1.83303,2,1,276126,819513,1043.16,
98061,2,server2,29,896146,773.4,793,1.83303,2,1,276.12,819513,1043.16,
98251,2,server2,1,776.05,770.2,794,1.89513,2,1,282.31,715648,870904,
98073,2,server2,2,770.2,763599,794,1.89513,2,1,282132,715648,870904,
98069,2,server2,3,779.8,911134,794,1.89513,2,1,282128,715648,870904,
98075,2,server2,5,817381,770.2,794,1.89513,2,1,282134,715648,870904,
98061,2,server2,9,854694,770.2,794,1.89513,2,1,282.12,715648,870904,
98059,2,server2,11,779.8,840471,794,1.89513,2,1,282118,715648,870904,
98067,2,server2,15,779.8,885991,794,1.89513,2,1,282126,715648,870904,
98085,2,server2,19,776.6,847296,794,1.89513,2,1,282144,715648,870904,
99052,2,server2,20,983173,779.8,794,1.89513,2,1,283111,715648,870904,
98086,2,server2,23,779.8,808586,794,1.89513,2,1,282145,715648,870904,
98063,2,server2,24,978924,779.8,794,1.89513,2,1,282122,715648,870904,
98067,2,server2,27,776.6,801322,794,1.89513,2,1,282126,715648,870904,
98061,2,server2,29,896146,773.4,794,1.89513,2,1,282.12,715648,870904,
98098,2,server2,0,1073.43,779.8,795,0.422608,2,2,347157,1068.89,591359,
103967,2,server2,4,1201.86,779.8,795,0.422608,2,2,353026,1068.89,591359,
98069,2,server2,8,1143.88,779.8,795,0.422608,2,2,347128,1068.89,591359,
98061,2,server2,9,854694,770.2,795,0.422608,2,2,347.12,1068.89,591359,
98079,2,server2,12,1105.49,779.8,795,0.422608,2,2,347138,1068.89,591359,
98062,2,server2,13,1051.19,770.2,795,0.422608,2,2,347121,1068.89,591359,
98.06,2,server2,16,1023.01,776.6,795,0.422608,2,2,347119,1068.89,591359,
99052,2,server2,20,983173,779.8,795,0.422608,2,2,348111,1068.89,591359,
98063,2,server2,24,978924,779.8,795,0.422608,2,2,347122,1068.89,591359,
98059,2,server2,28,1017.3,779.8,795,0.422608,2,2,347118,1068.89,591359,
98061,2,server2,29,896146,773.4,795,0.422608,2,2,347.12,1068.89,591359,
98098,2,server2,0,1073.43,779.8,796,0.444775,2,2,330157,1033.95,793.64,
98251,2,server2,1,776.05,770.2,796,0.444775,2,2,330.31,1033.95,793.64,
98073,2,server2,2,770.2,763599,796,0.444775,2,2,330132,1033.95,793.64,
98069,2,server2,3,779.8,911134,796,0.444775,2,2,330128,1033.95,793.64,
103967,2,server2,4,1201.86,779.8,796,0.444775,2,2,336026,1033.95,793.64,
98075,2,server2,5,817381,770.2,796,0.444775,2,2,330134,1033.95,793.64,
98069,2,server2,8,1143.88,779.8,796,0.444775,2,2,330128,1033.95,793.64,
98061,2,server2,9,854694,770.2,796,0.444775,2,2,330.12,1033.95,793.64,
98059,2,server2,11,779.8,840471,796,0.444775,2,2,330118,1033.95,793.64,
98079,2,server2,12,1105.49,779.8,796,0.444775,2,2,330138,1033.95,793.64,
98062,2,server2,13,1051.19,770.2,796,0.444775,2,2,330121,1033.95,793.64,
98067,2,server2,15,779.8,885991,796,0.444775,2,2,330126,1033.95,793.64,
98.06,2,server2,16,1023.01,776.6,796,0.444775,2,2,330119,1033.95,793.64,
98085,2,server2,19,776.6,847296,796,0.444775,2,2,330144,1033.95,793.64,
99052,2,server2,20,983173,779.8,796,0.444775,2,2,331111,1033.95,793.64,
98086,2,server2,23,779.8,808586,796,0.444775,2,2,330145,1033.95,793.64,
98063,2,server2,24,978924,779.8,796,0.444775,2,2,330122,1033.95,793.64,
98067,2,server2,27,776.6,801322,796,0.444775,2,2,330126,1033.95,793.64,
98059,2,server2,28,1017.3,779.8,796,0.444775,2,2,330118,1033.95,793.64,
98061,2,server2,29,896146,773.4,796,0.444775,2,2,330.12,1033.95,793.64,
98251,2,server2,1,776.05,770.2,797,0.451466,2,2,359.31,571131,983341,
98073,2,server2,2,770.2,763599,797,0.451466,2,2,359132,571131,983341,
98069,2,server2,3,779.8,911134,797,0.451466,2,2,359128,571131,983341,
98059,2,server2,11,779.8,840471,797,0.451466,2,2,359118,571131,983341,
98067,2,server2,15,779.8,885991,797,0.451466,2,2,359126,571131,983341,
98085,2,server2,19,776.6,847296,797,0.451466,2,2,359144,571131,983341,
98086,2,server2,23,779.8,808586,797,0.451466,2,2,359145,571131,983341,
98067,2,server2,27,776.6,801322,797,0.451466,2,2,359126,571131,983341,
98098,2,server2,0,1073.43,779.8,798,0.456223,2,2,347157,1013.57,670.28,
98251,2,server2,1,776.05,770.2,798,0.456223,2,2,347.31,1013.57,670.28,
98073,2,server2,2,770.2,763599,798,0.456223,2,2,347132,1013.57,670.28,
106289,2,server2,3,779.8,858035,798,0.456223,2,2,355348,1013.57,670.28,
103967,2,server2,4,1201.86,779.8,798,0.456223,2,2,353026,1013.57,670.28,
98075,2,server2,5,817381,770.2,798,0.456223,2,2,347134,1013.57,670.28,
98069,2,server2,8,1143.88,779.8,798,0.456223,2,2,347128,1013.57,670.28,
98061,2,server2,9,854694,770.2,798,0.456223,2,2,347.12,1013.57,670.28,
98059,2,server2,11,779.8,840471,798,0.456223,2,2,347118,1013.57,670.28,
98079,2,server2,12,1105.49,779.8,798,0.456223,2,2,347138,1013.57,670.28,
98062,2,server2,13,1051.19,770.2,798,0.456223,2,2,347121,1013.57,670.28,
98.06,2,server2,16,1023.01,776.6,798,0.456223,2,2,347119,1013.57,670.28,
98085,2,server2,19,776.6,847296,798,0.456223,2,2,347144,1013.57,670.28,
99052,2,server2,20,983173,779.8,798,0.456223,2,2,348111,1013.57,670.28,
98086,2,server2,23,779.8,808586,798,0.456223,2,2,347145,1013.57,670.28,
98063,2,server2,24,978924,779.8,798,0.456223,2,2,347122,1013.57,670.28,
98067,2,server2,27,776.6,801322,798,0.456223,2,2,347126,1013.57,670.28,
98059,2,server2,28,1017.3,779.8,798,0.456223,2,2,347118,1013.57,670.28,
98061,2,server2,29,896146,773.4,798,0.456223,2,2,347.12,1013.57,670.28,
98251,2,server2,1,776.05,770.2,799,0.604817,2,2,359.31,542438,654.04,
98073,2,server2,2,770.2,763599,799,0.604817,2,2,359132,542438,654.04,
98075,2,server2,5,817381,770.2,799,0.604817,2,2,359134,542438,654.04,
102839,2,server2,11,779.8,836.54,799,0.604817,2,2,363898,542438,654.04,
100845,2,server2,19,776.6,841359,799,0.604817,2,2,361904,542438,654.04,
98086,2,server2,23,779.8,808586,799,0.604817,2,2,359145,542438,654.04,
98067,2,server2,27,776.6,801322,799,0.604817,2,2,359126,542438,654.04,
98098,2,server2,0,1073.43,779.8,800,0.633896,2,2,313157,831722,855088,
98251,2,server2,1,776.05,770.2,800,0.633896,2,2,313.31,831722,855088,
98073,2,server2,2,770.2,763599,800,0.633896,2,2,313132,831722,855088,
98069,2,server2,3,779.8,911134,800,0.633896,2,2,313128,831722,855088,
98075,2,server2,5,817381,770.2,800,0.633896,2,2,313134,831722,855088,
98061,2,server2,9,854694,770.2,800,0.633896,2,2,313.12,831722,855088,
98059,2,server2,11,779.8,840471,800,0.633896,2,2,313118,831722,855088,
98079,2,server2,12,1105.49,779.8,800,0.633896,2,2,313138,831722,855088,
98062,2,server2,13,1051.19,770.2,800,0.633896,2,2,313121,831722,855088,
98067,2,server2,15,779.8,885991,800,0.633896,2,2,313126,831722,855088,
98.06,2,server2,16,1023.01,776.6,800,0.633896,2,2,313119,831722,855088,
98085,2,server2,19,776.6,847296,800,0.633896,2,2,313144,831722,855088,
99052,2,server2,20,983173,779.8,800,0.633896,2,2,314111,831722,855088,
98086,2,server2,23,779.8,808586,800,0.633896,2,2,313145,831722,855088,
98063,2,server2,24,978924,779.8,800,0.633896,2,2,313122,831722,855088,
98067,2,server2,27,776.6,801322,800,0.633896,2,2,313126,831722,855088,
98059,2,server2,28,1017.3,779.8,800,0.633896,2,2,313118,831722,855088,
98061,2,server2,29,896146,773.4,800,0.633896,2,2,313.12,831722,855088,
98251,2,server2,1,776.05,770.2,801,0.638001,2,2,330.31,744728,948362,
98073,2,server2,2,770.2,763599,801,0.638001,2,2,330132,744728,948362,
98069,2,server2,3,779.8,911134,801,0.638001,2,2,330128,744728,948362,
98075,2,server2,5,817381,770.2,801,0.638001,2,2,330134,744728,948362,
98061,2,server2,9,854694,770.2,801,0.638001,2,2,330.12,744728,948362,
98059,2,server2,11,779.8,840471,801,0.638001,2,2,330118,744728,948362,
98067,2,server2,15,779.8,885991,801,0.638001,2,2,330126,744728,948362,
98085,2,server2,19,776.6,847296,801,0.638001,2,2,330144,744728,948362,
99052,2,server2,20,983173,779.8,801,0.638001,2,2,331111,744728,948362,
98086,2,server2,23,779.8,808586,801,0.638001,2,2,330145,744728,948362,
98063,2,server2,24,978924,779.8,801,0.638001,2,2,330122,744728,948362,
98067,2,server2,27,776.6,801322,801,0.638001,2,2,330126,744728,948362,
98061,2,server2,29,896146,773.4,801,0.638001,2,2,330.12,744728,948362,
98251,2,server2,1,776.05,770.2,802,0.723637,2,2,342.31,517492,778648,
98073,2,server2,2,770.2,763599,802,0.723637,2,2,342132,517492,778648,
98069,2,server2,3,779.8,911134,802,0.723637,2,2,342128,517492,778648,
101252,2,server2,5,816035,770.2,802,0.723637,2,2,345311,517492,778648,
98059,2,server2,11,779.8,840471,802,0.723637,2,2,342118,517492,778648,
98067,2,server2,15,779.8,885991,802,0.723637,2,2,342126,517492,778648,
98085,2,server2,19,776.6,847296,802,0.723637,2,2,342144,517492,778648,
98086,2,server2,23,779.8,808586,802,0.723637,2,2,342145,517492,778648,
98067,2,server2,27,776.6,801322,802,0.723637,2,2,342126,517492,778648,
98251,2,server2,1,776.05,770.2,803,0.786875,2,2,345.31,593.91,832315,
98073,2,server2,2,770.2,763599,803,0.786875,2,2,345132,593.91,832315,
98069,2,server2,3,779.8,911134,803,0.786875,2,2,345128,593.91,832315,
98075,2,server2,5,817381,770.2,803,0.786875,2,2,345134,593.91,832315,
98061,2,server2,9,854694,770.2,803,0.786875,2,2,345.12,593.91,832315,
98059,2,server2,11,779.8,840471,803,0.786875,2,2,345118,593.91,832315,
98067,2,server2,15,779.8,885991,803,0.786875,2,2,345126,593.91,832315,
98085,2,server2,19,776.6,847296,803,0.786875,2,2,345144,593.91,832315,
98086,2,server2,23,779.8,808586,803,0.786875,2,2,345145,593.91,832315,
98067,2,server2,27,776.6,801322,803,0.786875,2,2,345126,593.91,832315,
99122,2,server2,29,887246,773.4,803,0.786875,2,2,346181,593.91,832315,
98251,2,server2,1,776.05,770.2,804,1.11207,2,2,362.31,698.93,925.72,
98073,2,server2,2,770.2,763599,804,1.11207,2,2,362132,698.93,925.72,
98069,2,server2,3,779.8,911134,804,1.11207,2,2,362128,698.93,925.72,
98075,2,server2,5,817381,770.2,804,1.11207,2,2,362134,698.93,925.72,
98061,2,server2,9,854694,770.2,804,1.11207,2,2,362.12,698.93,925.72,
98059,2,server2,11,779.8,840471,804,1.11207,2,2,362118,698.93,925.72,
98067,2,server2,15,779.8,885991,804,1.11207,2,2,362126,698.93,925.72,
98085,2,server2,19,776.6,847296,804,1.11207,2,2,362144,698.93,925.72,
98086,2,server2,23,779.8,808586,804,1.11207,2,2,362145,698.93,925.72,
98067,2,server2,27,776.6,801322,804,1.11207,2,2,362126,698.93,925.72,
98061,2,server2,29,896146,773.4,804,1.11207,2,2,362.12,698.93,925.72,
98251,2,server2,1,776.05,770.2,805,1.31429,2,2,312.31,801504,1013.53,
98073,2,server2,2,770.2,763599,805,1.31429,2,2,312132,801504,1013.53,
98069,2,server2,3,779.8,911134,805,1.31429,2,2,312128,801504,1013.53,
98075,2,server2,5,817381,770.2,805,1.31429,2,2,312134,801504,1013.53,
98061,2,server2,9,854694,770.2,805,1.31429,2,2,312.12,801504,1013.53,
98059,2,server2,11,779.8,840471,805,1.31429,2,2,312118,801504,1013.53,
98067,2,server2,15,779.8,885991,805,1.31429,2,2,312126,801504,1013.53,
98085,2,server2,19,776.6,847296,805,1.31429,2,2,312144,801504,1013.53,
99052,2,server2,20,983173,779.8,805,1.31429,2,2,313111,801504,1013.53,
98086,2,server2,23,779.8,808586,805,1.31429,2,2,312145,801504,1013.53,
98063,2,server2,24,978924,779.8,805,1.31429,2,2,312122,801504,1013.53,
98067,2,server2,27,776.6,801322,805,1.31429,2,2,312126,801504,1013.53,
98061,2,server2,29,896146,773.4,805,1.31429,2,2,312.12,801504,1013.53,
98098,2,server2,0,1073.43,779.8,806,1.33516,2,2,313157,905871,903013,
98251,2,server2,1,776.05,770.2,806,1.33516,2,2,313.31,905871,903013,
98073,2,server2,2,770.2,763599,806,1.33516,2,2,313132,905871,903013,
98069,2,server2,3,779.8,911134,806,1.33516,2,2,313128,905871,903013,
98075,2,server2,5,817381,770.2,806,1.33516,2,2,313134,905871,903013,
98069,2,server2,8,1143.88,779.8,806,1.33516,2,2,313128,905871,903013,
98061,2,server2,9,854694,770.2,806,1.33516,2,2,313.12,905871,903013,
98059,2,server2,11,779.8,840471,806,1.33516,2,2,313118,905871,903013,
98079,2,server2,12,1105.49,779.8,806,1.33516,2,2,313138,905871,903013,
98062,2,server2,13,1051.19,770.2,806,1.33516,2,2,313121,905871,903013,
98067,2,server2,15,779.8,885991,806,1.33516,2,2,313126,905871,903013,
98.06,2,server2,16,1023.01,776.6,806,1.33516,2,2,313119,905871,903013,
98085,2,server2,19,776.6,847296,806,1.33516,2,2,313144,905871,903013,
99052,2,server2,20,983173,779.8,806,1.33516,2,2,314111,905871,903013,
98086,2,server2,23,779.8,808586,806,1.33516,2,2,313145,905871,903013,
98063,2,server2,24,978924,779.8,806,1.33516,2,2,313122,905871,903013,
98067,2,server2,27,776.6,801322,806,1.33516,2,2,313126,905871,903013,
98059,2,server2,28,1017.3,779.8,806,1.33516,2,2,313118,905871,903013,
98061,2,server2,29,896146,773.4,806,1.33516,2,2,313.12,905871,903013,
98251,2,server2,1,776.05,770.2,807,1.8962,2,2,322.31,614518,1012.65,
98073,2,server2,2,770.2,763599,807,1.8962,2,2,322132,614518,1012.65,
98069,2,server2,3,779.8,911134,807,1.8962,2,2,322128,614518,1012.65,
98059,2,server2,11,779.8,840471,807,1.8962,2,2,322118,614518,1012.65,
98067,2,server2,15,779.8,885991,807,1.8962,2,2,322126,614518,1012.65,
98085,2,server2,19,776.6,847296,807,1.8962,2,2,322144,614518,1012.65,
98086,2,server2,23,779.8,808586,807,1.8962,2,2,322145,614518,1012.65,
98067,2,server2,27,776.6,801322,807,1.8962,2,2,322126,614518,1012.65,
98251,2,server2,1,776.05,770.2,808,2.19784,2,2,312.31,741971,519684,
98073,2,server2,2,770.2,763599,808,2.19784,2,2,312132,741971,519684,
98075,2,server2,5,817381,770.2,808,2.19784,2,2,312134,741971,519684,
98061,2,server2,9,854694,770.2,808,2.19784,2,2,312.12,741971,519684,
98086,2,server2,23,779.8,808586,808,2.19784,2,2,312145,741971,519684,
98067,2,server2,27,776.6,801322,808,2.19784,2,2,312126,741971,519684,
98061,2,server2,29,896146,773.4,808,2.19784,2,2,312.12,741971,519684,
98251,2,server2,1,776.05,770.2,809,0.984795,2,1,279408,760393,770543,
98163,2,server2,2,770.2,763599,809,0.984795,2,1,279.32,760393,770543,
98185,2,server2,5,817381,770.2,809,0.984795,2,1,279342,760393,770543,
98525,2,server2,6,773.4,763599,809,0.984795,2,1,279682,760393,770543,
98161,2,server2,9,854694,770.2,809,0.984795,2,1,279318,760393,770543,
98159,2,server2,11,779.8,840471,809,0.984795,2,1,279316,760393,770543,
98157,2,server2,13,1051.19,770.2,809,0.984795,2,1,279314,760393,770543,
98172,2,server2,15,779.8,885991,809,0.984795,2,1,279329,760393,770543,
98165,2,server2,16,1023.01,776.6,809,0.984795,2,1,279322,760393,770543,
98.19,2,server2,19,776.6,847296,809,0.984795,2,1,279347,760393,770543,
99052,2,server2,20,983173,779.8,809,0.984795,2,1,280209,760393,770543,
98181,2,server2,23,779.8,808586,809,0.984795,2,1,279338,760393,770543,
98157,2,server2,24,980436,779.8,809,0.984795,2,1,279314,760393,770543,
98167,2,server2,27,776.6,801322,809,0.984795,2,1,279324,760393,770543,
98159,2,server2,28,1017.3,779.8,809,0.984795,2,1,279316,760393,770543,
98166,2,server2,29,896146,773.4,809,0.984795,2,1,279323,760393,770543,
98202,2,server2,13,1051.19,770.2,810,0.575655,2,0,288401,1003.15,484367,
98.25,2,server2,16,1023.01,776.6,810,0.575655,2,0,288449,1003.15,484367,
99052,2,server2,20,983173,779.8,810,0.575655,2,0,289251,1003.15,484367,
98209,2,server2,28,1017.3,779.8,810,0.575655,2,0,288408,1003.15,484367,
98356,2,server2,1,776.05,770.2,811,1.71139,2,1,320693,718629,557535,
98338,2,server2,2,770.2,763599,811,1.71139,2,1,320675,718629,557535,
106291,2,server2,3,779.8,850771,811,1.71139,2,1,328628,718629,557535,
98355,2,server2,5,817381,770.2,811,1.71139,2,1,320692,718629,557535,
98525,2,server2,6,773.4,763599,811,1.71139,2,1,320862,718629,557535,
98371,2,server2,9,854694,770.2,811,1.71139,2,1,320708,718629,557535,
98349,2,server2,11,779.8,840471,811,1.71139,2,1,320686,718629,557535,
98.35,2,server2,19,776.6,847296,811,1.71139,2,1,320687,718629,557535,
98361,2,server2,23,779.8,808586,811,1.71139,2,1,320698,718629,557535,
98346,2,server2,29,893606,773.4,811,1.71139,2,1,320683,718629,557535,
98528,2,server2,0,1073.43,779.8,812,1.15364,2,1,305053,1067.43,690853,
103967,2,server2,4,1201.86,779.8,812,1.15364,2,1,310492,1067.43,690853,
98735,2,server2,5,817381,770.2,812,1.15364,2,1,305.26,1067.43,690853,
98534,2,server2,8,1145.52,779.8,812,1.15364,2,1,305059,1067.43,690853,
98576,2,server2,9,854694,770.2,812,1.15364,2,1,305101,1067.43,690853,
98539,2,server2,12,1105.49,779.8,812,1.15364,2,1,305064,1067.43,690853,
98532,2,server2,13,1051.19,770.2,812,1.15364,2,1,305057,1067.43,690853,
98575,2,server2,16,1023.01,776.6,812,1.15364,2,1,305.1,1067.43,690853,
99052,2,server2,20,983173,779.8,812,1.15364,2,1,305577,1067.43,690853,
101716,2,server2,21,1356.24,770.2,812,1.15364,2,1,308241,1067.43,690853,
98534,2,server2,24,986489,779.8,812,1.15364,2,1,305059,1067.43,690853,
98584,2,server2,28,1017.3,779.8,812,1.15364,2,1,305109,1067.43,690853,
98526,2,server2,29,892331,773.4,812,1.15364,2,1,305051,1067.43,690853,
99076,2,server2,1,776.05,770.2,813,1.28381,2,0,284128,743486,772898,
99368,2,server2,2,770.2,763599,813,1.28381,2,0,284.42,743486,772898,
99063,2,server2,3,779.8,895.47,813,1.28381,2,0,284115,743486,772898,
99.06,2,server2,5,817381,770.2,813,1.28381,2,0,284112,743486,772898,
99053,2,server2,6,773.4,763599,813,1.28381,2,0,284105,743486,772898,
99066,2,server2,9,854694,770.2,813,1.28381,2,0,284118,743486,772898,
99069,2,server2,11,779.8,840471,813,1.28381,2,0,284121,743486,772898,
99082,2,server2,15,779.8,885991,813,1.28381,2,0,284134,743486,772898,
99065,2,server2,16,1023.01,776.6,813,1.28381,2,0,284117,743486,772898,
99055,2,server2,19,776.6,847296,813,1.28381,2,0,284107,743486,772898,
99111,2,server2,23,779.8,808586,813,1.28381,2,0,284163,743486,772898,
99052,2,server2,24,994067,779.8,813,1.28381,2,0,284104,743486,772898,
99083,2,server2,27,776.6,800898,813,1.28381,2,0,284135,743486,772898,
99064,2,server2,28,1017.3,779.8,813,1.28381,2,0,284116,743486,772898,
99061,2,server2,29,892331,773.4,813,1.28381,2,0,284113,743486,772898,
99093,2,server2,0,1074.82,779.8,814,2.32258,2,2,318171,906367,785781,
100658,2,server2,0,1074.82,779.8,814,2.22172,2,2,367295,1270.63,747276,
99111,2,server2,1,776.05,770.2,814,2.32258,2,2,318189,906367,785781,
99368,2,server2,2,770.2,763599,814,2.32258,2,2,318446,906367,785781,
103967,2,server2,4,1201.86,779.8,814,2.22172,2,2,370604,1270.63,747276,
103967,2,server2,4,1201.86,779.8,814,2.32258,2,2,323045,906367,785781,
99095,2,server2,5,817381,770.2,814,2.32258,2,2,318173,906367,785781,
99078,2,server2,6,773.4,763599,814,2.32258,2,2,318156,906367,785781,
99086,2,server2,8,1152.1,779.8,814,2.32258,2,2,318164,906367,785781,
100646,2,server2,8,1152.1,779.8,814,2.22172,2,2,367283,1270.63,747276,
99106,2,server2,9,854694,770.2,814,2.32258,2,2,318184,906367,785781,
99084,2,server2,11,779.8,840471,814,2.32258,2,2,318162,906367,785781,
99154,2,server2,12,1105.49,779.8,814,2.32258,2,2,318232,906367,785781,
100651,2,server2,12,1105.49,779.8,814,2.22172,2,2,367288,1270.63,747276,
99082,2,server2,13,1051.19,770.2,814,2.32258,2,2,318.16,906367,785781,
100647,2,server2,13,1050.14,770.2,814,2.22172,2,2,367284,1270.63,747276,
99082,2,server2,15,779.8,885991,814,2.32258,2,2,318.16,906367,785781,
99.08,2,server2,16,1023.01,776.6,814,2.32258,2,2,318158,906367,785781,
99085,2,server2,19,776.6,847296,814,2.32258,2,2,318163,906367,785781,
99082,2,server2,20,983173,779.8,814,2.32258,2,2,318.16,906367,785781,
100659,2,server2,20,983173,779.8,814,2.22172,2,2,367296,1270.63,747276,
100665,2,server2,21,1363.81,770.2,814,2.22172,2,2,367302,1270.63,747276,
99111,2,server2,23,779.8,808586,814,2.32258,2,2,318189,906367,785781,
99087,2,server2,24,994067,779.8,814,2.32258,2,2,318165,906367,785781,
100639,2,server2,24,1019.77,779.8,814,2.22172,2,2,367276,1270.63,747276,
99083,2,server2,27,776.6,800898,814,2.32258,2,2,318161,906367,785781,
99084,2,server2,28,1017.3,779.8,814,2.32258,2,2,318162,906367,785781,
100654,2,server2,28,1017.3,779.8,814,2.22172,2,2,367291,1270.63,747276,
99091,2,server2,29,892331,773.4,814,2.32258,2,2,318169,906367,785781,
99138,2,server2,0,1074.82,779.8,815,1.32835,2,1,298.26,1065.75,566816,
100078,2,server2,0,1074.82,779.8,815,0.938429,2,2,377142,958954,632773,
100658,2,server2,0,1074.82,779.8,815,2.37332,1,2,367295,1017.54,554252,
101438,2,server2,0,1074.82,779.8,815,1.60032,2,2,334.86,923.88,631236,
100336,2,server2,1,776.05,770.2,815,0.938429,2,2,377.4,958954,632773,
101.44,2,server2,1,772.17,770.2,815,1.60032,2,2,334862,923.88,631236,
100093,2,server2,2,770.2,763599,815,0.938429,2,2,377157,958954,632773,
101436,2,server2,2,770.2,763599,815,1.60032,2,2,334858,923.88,631236,
101.43,2,server2,3,779.8,883382,815,1.60032,2,2,334852,923.88,631236,
106286,2,server2,3,779.8,872529,815,0.938429,2,2,383.35,958954,632773,
103967,2,server2,4,1201.86,779.8,815,0.938429,2,2,381031,958954,632773,
103967,2,server2,4,1201.86,779.8,815,1.32835,2,1,303089,1065.75,566816,
103967,2,server2,4,1201.86,779.8,815,2.37332,1,2,370604,1017.54,554252,
100085,2,server2,5,817381,770.2,815,0.938429,2,2,377149,958954,632773,
100645,2,server2,5,817381,770.2,815,2.37332,1,2,367282,1017.54,554252,
101448,2,server2,5,816035,770.2,815,1.60032,2,2,334.87,923.88,631236,
100068,2,server2,6,773.4,764459,815,0.938429,2,2,377132,958954,632773,
101429,2,server2,6,773.4,764459,815,1.60032,2,2,334851,923.88,631236,
99136,2,server2,8,1152.1,779.8,815,1.32835,2,1,298258,1065.75,566816,
100106,2,server2,8,1152.1,779.8,815,0.938429,2,2,377.17,958954,632773,
100646,2,server2,8,1152.1,779.8,815,2.37332,1,2,367283,1017.54,554252,
101453,2,server2,8,1153.74,779.8,815,1.60032,2,2,334875,923.88,631236,
99156,2,server2,9,854694,770.2,815,1.32835,2,1,298278,1065.75,566816,
100071,2,server2,9,854694,770.2,815,0.938429,2,2,377135,958954,632773,
100671,2,server2,9,854694,770.2,815,2.37332,1,2,367308,1017.54,554252,
101436,2,server2,9,854694,770.2,815,1.60032,2,2,334858,923.88,631236,
100074,2,server2,11,779.8,840471,815,0.938429,2,2,377138,958954,632773,
101429,2,server2,11,779.8,840471,815,1.60032,2,2,334851,923.88,631236,
99154,2,server2,12,1105.49,779.8,815,1.32835,2,1,298276,1065.75,566816,
100069,2,server2,12,1105.49,779.8,815,0.938429,2,2,377133,958954,632773,
100651,2,server2,12,1105.49,779.8,815,2.37332,1,2,367288,1017.54,554252,
101.44,2,server2,12,1106.9,779.8,815,1.60032,2,2,334862,923.88,631236,
99132,2,server2,13,1051.19,770.2,815,1.32835,2,1,298254,1065.75,566816,
100102,2,server2,13,1051.19,770.2,815,0.938429,2,2,377166,958954,632773,
100647,2,server2,13,1050.14,770.2,815,2.37332,1,2,367284,1017.54,554252,
101437,2,server2,13,1050.14,770.2,815,1.60032,2,2,334859,923.88,631236,
101437,2,server2,15,779.8,884703,815,1.60032,2,2,334859,923.88,631236,
99135,2,server2,16,1023.01,776.6,815,1.32835,2,1,298257,1065.75,566816,
100083,2,server2,16,1026,776.6,815,0.938429,2,2,377147,958954,632773,
101429,2,server2,16,1064.9,776.6,815,1.60032,2,2,334851,923.88,631236,
100075,2,server2,19,776.6,845812,815,0.938429,2,2,377139,958954,632773,
101.44,2,server2,19,776.6,841359,815,1.60032,2,2,334862,923.88,631236,
99.15,2,server2,20,983173,779.8,815,1.32835,2,1,298272,1065.75,566816,
100.07,2,server2,20,983173,779.8,815,0.938429,2,2,377134,958954,632773,
100659,2,server2,20,983173,779.8,815,2.37332,1,2,367296,1017.54,554252,
101441,2,server2,20,984426,779.8,815,1.60032,2,2,334863,923.88,631236,
100076,2,server2,23,779.8,808586,815,0.938429,2,2,377.14,958954,632773,
99132,2,server2,24,994067,779.8,815,1.32835,2,1,298254,1065.75,566816,
100639,2,server2,24,1019.77,779.8,815,2.37332,1,2,367276,1017.54,554252,
101464,2,server2,24,1019.77,779.8,815,1.60032,2,2,334886,923.88,631236,
100068,2,server2,27,776.6,800898,815,0.938429,2,2,377132,958954,632773,
101453,2,server2,27,776.6,800898,815,1.60032,2,2,334875,923.88,631236,
99134,2,server2,28,1017.3,779.8,815,1.32835,2,1,298256,1065.75,566816,
100099,2,server2,28,1017.3,779.8,815,0.938429,2,2,377163,958954,632773,
100654,2,server2,28,1017.3,779.8,815,2.37332,1,2,367291,1017.54,554252,
101443,2,server2,28,1021.98,779.8,815,1.60032,2,2,334865,923.88,631236,
100065,2,server2,29,862.93,773.4,815,0.938429,2,2,377129,958954,632773,
100645,2,server2,29,862.93,773.4,815,2.37332,1,2,367282,1017.54,554252,
101435,2,server2,29,862.93,773.4,815,1.60032,2,2,334857,923.88,631236,
99138,2,server2,0,1074.82,779.8,816,2.07296,2,2,315263,924.69,627925,
101773,2,server2,0,1074.82,779.8,816,0.986746,2,0,241517,1253.03,790.73,
99136,2,server2,1,776.05,770.2,816,2.07296,2,2,315261,924.69,627925,
100336,2,server2,1,776.05,770.2,816,1456,2,0,293.4,808027,997888,
100706,2,server2,1,776.05,770.2,816,1.43769,1,2,350401,834899,1043.23,
99368,2,server2,2,770.2,763599,816,2.07296,2,2,315493,924.69,627925,
100093,2,server2,2,770.2,763599,816,1456,2,0,293157,808027,997888,
100708,2,server2,2,770.2,763599,816,1.43769,1,2,350403,834899,1043.23,
99154,2,server2,3,779.8,885802,816,2.07296,2,2,315279,924.69,627925,
100065,2,server2,3,779.8,883382,816,1456,2,0,293129,808027,997888,
100.7,2,server2,3,779.8,883382,816,1.43769,1,2,350395,834899,1043.23,
103967,2,server2,4,1201.86,779.8,816,0.986746,2,0,243711,1253.03,790.73,
99.14,2,server2,5,817381,770.2,816,2.07296,2,2,315265,924.69,627925,
100085,2,server2,5,817381,770.2,816,1456,2,0,293149,808027,997888,
100715,2,server2,5,817381,770.2,816,1.43769,1,2,350.41,834899,1043.23,
99138,2,server2,6,773.4,763599,816,2.07296,2,2,315263,924.69,627925,
100068,2,server2,6,773.4,764459,816,1456,2,0,293132,808027,997888,
100708,2,server2,6,773.4,764459,816,1.43769,1,2,350403,834899,1043.23,
99136,2,server2,8,1152.1,779.8,816,2.07296,2,2,315261,924.69,627925,
102473,2,server2,8,1153.74,779.8,816,0.986746,2,0,242217,1253.03,790.73,
99156,2,server2,9,854694,770.2,816,2.07296,2,2,315281,924.69,627925,
100071,2,server2,9,854694,770.2,816,1456,2,0,293135,808027,997888,
100706,2,server2,9,854694,770.2,816,1.43769,1,2,350401,834899,1043.23,
99134,2,server2,11,779.8,840471,816,2.07296,2,2,315259,924.69,627925,
100074,2,server2,11,779.8,840471,816,1456,2,0,293138,808027,997888,
100709,2,server2,11,779.8,840471,816,1.43769,1,2,350404,834899,1043.23,
99154,2,server2,12,1105.49,779.8,816,2.07296,2,2,315279,924.69,627925,
101755,2,server2,12,1106.9,779.8,816,0.986746,2,0,241499,1253.03,790.73,
99132,2,server2,13,1051.19,770.2,816,2.07296,2,2,315257,924.69,627925,
101747,2,server2,13,1050.14,770.2,816,0.986746,2,0,241491,1253.03,790.73,
99152,2,server2,15,779.8,885991,816,2.07296,2,2,315277,924.69,627925,
100067,2,server2,15,779.8,885991,816,1456,2,0,293131,808027,997888,
100702,2,server2,15,779.8,885991,816,1.43769,1,2,350397,834899,1043.23,
99135,2,server2,16,1023.01,776.6,816,2.07296,2,2,315.26,924.69,627925,
101745,2,server2,16,1064.9,776.6,816,0.986746,2,0,241489,1253.03,790.73,
99.13,2,server2,19,776.6,847296,816,2.07296,2,2,315255,924.69,627925,
100075,2,server2,19,776.6,845812,816,1456,2,0,293139,808027,997888,
100695,2,server2,19,776.6,845812,816,1.43769,1,2,350.39,834899,1043.23,
99.15,2,server2,20,983173,779.8,816,2.07296,2,2,315275,924.69,627925,
100.07,2,server2,20,983173,779.8,816,1456,2,0,293134,808027,997888,
101747,2,server2,20,984426,779.8,816,0.986746,2,0,241491,1253.03,790.73,
99196,2,server2,23,779.8,808586,816,2.07296,2,2,315321,924.69,627925,
100076,2,server2,23,779.8,808586,816,1456,2,0,293.14,808027,997888,
100696,2,server2,23,779.8,808586,816,1.43769,1,2,350391,834899,1043.23,
99132,2,server2,24,994067,779.8,816,2.07296,2,2,315257,924.69,627925,
101744,2,server2,24,1019.77,779.8,816,0.986746,2,0,241488,1253.03,790.73,
99133,2,server2,27,776.6,800898,816,2.07296,2,2,315258,924.69,627925,
100068,2,server2,27,776.6,800898,816,1456,2,0,293132,808027,997888,
100703,2,server2,27,776.6,800898,816,1.43769,1,2,350398,834899,1043.23,
99134,2,server2,28,1017.3,779.8,816,2.07296,2,2,315259,924.69,627925,
101753,2,server2,28,1021.98,779.8,816,0.986746,2,0,241497,1253.03,790.73,
100065,2,server2,29,862.93,773.4,816,1456,2,0,293129,808027,997888,
100695,2,server2,29,862.93,773.4,816,1.43769,1,2,350.39,834899,1043.23,
99568,2,server2,0,1074.82,779.8,817,1.66514,2,2,329131,934301,821298,
100658,2,server2,0,1074.82,779.8,817,2.52798,2,2,345294,916772,831.18,
100738,2,server2,0,1074.82,779.8,817,2.1488,2,2,350441,1102.88,1038.22,
102158,2,server2,0,1074.82,779.8,817,0.807259,2,1,305254,821145,655586,
99616,2,server2,1,776.05,770.2,817,1.66514,2,2,329179,934301,821298,
100641,2,server2,1,776.05,770.2,817,2.52798,2,2,345277,916772,831.18,
102.12,2,server2,1,772.17,770.2,817,0.807259,2,1,305216,821145,655586,
99578,2,server2,2,770.2,763599,817,1.66514,2,2,329141,934301,821298,
100643,2,server2,2,770.2,763599,817,2.52798,2,2,345279,916772,831.18,
102101,2,server2,2,770.2,763599,817,0.807259,2,1,305197,821145,655586,
99.57,2,server2,3,779.8,883382,817,1.66514,2,2,329133,934301,821298,
100.64,2,server2,3,779.8,883382,817,2.52798,2,2,345276,916772,831.18,
102.1,2,server2,3,779.8,883382,817,0.807259,2,1,305196,821145,655586,
103967,2,server2,4,1201.86,779.8,817,1.66514,2,2,333.53,934301,821298,
103967,2,server2,4,1201.86,779.8,817,2.1488,2,2,353.67,1102.88,1038.22,
103967,2,server2,4,1201.86,779.8,817,2.52798,2,2,348603,916772,831.18,
99895,2,server2,5,817381,770.2,817,1.66514,2,2,329458,934301,821298,
100645,2,server2,5,817381,770.2,817,2.52798,2,2,345281,916772,831.18,
102628,2,server2,5,816035,770.2,817,0.807259,2,1,305724,821145,655586,
100648,2,server2,6,773.4,764459,817,2.52798,2,2,345284,916772,831.18,
102144,2,server2,6,773.4,764459,817,0.807259,2,1,305.24,821145,655586,
99571,2,server2,8,1152.1,779.8,817,1.66514,2,2,329134,934301,821298,
100646,2,server2,8,1152.1,779.8,817,2.52798,2,2,345282,916772,831.18,
100746,2,server2,8,1152.1,779.8,817,2.1488,2,2,350449,1102.88,1038.22,
99611,2,server2,9,854694,770.2,817,1.66514,2,2,329174,934301,821298,
100671,2,server2,9,854694,770.2,817,2.52798,2,2,345307,916772,831.18,
102108,2,server2,9,853.51,770.2,817,0.807259,2,1,305204,821145,655586,
99614,2,server2,11,779.8,840471,817,1.66514,2,2,329177,934301,821298,
100659,2,server2,11,779.8,840471,817,2.52798,2,2,345295,916772,831.18,
102105,2,server2,11,779.8,837.85,817,0.807259,2,1,305201,821145,655586,
99584,2,server2,12,1105.49,779.8,817,1.66514,2,2,329147,934301,821298,
100651,2,server2,12,1105.49,779.8,817,2.52798,2,2,345287,916772,831.18,
100736,2,server2,12,1105.49,779.8,817,2.1488,2,2,350439,1102.88,1038.22,
99582,2,server2,13,1051.19,770.2,817,1.66514,2,2,329145,934301,821298,
100637,2,server2,13,1050.14,770.2,817,2.52798,2,2,345273,916772,831.18,
100722,2,server2,13,1050.14,770.2,817,2.1488,2,2,350425,1102.88,1038.22,
102102,2,server2,13,1050.14,770.2,817,0.807259,2,1,305198,821145,655586,
99602,2,server2,15,779.8,885991,817,1.66514,2,2,329165,934301,821298,
100642,2,server2,15,779.8,885991,817,2.52798,2,2,345278,916772,831.18,
102097,2,server2,15,779.8,884703,817,0.807259,2,1,305193,821145,655586,
99565,2,server2,16,1023.01,776.6,817,1.66514,2,2,329128,934301,821298,
102.18,2,server2,16,1064.9,776.6,817,0.807259,2,1,305276,821145,655586,
99.57,2,server2,19,776.6,845812,817,1.66514,2,2,329133,934301,821298,
100.64,2,server2,19,776.6,845812,817,2.52798,2,2,345276,916772,831.18,
102.16,2,server2,19,776.6,841359,817,0.807259,2,1,305256,821145,655586,
99.57,2,server2,20,983173,779.8,817,1.66514,2,2,329133,934301,821298,
100659,2,server2,20,983173,779.8,817,2.52798,2,2,345295,916772,831.18,
100714,2,server2,20,983173,779.8,817,2.1488,2,2,350417,1102.88,1038.22,
102103,2,server2,20,984426,779.8,817,0.807259,2,1,305199,821145,655586,
99626,2,server2,23,779.8,808586,817,1.66514,2,2,329189,934301,821298,
100646,2,server2,23,779.8,808586,817,2.52798,2,2,345282,916772,831.18,
102.13,2,server2,23,779.8,808.09,817,0.807259,2,1,305226,821145,655586,
99563,2,server2,24,997087,779.8,817,1.66514,2,2,329126,934301,821298,
100639,2,server2,24,1019.77,779.8,817,2.52798,2,2,345275,916772,831.18,
100709,2,server2,24,1019.77,779.8,817,2.1488,2,2,350412,1102.88,1038.22,
102108,2,server2,24,1024.3,779.8,817,0.807259,2,1,305204,821145,655586,
99593,2,server2,27,776.6,800898,817,1.66514,2,2,329156,934301,821298,
100638,2,server2,27,776.6,800898,817,2.52798,2,2,345274,916772,831.18,
102113,2,server2,27,776.6,800898,817,0.807259,2,1,305209,821145,655586,
99569,2,server2,28,1017.3,779.8,817,1.66514,2,2,329132,934301,821298,
100654,2,server2,28,1017.3,779.8,817,2.52798,2,2,345.29,916772,831.18,
100709,2,server2,28,1017.3,779.8,817,2.1488,2,2,350412,1102.88,1038.22,
102096,2,server2,28,1025.1,779.8,817,0.807259,2,1,305192,821145,655586,
99.58,2,server2,29,862.93,773.4,817,1.66514,2,2,329143,934301,821298,
100645,2,server2,29,862.93,773.4,817,2.52798,2,2,345281,916772,831.18,
102.11,2,server2,29,862.93,773.4,817,0.807259,2,1,305206,821145,655586,
102158,2,server2,0,1074.82,779.8,818,1.2813,1,1,305254,1075.09,852418,
103083,2,server2,0,1074.82,779.8,818,1.12442,2,2,376583,971884,901421,
101.44,2,server2,1,772.17,770.2,818,1.08076,2,2,334862,744503,844004,
102275,2,server2,1,772.17,770.2,818,0.523761,1,1,311514,828359,956758,
102.51,2,server2,1,772.17,770.2,818,1.12442,2,2,376.01,971884,901421,
101436,2,server2,2,770.2,763599,818,1.08076,2,2,334858,744503,844004,
102544,2,server2,2,770.2,763599,818,1.12442,2,2,376044,971884,901421,
101.43,2,server2,3,779.8,883382,818,1.08076,2,2,334852,744503,844004,
102.1,2,server2,3,779.8,883382,818,1.2813,1,1,305196,1075.09,852418,
102239,2,server2,3,779.8,882.17,818,0.523761,1,1,311478,828359,956758,
102502,2,server2,3,779.8,882.17,818,1.12442,2,2,376002,971884,901421,
103967,2,server2,4,1201.86,779.8,818,1.12442,2,2,377467,971884,901421,
103967,2,server2,4,1201.86,779.8,818,1.2813,1,1,307063,1075.09,852418,
101448,2,server2,5,816035,770.2,818,1.08076,2,2,334.87,744503,844004,
102628,2,server2,5,816035,770.2,818,0.523761,1,1,311867,828359,956758,
102628,2,server2,5,816035,770.2,818,1.12442,2,2,376128,971884,901421,
102628,2,server2,5,816035,770.2,818,1.2813,1,1,305724,1075.09,852418,
101429,2,server2,6,773.4,764459,818,1.08076,2,2,334851,744503,844004,
102239,2,server2,6,773.4,764459,818,0.523761,1,1,311478,828359,956758,
102514,2,server2,6,773.4,764459,818,1.12442,2,2,376014,971884,901421,
102473,2,server2,8,1153.74,779.8,818,1.2813,1,1,305569,1075.09,852418,
102568,2,server2,8,1153.74,779.8,818,1.12442,2,2,376068,971884,901421,
101436,2,server2,9,854694,770.2,818,1.08076,2,2,334858,744503,844004,
102108,2,server2,9,853.51,770.2,818,1.2813,1,1,305204,1075.09,852418,
102248,2,server2,9,853.51,770.2,818,0.523761,1,1,311487,828359,956758,
102548,2,server2,9,853.51,770.2,818,1.12442,2,2,376048,971884,901421,
101429,2,server2,11,779.8,840471,818,1.08076,2,2,334851,744503,844004,
102105,2,server2,11,779.8,837.85,818,1.2813,1,1,305201,1075.09,852418,
102.32,2,server2,11,779.8,837.85,818,0.523761,1,1,311559,828359,956758,
102525,2,server2,11,779.8,837.85,818,1.12442,2,2,376025,971884,901421,
102.54,2,server2,12,1109.71,779.8,818,1.12442,2,2,376.04,971884,901421,
102102,2,server2,13,1050.14,770.2,818,1.2813,1,1,305198,1075.09,852418,
102252,2,server2,13,1050.14,770.2,818,0.523761,1,1,311491,828359,956758,
102507,2,server2,13,1050.14,770.2,818,1.12442,2,2,376007,971884,901421,
101437,2,server2,15,779.8,884703,818,1.08076,2,2,334859,744503,844004,
102097,2,server2,15,779.8,884703,818,1.2813,1,1,305193,1075.09,852418,
102252,2,server2,15,779.8,884703,818,0.523761,1,1,311491,828359,956758,
102502,2,server2,15,779.8,884703,818,1.12442,2,2,376002,971884,901421,
102.18,2,server2,16,1064.9,776.6,818,1.2813,1,1,305276,1075.09,852418,
102.24,2,server2,16,1064.9,776.6,818,0.523761,1,1,311479,828359,956758,
101.44,2,server2,19,776.6,841359,818,1.08076,2,2,334862,744503,844004,
102.16,2,server2,19,776.6,841359,818,1.2813,1,1,305256,1075.09,852418,
102.26,2,server2,19,776.6,841359,818,0.523761,1,1,311499,828359,956758,
102515,2,server2,19,776.6,841359,818,1.12442,2,2,376015,971884,901421,
101441,2,server2,20,984426,779.8,818,1.08076,2,2,334863,744503,844004,
102103,2,server2,20,984426,779.8,818,1.2813,1,1,305199,1075.09,852418,
102248,2,server2,20,984426,779.8,818,0.523761,1,1,311487,828359,956758,
102503,2,server2,20,984426,779.8,818,1.12442,2,2,376003,971884,901421,
102114,2,server2,21,1348.68,770.2,818,1.2813,1,1,305.21,1075.09,852418,
102.13,2,server2,23,779.8,808.09,818,1.2813,1,1,305226,1075.09,852418,
102.27,2,server2,23,779.8,808.09,818,0.523761,1,1,311509,828359,956758,
102515,2,server2,23,779.8,808.09,818,1.12442,2,2,376015,971884,901421,
101464,2,server2,24,1019.77,779.8,818,1.08076,2,2,334886,744503,844004,
102108,2,server2,24,1024.3,779.8,818,1.2813,1,1,305204,1075.09,852418,
102243,2,server2,24,1024.3,779.8,818,0.523761,1,1,311482,828359,956758,
102553,2,server2,24,1024.3,779.8,818,1.12442,2,2,376053,971884,901421,
101453,2,server2,27,776.6,800898,818,1.08076,2,2,334875,744503,844004,
102253,2,server2,27,776.6,800898,818,0.523761,1,1,311492,828359,956758,
102548,2,server2,27,776.6,800898,818,1.12442,2,2,376048,971884,901421,
101443,2,server2,28,1021.98,779.8,818,1.08076,2,2,334865,744503,844004,
102096,2,server2,28,1025.1,779.8,818,1.2813,1,1,305192,1075.09,852418,
102246,2,server2,28,1025.1,779.8,818,0.523761,1,1,311485,828359,956758,
102501,2,server2,28,1025.1,779.8,818,1.12442,2,2,376001,971884,901421,
101435,2,server2,29,862.93,773.4,818,1.08076,2,2,334857,744503,844004,
102.11,2,server2,29,862.93,773.4,818,1.2813,1,1,305206,1075.09,852418,
102.24,2,server2,29,862.93,773.4,818,0.523761,1,1,311479,828359,956758,
102.51,2,server2,29,862.93,773.4,818,1.12442,2,2,376.01,971884,901421,
102253,2,server2,0,1074.82,779.8,819,0.462255,2,1,311492,827.06,793357,
103083,2,server2,0,1074.82,779.8,819,0.577313,2,1,304578,1044.53,872284,
102275,2,server2,1,772.17,770.2,819,0.462255,2,1,311514,827.06,793357,
102.51,2,server2,1,772.17,770.2,819,0.577313,2,1,304005,1044.53,872284,
102.62,2,server2,1,772.17,770.2,819,1.07784,2,1,303215,731.67,681941,
104375,2,server2,1,772.17,770.2,819,0.438055,2,2,387745,571248,799.16,
102544,2,server2,2,770.2,763599,819,0.577313,2,1,304039,1044.53,872284,
102604,2,server2,2,770.2,763599,819,1.07784,2,1,303199,731.67,681941,
104379,2,server2,2,770.2,763599,819,0.438055,2,2,387749,571248,799.16,
102239,2,server2,3,779.8,882.17,819,0.462255,2,1,311478,827.06,793357,
102502,2,server2,3,779.8,882.17,819,0.577313,2,1,303997,1044.53,872284,
102607,2,server2,3,779.8,882.17,819,1.07784,2,1,303202,731.67,681941,
104381,2,server2,3,779.8,877353,819,0.438055,2,2,387751,571248,799.16,
104576,2,server2,3,779.8,877353,819,0.992064,2,2,343126,480.27,866114,
103967,2,server2,4,1201.86,779.8,819,0.577313,2,1,305462,1044.53,872284,
102628,2,server2,5,816035,770.2,819,0.462255,2,1,311867,827.06,793357,
102628,2,server2,5,816035,770.2,819,0.577313,2,1,304123,1044.53,872284,
102628,2,server2,5,816035,770.2,819,1.07784,2,1,303223,731.67,681941,
104418,2,server2,5,816035,770.2,819,0.438055,2,2,387788,571248,799.16,
102239,2,server2,6,773.4,764459,819,0.462255,2,1,311478,827.06,793357,
102499,2,server2,6,773.4,764459,819,0.577313,2,1,303994,1044.53,872284,
104.55,2,server2,6,773.4,859285,819,0.992064,2,2,343.1,480.27,866114,
102568,2,server2,8,1153.74,779.8,819,0.577313,2,1,304063,1044.53,872284,
102248,2,server2,9,853.51,770.2,819,0.462255,2,1,311487,827.06,793357,
102548,2,server2,9,853.51,770.2,819,0.577313,2,1,304043,1044.53,872284,
102613,2,server2,9,853.51,770.2,819,1.07784,2,1,303208,731.67,681941,
104378,2,server2,9,853.51,770.2,819,0.438055,2,2,387748,571248,799.16,
102.32,2,server2,11,779.8,837.85,819,0.462255,2,1,311559,827.06,793357,
102525,2,server2,11,779.8,837.85,819,0.577313,2,1,304.02,1044.53,872284,
102.6,2,server2,11,779.8,837.85,819,1.07784,2,1,303195,731.67,681941,
104795,2,server2,11,779.8,828679,819,0.438055,2,2,388165,571248,799.16,
102295,2,server2,12,1109.71,779.8,819,0.462255,2,1,311534,827.06,793357,
102.54,2,server2,12,1109.71,779.8,819,0.577313,2,1,304035,1044.53,872284,
102252,2,server2,13,1050.14,770.2,819,0.462255,2,1,311491,827.06,793357,
102507,2,server2,13,1050.14,770.2,819,0.577313,2,1,304002,1044.53,872284,
102252,2,server2,15,779.8,884703,819,0.462255,2,1,311491,827.06,793357,
102502,2,server2,15,779.8,884703,819,0.577313,2,1,303997,1044.53,872284,
102602,2,server2,15,779.8,884703,819,1.07784,2,1,303197,731.67,681941,
104372,2,server2,15,779.8,884703,819,0.438055,2,2,387742,571248,799.16,
102.24,2,server2,16,1064.9,776.6,819,0.462255,2,1,311479,827.06,793357,
102.26,2,server2,19,776.6,841359,819,0.462255,2,1,311499,827.06,793357,
102515,2,server2,19,776.6,841359,819,0.577313,2,1,304.01,1044.53,872284,
102635,2,server2,19,776.6,841359,819,1.07784,2,1,303.23,731.67,681941,
104385,2,server2,19,776.6,841359,819,0.438055,2,2,387755,571248,799.16,
104.58,2,server2,19,776.6,841359,819,0.992064,2,2,343.13,480.27,866114,
102248,2,server2,20,984426,779.8,819,0.462255,2,1,311487,827.06,793357,
102503,2,server2,20,984426,779.8,819,0.577313,2,1,303998,1044.53,872284,
102.61,2,server2,20,984426,779.8,819,1.07784,2,1,303205,731.67,681941,
102.27,2,server2,23,779.8,808.09,819,0.462255,2,1,311509,827.06,793357,
102515,2,server2,23,779.8,808.09,819,0.577313,2,1,304.01,1044.53,872284,
102.65,2,server2,23,779.8,808.09,819,1.07784,2,1,303245,731.67,681941,
104.37,2,server2,23,779.8,808.09,819,0.438055,2,2,387.74,571248,799.16,
102243,2,server2,24,1024.3,779.8,819,0.462255,2,1,311482,827.06,793357,
102498,2,server2,24,1024.3,779.8,819,0.577313,2,1,303993,1044.53,872284,
102253,2,server2,27,776.6,800898,819,0.462255,2,1,311492,827.06,793357,
102548,2,server2,27,776.6,800898,819,0.577313,2,1,304043,1044.53,872284,
102623,2,server2,27,776.6,800898,819,1.07784,2,1,303218,731.67,681941,
104458,2,server2,27,776.6,800898,819,0.438055,2,2,387828,571248,799.16,
102246,2,server2,28,1025.1,779.8,819,0.462255,2,1,311485,827.06,793357,
102501,2,server2,28,1025.1,779.8,819,0.577313,2,1,303996,1044.53,872284,
102.24,2,server2,29,862.93,773.4,819,0.462255,2,1,311479,827.06,793357,
102.51,2,server2,29,862.93,773.4,819,0.577313,2,1,304005,1044.53,872284,
102595,2,server2,29,862.93,773.4,819,1.07784,2,1,303.19,731.67,681941,
104426,2,server2,29,853847,773.4,819,0.438055,2,2,387796,571248,799.16,
103083,2,server2,0,1074.82,779.8,820,2.60572,2,1,310679,954.11,873475,
104893,2,server2,0,1074.82,779.8,820,0.401605,2,1,317763,908175,990976,
102.62,2,server2,1,772.17,770.2,820,2.60572,2,1,310216,954.11,873475,
104.88,2,server2,1,769583,770.2,820,0.401605,2,1,317.75,908175,990976,
102604,2,server2,2,770.2,763599,820,2.60572,2,1,310.2,954.11,873475,
104514,2,server2,2,770.2,763599,820,2.46059,2,1,287005,747484,705991,
104878,2,server2,2,770.2,763599,820,0.401605,2,1,317748,908175,990976,
102607,2,server2,3,779.8,882.17,820,2.60572,2,1,310203,954.11,873475,
104491,2,server2,3,779.8,877353,820,2.46059,2,1,286982,747484,705991,
104881,2,server2,3,779.8,877353,820,0.401605,2,1,317751,908175,990976,
103967,2,server2,4,1201.86,779.8,820,2.60572,2,1,311563,954.11,873475,
102628,2,server2,5,816035,770.2,820,2.60572,2,1,310224,954.11,873475,
104503,2,server2,5,816035,770.2,820,2.46059,2,1,286994,747484,705991,
105033,2,server2,5,816035,770.2,820,0.401605,2,1,317903,908175,990976,
104492,2,server2,6,773.4,859285,820,2.46059,2,1,286983,747484,705991,
102623,2,server2,8,1153.74,779.8,820,2.60572,2,1,310219,954.11,873475,
102613,2,server2,9,853.51,770.2,820,2.60572,2,1,310209,954.11,873475,
104523,2,server2,9,853.51,770.2,820,2.46059,2,1,287014,747484,705991,
104923,2,server2,9,853.51,770.2,820,0.401605,2,1,317793,908175,990976,
102.6,2,server2,11,779.8,837.85,820,2.60572,2,1,310196,954.11,873475,
104795,2,server2,11,779.8,828679,820,2.46059,2,1,287286,747484,705991,
104925,2,server2,11,779.8,828679,820,0.401605,2,1,317795,908175,990976,
102.62,2,server2,12,1109.71,779.8,820,2.60572,2,1,310216,954.11,873475,
104877,2,server2,12,1109.71,779.8,820,0.401605,2,1,317747,908175,990976,
102597,2,server2,13,1050.14,770.2,820,2.60572,2,1,310193,954.11,873475,
104872,2,server2,13,1050.14,770.2,820,0.401605,2,1,317742,908175,990976,
102602,2,server2,15,779.8,884703,820,2.60572,2,1,310198,954.11,873475,
104492,2,server2,15,779.8,884703,820,2.46059,2,1,286983,747484,705991,
104882,2,server2,15,779.8,884703,820,0.401605,2,1,317752,908175,990976,
102.61,2,server2,16,1103.79,776.6,820,2.60572,2,1,310206,954.11,873475,
104879,2,server2,16,1105.29,776.6,820,0.401605,2,1,317749,908175,990976,
102635,2,server2,19,776.6,841359,820,2.60572,2,1,310231,954.11,873475,
104505,2,server2,19,776.6,841359,820,2.46059,2,1,286996,747484,705991,
104885,2,server2,19,776.6,841359,820,0.401605,2,1,317755,908175,990976,
102.61,2,server2,20,984426,779.8,820,2.60572,2,1,310206,954.11,873475,
104526,2,server2,20,985687,779.8,820,2.46059,2,1,287017,747484,705991,
104881,2,server2,20,985687,779.8,820,0.401605,2,1,317751,908175,990976,
102.65,2,server2,23,779.8,808.09,820,2.60572,2,1,310246,954.11,873475,
104.5,2,server2,23,779.8,808.09,820,2.46059,2,1,286991,747484,705991,
104885,2,server2,23,779.8,808.09,820,0.401605,2,1,317755,908175,990976,
102633,2,server2,24,1024.3,779.8,820,2.60572,2,1,310229,954.11,873475,
104503,2,server2,24,1024.3,779.8,820,2.46059,2,1,286994,747484,705991,
104928,2,server2,24,1024.3,779.8,820,0.401605,2,1,317798,908175,990976,
102623,2,server2,27,776.6,800898,820,2.60572,2,1,310219,954.11,873475,
104553,2,server2,27,776.6,800898,820,2.46059,2,1,287044,747484,705991,
104928,2,server2,27,776.6,800898,820,0.401605,2,1,317798,908175,990976,
102596,2,server2,28,1025.1,779.8,820,2.60572,2,1,310192,954.11,873475,
104493,2,server2,28,1031.35,779.8,820,2.46059,2,1,286984,747484,705991,
104873,2,server2,28,1031.35,779.8,820,0.401605,2,1,317743,908175,990976,
102615,2,server2,29,862.93,773.4,820,2.60572,2,1,310211,954.11,873475,
104516,2,server2,29,853847,773.4,820,2.46059,2,1,287007,747484,705991,
104881,2,server2,29,853847,773.4,820,0.401605,2,1,317751,908175,990976,
102655,2,server2,1,772.17,770.2,821,1.59677,2,1,329291,517.15,620355,
104.88,2,server2,1,769583,770.2,821,0.472656,2,1,317.75,795226,643826,
102639,2,server2,2,770.2,763599,821,1.59677,2,1,329275,517.15,620355,
104878,2,server2,2,770.2,763599,821,0.472656,2,1,317748,795226,643826,
104881,2,server2,3,779.8,877353,821,0.472656,2,1,317751,795226,643826,
105033,2,server2,5,816035,770.2,821,0.472656,2,1,317903,795226,643826,
104923,2,server2,9,853.51,770.2,821,0.472656,2,1,317793,795226,643826,
104925,2,server2,11,779.8,828679,821,0.472656,2,1,317795,795226,643826,
104872,2,server2,13,1050.14,770.2,821,0.472656,2,1,317742,795226,643826,
104882,2,server2,15,779.8,884703,821,0.472656,2,1,317752,795226,643826,
104885,2,server2,19,776.6,841359,821,0.472656,2,1,317755,795226,643826,
104881,2,server2,20,985687,779.8,821,0.472656,2,1,317751,795226,643826,
104885,2,server2,23,779.8,808.09,821,0.472656,2,1,317755,795226,643826,
104928,2,server2,24,1024.3,779.8,821,0.472656,2,1,317798,795226,643826,
104928,2,server2,27,776.6,800898,821,0.472656,2,1,317798,795226,643826,
104873,2,server2,28,1031.35,779.8,821,0.472656,2,1,317743,795226,643826,
104881,2,server2,29,853847,773.4,821,0.472656,2,1,317751,795226,643826,
104893,2,server2,0,1074.82,779.8,822,0.404572,1,2,372767,1068.05,642433,
102655,2,server2,1,772.17,770.2,822,0.554129,2,1,284304,765.37,819768,
103.24,2,server2,1,772.17,770.2,822,2.16558,2,1,313476,658709,1008.47,
102654,2,server2,2,770.2,763599,822,0.554129,2,1,284303,765.37,819768,
103244,2,server2,2,770.2,763599,822,2.16558,2,1,313.48,658709,1008.47,
103246,2,server2,3,779.8,877353,822,2.16558,2,1,313482,658709,1008.47,
104882,2,server2,4,1201.86,779.8,822,0.404572,1,2,372756,1068.05,642433,
102678,2,server2,5,816035,770.2,822,0.554129,2,1,284327,765.37,819768,
103243,2,server2,5,816035,770.2,822,2.16558,2,1,313479,658709,1008.47,
105033,2,server2,5,816035,770.2,822,0.404572,1,2,372907,1068.05,642433,
102651,2,server2,6,773.4,780896,822,0.554129,2,1,284.3,765.37,819768,
102683,2,server2,9,853.51,770.2,822,0.554129,2,1,284332,765.37,819768,
104923,2,server2,9,853.51,770.2,822,0.404572,1,2,372797,1068.05,642433,
102675,2,server2,11,779.8,837.85,822,0.554129,2,1,284324,765.37,819768,
103255,2,server2,11,779.8,828679,822,2.16558,2,1,313491,658709,1008.47,
104877,2,server2,12,1109.71,779.8,822,0.404572,1,2,372751,1068.05,642433,
102657,2,server2,13,1050.14,770.2,822,0.554129,2,1,284306,765.37,819768,
104892,2,server2,13,1050.14,770.2,822,0.404572,1,2,372766,1068.05,642433,
102667,2,server2,15,779.8,884703,822,0.554129,2,1,284316,765.37,819768,
103252,2,server2,15,779.8,884703,822,2.16558,2,1,313488,658709,1008.47,
104879,2,server2,16,1105.29,776.6,822,0.404572,1,2,372753,1068.05,642433,
102665,2,server2,19,776.6,841359,822,0.554129,2,1,284314,765.37,819768,
103245,2,server2,19,776.6,841359,822,2.16558,2,1,313481,658709,1008.47,
102653,2,server2,20,984426,779.8,822,0.554129,2,1,284302,765.37,819768,
104881,2,server2,20,985687,779.8,822,0.404572,1,2,372755,1068.05,642433,
102.65,2,server2,23,779.8,808.09,822,0.554129,2,1,284299,765.37,819768,
103275,2,server2,23,779.8,808.09,822,2.16558,2,1,313511,658709,1008.47,
102653,2,server2,24,1024.3,779.8,822,0.554129,2,1,284302,765.37,819768,
104928,2,server2,24,1024.3,779.8,822,0.404572,1,2,372802,1068.05,642433,
102673,2,server2,27,776.6,800898,822,0.554129,2,1,284322,765.37,819768,
103258,2,server2,27,776.6,800898,822,2.16558,2,1,313494,658709,1008.47,
102671,2,server2,28,1025.1,779.8,822,0.554129,2,1,284.32,765.37,819768,
104888,2,server2,28,1031.35,779.8,822,0.404572,1,2,372762,1068.05,642433,
102.66,2,server2,29,862.93,773.4,822,0.554129,2,1,284309,765.37,819768,
104881,2,server2,29,853847,773.4,822,0.404572,1,2,372755,1068.05,642433,
103083,2,server2,0,1074.82,779.8,823,0.978559,2,2,353764,891002,678.74,
102.69,2,server2,1,772.17,770.2,823,0.978559,2,2,353371,891002,678.74,
103365,2,server2,1,772.17,770.2,823,0.714328,2,1,321723,611814,938386,
103385,2,server2,1,772.17,770.2,823,0.911865,2,1,321758,681183,638242,
102684,2,server2,2,770.2,763599,823,0.978559,2,2,353365,891002,678.74,
103389,2,server2,2,770.2,763599,823,0.714328,2,1,321747,611814,938386,
103389,2,server2,2,770.2,763599,823,0.911865,2,1,321762,681183,638242,
102683,2,server2,3,779.8,878557,823,0.978559,2,2,353364,891002,678.74,
103361,2,server2,3,779.8,877353,823,0.714328,2,1,321719,611814,938386,
103376,2,server2,3,779.8,877353,823,0.911865,2,1,321749,681183,638242,
102728,2,server2,5,816035,770.2,823,0.978559,2,2,353409,891002,678.74,
103398,2,server2,5,816035,770.2,823,0.714328,2,1,321756,611814,938386,
103398,2,server2,5,816035,770.2,823,0.911865,2,1,321771,681183,638242,
102683,2,server2,8,1153.74,779.8,823,0.978559,2,2,353364,891002,678.74,
102683,2,server2,9,853.51,770.2,823,0.978559,2,2,353364,891002,678.74,
103383,2,server2,9,853.51,770.2,823,0.714328,2,1,321741,611814,938386,
103383,2,server2,9,853.51,770.2,823,0.911865,2,1,321756,681183,638242,
102725,2,server2,11,779.8,837.85,823,0.978559,2,2,353406,891002,678.74,
103.37,2,server2,11,779.8,828679,823,0.714328,2,1,321728,611814,938386,
103385,2,server2,11,779.8,828679,823,0.911865,2,1,321758,681183,638242,
102755,2,server2,12,1109.71,779.8,823,0.978559,2,2,353436,891002,678.74,
102687,2,server2,13,1050.14,770.2,823,0.978559,2,2,353368,891002,678.74,
102682,2,server2,15,779.8,884703,823,0.978559,2,2,353363,891002,678.74,
103392,2,server2,15,779.8,884703,823,0.714328,2,1,321.75,611814,938386,
103392,2,server2,15,779.8,884703,823,0.911865,2,1,321765,681183,638242,
104932,2,server2,15,779.8,884703,823,0.410547,2,2,383845,658519,1153.44,
102695,2,server2,16,1103.79,776.6,823,0.978559,2,2,353376,891002,678.74,
102.72,2,server2,19,776.6,841359,823,0.978559,2,2,353401,891002,678.74,
103.36,2,server2,19,776.6,841359,823,0.714328,2,1,321718,611814,938386,
103375,2,server2,19,776.6,841359,823,0.911865,2,1,321748,681183,638242,
102683,2,server2,20,984426,779.8,823,0.978559,2,2,353364,891002,678.74,
102.72,2,server2,23,779.8,808.09,823,0.978559,2,2,353401,891002,678.74,
103365,2,server2,23,779.8,808.09,823,0.714328,2,1,321723,611814,938386,
103385,2,server2,23,779.8,808.09,823,0.911865,2,1,321758,681183,638242,
102683,2,server2,24,1024.3,779.8,823,0.978559,2,2,353364,891002,678.74,
102713,2,server2,27,776.6,800898,823,0.978559,2,2,353394,891002,678.74,
103368,2,server2,27,776.6,800898,823,0.714328,2,1,321726,611814,938386,
103388,2,server2,27,776.6,800898,823,0.911865,2,1,321761,681183,638242,
102746,2,server2,28,1025.1,779.8,823,0.978559,2,2,353427,891002,678.74,
102.69,2,server2,29,862.93,773.4,823,0.978559,2,2,353371,891002,678.74,
103.38,2,server2,29,862.93,773.4,823,0.911865,2,1,321753,681183,638242,
103454,2,server2,29,861419,773.4,823,0.714328,2,1,321812,611814,938386,
103498,2,server2,0,1074.82,779.8,824,0.555119,2,1,294994,1078.71,634673,
105133,2,server2,0,1074.82,779.8,824,0.535374,1,1,340237,971.78,879457,
103.22,2,server2,1,772.17,770.2,824,1.3175,2,2,385296,855597,561567,
103.24,2,server2,1,772.17,770.2,824,0.847664,2,1,336473,715218,963634,
105.12,2,server2,1,769583,770.2,824,0.535374,1,1,340224,971.78,879457,
103079,2,server2,2,770.2,763599,824,1.3175,2,2,385155,855597,561567,
103244,2,server2,2,770.2,763599,824,0.847664,2,1,336477,715218,963634,
105108,2,server2,2,770.2,763599,824,0.535374,1,1,340212,971.78,879457,
103246,2,server2,3,779.8,877353,824,0.847664,2,1,336479,715218,963634,
105111,2,server2,3,779.8,877353,824,0.535374,1,1,340215,971.78,879457,
106291,2,server2,3,779.8,850771,824,1.3175,2,2,388367,855597,561567,
103967,2,server2,4,1201.86,779.8,824,0.555119,2,1,295463,1078.71,634673,
103243,2,server2,5,816035,770.2,824,0.847664,2,1,336476,715218,963634,
103243,2,server2,5,816035,770.2,824,1.3175,2,2,385319,855597,561567,
103498,2,server2,5,816035,770.2,824,0.555119,2,1,294994,1078.71,634673,
105138,2,server2,5,816035,770.2,824,0.535374,1,1,340242,971.78,879457,
105145,2,server2,6,773.4,903849,824,0.535374,1,1,340249,971.78,879457,
103098,2,server2,9,853.51,770.2,824,1.3175,2,2,385174,855597,561567,
103243,2,server2,9,853.51,770.2,824,0.847664,2,1,336476,715218,963634,
103528,2,server2,9,853.51,770.2,824,0.555119,2,1,295024,1078.71,634673,
105108,2,server2,9,853.51,770.2,824,0.535374,1,1,340212,971.78,879457,
103077,2,server2,11,779.8,828679,824,1.3175,2,2,385153,855597,561567,
103255,2,server2,11,779.8,828679,824,0.847664,2,1,336488,715218,963634,
105165,2,server2,11,779.8,828679,824,0.535374,1,1,340269,971.78,879457,
103497,2,server2,12,1109.71,779.8,824,0.555119,2,1,294993,1078.71,634673,
105112,2,server2,12,1109.71,779.8,824,0.535374,1,1,340216,971.78,879457,
103097,2,server2,13,1050.14,770.2,824,1.3175,2,2,385173,855597,561567,
103542,2,server2,13,1050.14,770.2,824,0.555119,2,1,295038,1078.71,634673,
105107,2,server2,13,1050.14,770.2,824,0.535374,1,1,340211,971.78,879457,
103252,2,server2,15,779.8,884703,824,0.847664,2,1,336485,715218,963634,
105112,2,server2,15,779.8,884703,824,0.535374,1,1,340216,971.78,879457,
103.52,2,server2,16,1103.79,776.6,824,0.555119,2,1,295016,1078.71,634673,
105119,2,server2,16,1105.29,776.6,824,0.535374,1,1,340223,971.78,879457,
103105,2,server2,19,776.6,841359,824,1.3175,2,2,385181,855597,561567,
103245,2,server2,19,776.6,841359,824,0.847664,2,1,336478,715218,963634,
105.11,2,server2,19,776.6,841359,824,0.535374,1,1,340214,971.78,879457,
103.08,2,server2,20,985687,779.8,824,1.3175,2,2,385156,855597,561567,
103501,2,server2,20,985687,779.8,824,0.555119,2,1,294997,1078.71,634673,
105106,2,server2,20,985687,779.8,824,0.535374,1,1,340.21,971.78,879457,
103545,2,server2,21,1346.16,770.2,824,0.555119,2,1,295041,1078.71,634673,
103.12,2,server2,23,779.8,808.09,824,1.3175,2,2,385196,855597,561567,
103275,2,server2,23,779.8,808.09,824,0.847664,2,1,336508,715218,963634,
105.12,2,server2,23,779.8,808.09,824,0.535374,1,1,340224,971.78,879457,
103143,2,server2,24,1024.3,779.8,824,1.3175,2,2,385219,855597,561567,
103573,2,server2,24,1024.3,779.8,824,0.555119,2,1,295069,1078.71,634673,
105113,2,server2,24,1024.3,779.8,824,0.535374,1,1,340217,971.78,879457,
103128,2,server2,27,776.6,800898,824,1.3175,2,2,385204,855597,561567,
103258,2,server2,27,776.6,800898,824,0.847664,2,1,336491,715218,963634,
105128,2,server2,27,776.6,800898,824,0.535374,1,1,340232,971.78,879457,
103081,2,server2,28,1025.1,779.8,824,1.3175,2,2,385157,855597,561567,
103501,2,server2,28,1025.1,779.8,824,0.555119,2,1,294997,1078.71,634673,
105138,2,server2,28,1031.35,779.8,824,0.535374,1,1,340242,971.78,879457,
103.09,2,server2,29,862.93,773.4,824,1.3175,2,2,385166,855597,561567,
103235,2,server2,29,862.93,773.4,824,0.847664,2,1,336468,715218,963634,
105831,2,server2,29,853847,773.4,824,0.535374,1,1,340935,971.78,879457,
103608,2,server2,0,1074.82,779.8,825,0.421442,2,2,371195,1162.7,921735,
105378,2,server2,0,1074.82,779.8,825,0.587769,2,1,329703,1233.85,544604,
105378,2,server2,0,1074.82,779.8,825,1.02528,2,2,340701,930581,619567,
105.33,2,server2,1,769583,770.2,825,1.02528,2,2,340653,930581,619567,
105334,2,server2,2,770.2,763599,825,1.02528,2,2,340657,930581,619567,
105346,2,server2,3,779.8,877353,825,1.02528,2,2,340669,930581,619567,
103967,2,server2,4,1201.86,779.8,825,0.421442,2,2,371554,1162.7,921735,
105334,2,server2,4,1205.49,779.8,825,0.587769,2,1,329659,1233.85,544604,
105338,2,server2,5,816035,770.2,825,1.02528,2,2,340661,930581,619567,
105363,2,server2,9,853.51,770.2,825,1.02528,2,2,340686,930581,619567,
105.35,2,server2,11,779.8,828679,825,1.02528,2,2,340673,930581,619567,
103602,2,server2,12,1109.71,779.8,825,0.421442,2,2,371189,1162.7,921735,
105344,2,server2,12,1109.71,779.8,825,0.587769,2,1,329669,1233.85,544604,
105344,2,server2,12,1109.71,779.8,825,1.02528,2,2,340667,930581,619567,
103637,2,server2,13,1050.14,770.2,825,0.421442,2,2,371224,1162.7,921735,
105342,2,server2,13,1050.14,770.2,825,0.587769,2,1,329667,1233.85,544604,
105342,2,server2,13,1050.14,770.2,825,1.02528,2,2,340665,930581,619567,
103595,2,server2,16,1103.79,776.6,825,0.421442,2,2,371182,1162.7,921735,
105349,2,server2,16,1105.29,776.6,825,0.587769,2,1,329674,1233.85,544604,
105349,2,server2,16,1105.29,776.6,825,1.02528,2,2,340672,930581,619567,
105335,2,server2,19,776.6,841359,825,1.02528,2,2,340658,930581,619567,
103591,2,server2,20,985687,779.8,825,0.421442,2,2,371178,1162.7,921735,
105331,2,server2,20,985687,779.8,825,1.02528,2,2,340654,930581,619567,
103595,2,server2,21,1346.16,770.2,825,0.421442,2,2,371182,1162.7,921735,
105.41,2,server2,21,1346.16,770.2,825,0.587769,2,1,329735,1233.85,544604,
105345,2,server2,23,779.8,808.09,825,1.02528,2,2,340668,930581,619567,
103628,2,server2,24,1024.3,779.8,825,0.421442,2,2,371215,1162.7,921735,
105393,2,server2,27,776.6,800898,825,1.02528,2,2,340716,930581,619567,
105328,2,server2,28,1031.35,779.8,825,1.02528,2,2,340651,930581,619567,
105831,2,server2,29,853847,773.4,825,1.02528,2,2,341154,930581,619567,
103978,2,server2,0,1074.82,779.8,826,0.527888,2,1,320945,1085.6,552861,
105378,2,server2,0,1074.82,779.8,826,2.43497,2,1,326752,1217.74,885302,
103.59,2,server2,1,772.17,770.2,826,0.450833,2,2,371177,752913,565.04,
103629,2,server2,2,770.2,763599,826,0.450833,2,2,371216,752913,565.04,
106286,2,server2,3,779.8,862878,826,0.450833,2,2,373873,752913,565.04,
105384,2,server2,4,1205.49,779.8,826,2.43497,2,1,326758,1217.74,885302,
103843,2,server2,5,816035,770.2,826,0.450833,2,2,371.43,752913,565.04,
103597,2,server2,6,773.4,837001,826,0.450833,2,2,371184,752913,565.04,
103598,2,server2,9,853.51,770.2,826,0.450833,2,2,371185,752913,565.04,
103.59,2,server2,11,779.8,828679,826,0.450833,2,2,371177,752913,565.04,
104007,2,server2,12,1109.71,779.8,826,0.527888,2,1,320974,1085.6,552861,
105379,2,server2,12,1109.71,779.8,826,2.43497,2,1,326753,1217.74,885302,
104002,2,server2,13,1050.14,770.2,826,0.527888,2,1,320969,1085.6,552861,
105377,2,server2,13,1050.14,770.2,826,2.43497,2,1,326751,1217.74,885302,
103969,2,server2,16,1103.79,776.6,826,0.527888,2,1,320936,1085.6,552861,
105394,2,server2,16,1105.29,776.6,826,2.43497,2,1,326768,1217.74,885302,
103615,2,server2,19,776.6,841359,826,0.450833,2,2,371202,752913,565.04,
103981,2,server2,20,985687,779.8,826,0.527888,2,1,320948,1085.6,552861,
105376,2,server2,20,985687,779.8,826,2.43497,2,1,326.75,1217.74,885302,
105.41,2,server2,21,1346.16,770.2,826,2.43497,2,1,326784,1217.74,885302,
103.6,2,server2,23,779.8,808.09,826,0.450833,2,2,371187,752913,565.04,
103983,2,server2,24,1024.3,779.8,826,0.527888,2,1,320.95,1085.6,552861,
103598,2,server2,27,776.6,800898,826,0.450833,2,2,371185,752913,565.04,
103983,2,server2,28,1031.35,779.8,826,0.527888,2,1,320.95,1085.6,552861,
105388,2,server2,28,1031.35,779.8,826,2.43497,2,1,326762,1217.74,885302,
103591,2,server2,29,853847,773.4,826,0.450833,2,2,371178,752913,565.04,
103935,2,server2,1,772.17,770.2,827,0.590261,1,2,372823,689826,648499,
104375,2,server2,1,772.17,770.2,827,0.412807,2,2,387745,703185,585531,
105455,2,server2,1,769583,770.2,827,0.54101,1,1,303899,659471,760688,
103894,2,server2,2,770.2,763599,827,0.590261,1,2,372782,689826,648499,
104379,2,server2,2,770.2,763599,827,0.412807,2,2,387749,703185,585531,
105445,2,server2,2,770.2,763599,827,0.54101,1,1,303889,659471,760688,
103901,2,server2,3,779.8,877353,827,0.590261,1,2,372789,689826,648499,
105446,2,server2,3,779.8,877353,827,0.54101,1,1,303.89,659471,760688,
106.26,2,server2,3,779.8,874938,827,0.412807,2,2,389.63,703185,585531,
103918,2,server2,5,816035,770.2,827,0.590261,1,2,372806,689826,648499,
104418,2,server2,5,816035,770.2,827,0.412807,2,2,387788,703185,585531,
105493,2,server2,5,816035,770.2,827,0.54101,1,1,303937,659471,760688,
105.45,2,server2,6,773.4,903849,827,0.54101,1,1,303894,659471,760688,
103933,2,server2,9,853.51,770.2,827,0.590261,1,2,372821,689826,648499,
104378,2,server2,9,853.51,770.2,827,0.412807,2,2,387748,703185,585531,
105463,2,server2,9,853.51,770.2,827,0.54101,1,1,303907,659471,760688,
103.91,2,server2,11,779.8,828679,827,0.590261,1,2,372798,689826,648499,
104795,2,server2,11,779.8,828679,827,0.412807,2,2,388165,703185,585531,
105445,2,server2,11,779.8,828679,827,0.54101,1,1,303889,659471,760688,
103907,2,server2,15,779.8,884703,827,0.590261,1,2,372795,689826,648499,
105452,2,server2,15,779.8,884703,827,0.54101,1,1,303896,659471,760688,
103.9,2,server2,19,776.6,841359,827,0.590261,1,2,372788,689826,648499,
104385,2,server2,19,776.6,841359,827,0.412807,2,2,387755,703185,585531,
105.45,2,server2,19,776.6,841359,827,0.54101,1,1,303894,659471,760688,
103.9,2,server2,23,779.8,808.09,827,0.590261,1,2,372788,689826,648499,
104.37,2,server2,23,779.8,808.09,827,0.412807,2,2,387.74,703185,585531,
105445,2,server2,23,779.8,808.09,827,0.54101,1,1,303889,659471,760688,
103888,2,server2,27,776.6,800898,827,0.590261,1,2,372776,689826,648499,
104458,2,server2,27,776.6,800898,827,0.412807,2,2,387828,703185,585531,
105463,2,server2,27,776.6,800898,827,0.54101,1,1,303907,659471,760688,
103891,2,server2,29,853847,773.4,827,0.590261,1,2,372779,689826,648499,
104426,2,server2,29,853847,773.4,827,0.412807,2,2,387796,703185,585531,
105831,2,server2,29,853847,773.4,827,0.54101,1,1,304275,659471,760688,
105463,2,server2,0,1074.82,779.8,828,0.591176,2,1,313907,856156,843956,
105455,2,server2,1,769583,770.2,828,0.591176,2,1,313899,856156,843956,
105445,2,server2,2,770.2,763599,828,0.591176,2,1,313889,856156,843956,
105446,2,server2,3,779.8,877353,828,0.591176,2,1,313.89,856156,843956,
105493,2,server2,5,816035,770.2,828,0.591176,2,1,313937,856156,843956,
105.45,2,server2,6,773.4,903849,828,0.591176,2,1,313894,856156,843956,
105463,2,server2,9,853.51,770.2,828,0.591176,2,1,313907,856156,843956,
105445,2,server2,11,779.8,828679,828,0.591176,2,1,313889,856156,843956,
105444,2,server2,12,1109.71,779.8,828,0.591176,2,1,313888,856156,843956,
105447,2,server2,13,1050.14,770.2,828,0.591176,2,1,313891,856156,843956,
105452,2,server2,15,779.8,884703,828,0.591176,2,1,313896,856156,843956,
105459,2,server2,16,1105.29,776.6,828,0.591176,2,1,313903,856156,843956,
105.45,2,server2,19,776.6,841359,828,0.591176,2,1,313894,856156,843956,
105451,2,server2,20,985687,779.8,828,0.591176,2,1,313895,856156,843956,
105445,2,server2,23,779.8,808.09,828,0.591176,2,1,313889,856156,843956,
105463,2,server2,27,776.6,800898,828,0.591176,2,1,313907,856156,843956,
105448,2,server2,28,1031.35,779.8,828,0.591176,2,1,313892,856156,843956,
105831,2,server2,29,853847,773.4,828,0.591176,2,1,314275,856156,843956,
105463,2,server2,0,1074.82,779.8,829,0.600184,1,1,311907,1255.5,702.52,
105444,2,server2,12,1109.71,779.8,829,0.600184,1,1,311888,1255.5,702.52,
105447,2,server2,13,1050.14,770.2,829,0.600184,1,1,311891,1255.5,702.52,
105459,2,server2,16,1105.29,776.6,829,0.600184,1,1,311903,1255.5,702.52,
105451,2,server2,20,985687,779.8,829,0.600184,1,1,311895,1255.5,702.52,
105505,2,server2,21,1346.16,770.2,829,0.600184,1,1,311949,1255.5,702.52,
105448,2,server2,28,1031.35,779.8,829,0.600184,1,1,311892,1255.5,702.52,
105463,2,server2,0,1074.82,779.8,830,0.623302,1,1,313907,856307,928465,
105455,2,server2,1,769583,770.2,830,0.623302,1,1,313899,856307,928465,
105445,2,server2,2,770.2,763599,830,0.623302,1,1,313889,856307,928465,
105446,2,server2,3,779.8,877353,830,0.623302,1,1,313.89,856307,928465,
105493,2,server2,5,816035,770.2,830,0.623302,1,1,313937,856307,928465,
105.45,2,server2,6,773.4,903849,830,0.623302,1,1,313894,856307,928465,
105463,2,server2,9,853.51,770.2,830,0.623302,1,1,313907,856307,928465,
105445,2,server2,11,779.8,828679,830,0.623302,1,1,313889,856307,928465,
105444,2,server2,12,1109.71,779.8,830,0.623302,1,1,313888,856307,928465,
105447,2,server2,13,1050.14,770.2,830,0.623302,1,1,313891,856307,928465,
105452,2,server2,15,779.8,884703,830,0.623302,1,1,313896,856307,928465,
105459,2,server2,16,1105.29,776.6,830,0.623302,1,1,313903,856307,928465,
105.45,2,server2,19,776.6,841359,830,0.623302,1,1,313894,856307,928465,
105451,2,server2,20,985687,779.8,830,0.623302,1,1,313895,856307,928465,
105445,2,server2,23,779.8,808.09,830,0.623302,1,1,313889,856307,928465,
105463,2,server2,27,776.6,800898,830,0.623302,1,1,313907,856307,928465,
105448,2,server2,28,1031.35,779.8,830,0.623302,1,1,313892,856307,928465,
105831,2,server2,29,853847,773.4,830,0.623302,1,1,314275,856307,928465,
105463,2,server2,0,1074.82,779.8,831,0.712605,2,1,303917,941395,541685,
105455,2,server2,1,769583,770.2,831,0.712605,2,1,303909,941395,541685,
105.46,2,server2,2,770.2,763599,831,0.712605,2,1,303914,941395,541685,
105493,2,server2,5,816035,770.2,831,0.712605,2,1,303947,941395,541685,
105463,2,server2,9,853.51,770.2,831,0.712605,2,1,303917,941395,541685,
105459,2,server2,12,1109.71,779.8,831,0.712605,2,1,303913,941395,541685,
105487,2,server2,13,1050.14,770.2,831,0.712605,2,1,303941,941395,541685,
105459,2,server2,16,1105.29,776.6,831,0.712605,2,1,303913,941395,541685,
105466,2,server2,20,985687,779.8,831,0.712605,2,1,303.92,941395,541685,
105463,2,server2,28,1031.35,779.8,831,0.712605,2,1,303917,941395,541685,
105831,2,server2,29,853847,773.4,831,0.712605,2,1,304285,941395,541685,
105505,2,server2,21,1346.16,770.2,832,0.736113,2,1,340964,1375.5,1061.36,
105473,2,server2,0,1074.82,779.8,833,0.782923,2,1,343942,915896,682769,
105.48,2,server2,1,769583,770.2,833,0.782923,2,1,343949,915896,682769,
105.47,2,server2,2,770.2,763599,833,0.782923,2,1,343939,915896,682769,
105481,2,server2,3,779.8,877353,833,0.782923,2,1,343.95,915896,682769,
105493,2,server2,5,816035,770.2,833,0.782923,2,1,343962,915896,682769,
105.47,2,server2,6,773.4,903849,833,0.782923,2,1,343939,915896,682769,
105518,2,server2,9,853.51,770.2,833,0.782923,2,1,343987,915896,682769,
105495,2,server2,11,779.8,828679,833,0.782923,2,1,343964,915896,682769,
105474,2,server2,12,1109.71,779.8,833,0.782923,2,1,343943,915896,682769,
105487,2,server2,13,1050.14,770.2,833,0.782923,2,1,343956,915896,682769,
105482,2,server2,15,779.8,884703,833,0.782923,2,1,343951,915896,682769,
105494,2,server2,16,1105.29,776.6,833,0.782923,2,1,343963,915896,682769,
105505,2,server2,19,776.6,841359,833,0.782923,2,1,343974,915896,682769,
105481,2,server2,20,985687,779.8,833,0.782923,2,1,343.95,915896,682769,
105475,2,server2,23,779.8,808.09,833,0.782923,2,1,343944,915896,682769,
105553,2,server2,27,776.6,800898,833,0.782923,2,1,344022,915896,682769,
105473,2,server2,28,1031.35,779.8,833,0.782923,2,1,343942,915896,682769,
105831,2,server2,29,853847,773.4,833,0.782923,2,1,344.3,915896,682769,
105518,2,server2,0,1074.82,779.8,834,0.971615,2,1,333997,1020.17,906157,
105.48,2,server2,1,769583,770.2,834,0.971615,2,1,333959,1020.17,906157,
105.48,2,server2,2,770.2,763599,834,0.971615,2,1,333959,1020.17,906157,
105481,2,server2,3,779.8,877353,834,0.971615,2,1,333.96,1020.17,906157,
105493,2,server2,5,816035,770.2,834,0.971615,2,1,333972,1020.17,906157,
105.48,2,server2,6,773.4,903849,834,0.971615,2,1,333959,1020.17,906157,
105518,2,server2,9,853.51,770.2,834,0.971615,2,1,333997,1020.17,906157,
105495,2,server2,11,779.8,828679,834,0.971615,2,1,333974,1020.17,906157,
105494,2,server2,12,1109.71,779.8,834,0.971615,2,1,333973,1020.17,906157,
105487,2,server2,13,1050.14,770.2,834,0.971615,2,1,333966,1020.17,906157,
105482,2,server2,15,779.8,884703,834,0.971615,2,1,333961,1020.17,906157,
105494,2,server2,16,1105.29,776.6,834,0.971615,2,1,333973,1020.17,906157,
105505,2,server2,19,776.6,841359,834,0.971615,2,1,333984,1020.17,906157,
105481,2,server2,20,985687,779.8,834,0.971615,2,1,333.96,1020.17,906157,
105.49,2,server2,23,779.8,808.09,834,0.971615,2,1,333969,1020.17,906157,
105553,2,server2,27,776.6,800898,834,0.971615,2,1,334032,1020.17,906157,
105488,2,server2,28,1031.35,779.8,834,0.971615,2,1,333967,1020.17,906157,
105831,2,server2,29,853847,773.4,834,0.971615,2,1,334.31,1020.17,906157,
105518,2,server2,0,1074.82,779.8,835,1.00319,2,1,334002,967653,590575,
105.5,2,server2,1,769583,770.2,835,1.00319,2,1,333984,967653,590575,
105485,2,server2,2,770.2,763599,835,1.00319,2,1,333969,967653,590575,
105493,2,server2,5,816035,770.2,835,1.00319,2,1,333977,967653,590575,
105518,2,server2,9,853.51,770.2,835,1.00319,2,1,334002,967653,590575,
105494,2,server2,12,1109.71,779.8,835,1.00319,2,1,333978,967653,590575,
105487,2,server2,13,1050.14,770.2,835,1.00319,2,1,333971,967653,590575,
105494,2,server2,16,1105.29,776.6,835,1.00319,2,1,333978,967653,590575,
105496,2,server2,20,985687,779.8,835,1.00319,2,1,333.98,967653,590575,
105.49,2,server2,23,779.8,808.09,835,1.00319,2,1,333974,967653,590575,
105553,2,server2,27,776.6,800898,835,1.00319,2,1,334037,967653,590575,
105488,2,server2,28,1031.35,779.8,835,1.00319,2,1,333972,967653,590575,
105831,2,server2,29,853847,773.4,835,1.00319,2,1,334315,967653,590575,
105518,2,server2,0,1074.82,779.8,836,1.50699,2,1,344012,899313,580315,
105.5,2,server2,1,769583,770.2,836,1.50699,2,1,343994,899313,580315,
105495,2,server2,2,770.2,763599,836,1.50699,2,1,343989,899313,580315,
106289,2,server2,3,779.8,854401,836,1.50699,2,1,344783,899313,580315,
105543,2,server2,5,816035,770.2,836,1.50699,2,1,344037,899313,580315,
105518,2,server2,9,853.51,770.2,836,1.50699,2,1,344012,899313,580315,
105495,2,server2,11,779.8,828679,836,1.50699,2,1,343989,899313,580315,
105494,2,server2,12,1109.71,779.8,836,1.50699,2,1,343988,899313,580315,
105527,2,server2,13,1050.14,770.2,836,1.50699,2,1,344021,899313,580315,
105494,2,server2,16,1105.29,776.6,836,1.50699,2,1,343988,899313,580315,
105505,2,server2,19,776.6,841359,836,1.50699,2,1,343999,899313,580315,
105496,2,server2,20,985687,779.8,836,1.50699,2,1,343.99,899313,580315,
105545,2,server2,23,779.8,808.09,836,1.50699,2,1,344039,899313,580315,
105553,2,server2,27,776.6,800898,836,1.50699,2,1,344047,899313,580315,
105503,2,server2,28,1031.35,779.8,836,1.50699,2,1,343997,899313,580315,
105831,2,server2,29,853847,773.4,836,1.50699,2,1,344325,899313,580315,
105509,2,server2,12,1109.71,779.8,837,1.91085,2,1,324013,1273.2,1013.82,
105534,2,server2,16,1105.29,776.6,837,1.91085,2,1,324038,1273.2,1013.82,
105505,2,server2,21,1346.16,770.2,837,1.91085,2,1,324009,1273.2,1013.82,
105518,2,server2,0,1074.82,779.8,838,2.53044,2,1,312027,1035.73,1007.03,
105511,2,server2,3,779.8,877353,838,2.53044,2,1,312.02,1035.73,1007.03,
105515,2,server2,6,773.4,903849,838,2.53044,2,1,312024,1035.73,1007.03,
105518,2,server2,9,853.51,770.2,838,2.53044,2,1,312027,1035.73,1007.03,
105509,2,server2,12,1109.71,779.8,838,2.53044,2,1,312018,1035.73,1007.03,
105527,2,server2,13,1050.14,770.2,838,2.53044,2,1,312036,1035.73,1007.03,
105552,2,server2,15,779.8,884703,838,2.53044,2,1,312061,1035.73,1007.03,
105534,2,server2,16,1105.29,776.6,838,2.53044,2,1,312043,1035.73,1007.03,
105511,2,server2,20,985687,779.8,838,2.53044,2,1,312.02,1035.73,1007.03,
105513,2,server2,28,1031.35,779.8,838,2.53044,2,1,312022,1035.73,1007.03,
105831,2,server2,29,853847,773.4,838,2.53044,2,1,312.34,1035.73,1007.03,
105.56,2,server2,1,769583,770.2,839,0.407444,2,2,345079,828601,1018.51,
105.52,2,server2,2,770.2,763599,839,0.407444,2,2,345039,828601,1018.51,
105521,2,server2,3,779.8,877353,839,0.407444,2,2,345.04,828601,1018.51,
105543,2,server2,5,816035,770.2,839,0.407444,2,2,345062,828601,1018.51,
105.52,2,server2,6,773.4,903849,839,0.407444,2,2,345039,828601,1018.51,
105568,2,server2,9,853.51,770.2,839,0.407444,2,2,345087,828601,1018.51,
105.55,2,server2,11,779.8,828679,839,0.407444,2,2,345069,828601,1018.51,
105552,2,server2,15,779.8,884703,839,0.407444,2,2,345071,828601,1018.51,
105.58,2,server2,19,776.6,841359,839,0.407444,2,2,345099,828601,1018.51,
105521,2,server2,20,985687,779.8,839,0.407444,2,2,345.04,828601,1018.51,
105545,2,server2,23,779.8,808.09,839,0.407444,2,2,345064,828601,1018.51,
105553,2,server2,27,776.6,800898,839,0.407444,2,2,345072,828601,1018.51,
105831,2,server2,29,853847,773.4,839,0.407444,2,2,345.35,828601,1018.51,
105553,2,server2,0,1074.82,779.8,840,0.442872,2,2,349082,985076,824232,
105.56,2,server2,1,769583,770.2,840,0.442872,2,2,349089,985076,824232,
105535,2,server2,2,770.2,763599,840,0.442872,2,2,349064,985076,824232,
105531,2,server2,3,779.8,877353,840,0.442872,2,2,349.06,985076,824232,
105543,2,server2,5,816035,770.2,840,0.442872,2,2,349072,985076,824232,
105.53,2,server2,6,773.4,903849,840,0.442872,2,2,349059,985076,824232,
105568,2,server2,9,853.51,770.2,840,0.442872,2,2,349097,985076,824232,
105.55,2,server2,11,779.8,828679,840,0.442872,2,2,349079,985076,824232,
105529,2,server2,12,1109.71,779.8,840,0.442872,2,2,349058,985076,824232,
105577,2,server2,13,1050.14,770.2,840,0.442872,2,2,349106,985076,824232,
105552,2,server2,15,779.8,884703,840,0.442872,2,2,349081,985076,824232,
105534,2,server2,16,1105.29,776.6,840,0.442872,2,2,349063,985076,824232,
105.58,2,server2,19,776.6,841359,840,0.442872,2,2,349109,985076,824232,
105536,2,server2,20,985687,779.8,840,0.442872,2,2,349065,985076,824232,
105545,2,server2,23,779.8,808.09,840,0.442872,2,2,349074,985076,824232,
105553,2,server2,27,776.6,800898,840,0.442872,2,2,349082,985076,824232,
105533,2,server2,28,1031.35,779.8,840,0.442872,2,2,349062,985076,824232,
105831,2,server2,29,853847,773.4,840,0.442872,2,2,349.36,985076,824232,
105553,2,server2,0,1074.82,779.8,841,0.47244,2,2,367087,990668,1055.17,
105546,2,server2,3,779.8,877353,841,0.47244,2,2,367.08,990668,1055.17,
105535,2,server2,6,773.4,903849,841,0.47244,2,2,367069,990668,1055.17,
105577,2,server2,13,1050.14,770.2,841,0.47244,2,2,367111,990668,1055.17,
105552,2,server2,15,779.8,884703,841,0.47244,2,2,367086,990668,1055.17,
105536,2,server2,20,985687,779.8,841,0.47244,2,2,367.07,990668,1055.17,
105543,2,server2,28,1031.35,779.8,841,0.47244,2,2,367077,990668,1055.17,
106153,2,server2,2,770.2,774905,842,0.502983,2,2,338697,846691,1064.64,
105546,2,server2,3,779.8,877353,842,0.502983,2,2,338.09,846691,1064.64,
105598,2,server2,5,816035,770.2,842,0.502983,2,2,338142,846691,1064.64,
105.55,2,server2,6,773.4,903849,842,0.502983,2,2,338094,846691,1064.64,
105568,2,server2,9,853.51,770.2,842,0.502983,2,2,338112,846691,1064.64,
105.55,2,server2,11,779.8,828679,842,0.502983,2,2,338094,846691,1064.64,
105552,2,server2,15,779.8,884703,842,0.502983,2,2,338096,846691,1064.64,
105.58,2,server2,19,776.6,841359,842,0.502983,2,2,338124,846691,1064.64,
105545,2,server2,23,779.8,808.09,842,0.502983,2,2,338089,846691,1064.64,
105553,2,server2,27,776.6,800898,842,0.502983,2,2,338097,846691,1064.64,
105831,2,server2,29,853847,773.4,842,0.502983,2,2,338375,846691,1064.64,
105553,2,server2,0,1074.82,779.8,843,0.552855,1,2,356102,1223.71,687159,
105549,2,server2,12,1109.71,779.8,843,0.552855,1,2,356098,1223.71,687159,
105577,2,server2,13,1050.14,770.2,843,0.552855,1,2,356126,1223.71,687159,
105569,2,server2,16,1105.29,776.6,843,0.552855,1,2,356118,1223.71,687159,
105551,2,server2,20,985687,779.8,843,0.552855,1,2,356.1,1223.71,687159,
105605,2,server2,21,1346.16,770.2,843,0.552855,1,2,356154,1223.71,687159,
105553,2,server2,28,1031.35,779.8,843,0.552855,1,2,356102,1223.71,687159,
105583,2,server2,0,1074.82,779.8,844,0.569401,2,2,356142,979076,531503,
105598,2,server2,5,816035,770.2,844,0.569401,2,2,356157,979076,531503,
105568,2,server2,9,853.51,770.2,844,0.569401,2,2,356127,979076,531503,
105564,2,server2,12,1109.71,779.8,844,0.569401,2,2,356123,979076,531503,
105577,2,server2,13,1050.14,770.2,844,0.569401,2,2,356136,979076,531503,
105569,2,server2,16,1105.29,776.6,844,0.569401,2,2,356128,979076,531503,
105566,2,server2,20,985687,779.8,844,0.569401,2,2,356125,979076,531503,
105563,2,server2,28,1031.35,779.8,844,0.569401,2,2,356122,979076,531503,
105831,2,server2,29,853847,773.4,844,0.569401,2,2,356.39,979076,531503,
105583,2,server2,0,1074.82,779.8,845,0.575288,2,2,345152,1091.19,919065,
105618,2,server2,9,853.51,770.2,845,0.575288,2,2,345187,1091.19,919065,
105574,2,server2,12,1109.71,779.8,845,0.575288,2,2,345143,1091.19,919065,
105577,2,server2,13,1050.14,770.2,845,0.575288,2,2,345146,1091.19,919065,
105569,2,server2,16,1105.29,776.6,845,0.575288,2,2,345138,1091.19,919065,
105581,2,server2,20,985687,779.8,845,0.575288,2,2,345.15,1091.19,919065,
105605,2,server2,21,1346.16,770.2,845,0.575288,2,2,345174,1091.19,919065,
105573,2,server2,28,1031.35,779.8,845,0.575288,2,2,345142,1091.19,919065,
105831,2,server2,29,853847,773.4,845,0.575288,2,2,345.4,1091.19,919065,
105655,2,server2,1,769583,770.2,846,0.664354,2,2,364229,727766,727.54,
105.58,2,server2,2,770.2,763599,846,0.664354,2,2,364154,727766,727.54,
105576,2,server2,3,779.8,877353,846,0.664354,2,2,364.15,727766,727.54,
105598,2,server2,5,816035,770.2,846,0.664354,2,2,364172,727766,727.54,
105.58,2,server2,6,773.4,903849,846,0.664354,2,2,364154,727766,727.54,
105618,2,server2,9,853.51,770.2,846,0.664354,2,2,364192,727766,727.54,
105.6,2,server2,11,779.8,828679,846,0.664354,2,2,364174,727766,727.54,
105577,2,server2,15,779.8,884703,846,0.664354,2,2,364151,727766,727.54,
105.58,2,server2,19,776.6,841359,846,0.664354,2,2,364154,727766,727.54,
105581,2,server2,20,985687,779.8,846,0.664354,2,2,364155,727766,727.54,
105585,2,server2,23,779.8,808.09,846,0.664354,2,2,364159,727766,727.54,
105658,2,server2,27,776.6,800898,846,0.664354,2,2,364232,727766,727.54,
105831,2,server2,29,853847,773.4,846,0.664354,2,2,364405,727766,727.54,
105653,2,server2,0,1074.82,779.8,847,0.686974,2,2,354237,1276.81,729.57,
105584,2,server2,12,1109.71,779.8,847,0.686974,2,2,354168,1276.81,729.57,
105627,2,server2,13,1050.14,770.2,847,0.686974,2,2,354211,1276.81,729.57,
105604,2,server2,16,1105.29,776.6,847,0.686974,2,2,354188,1276.81,729.57,
105596,2,server2,20,985687,779.8,847,0.686974,2,2,354.18,1276.81,729.57,
105605,2,server2,21,1346.16,770.2,847,0.686974,2,2,354189,1276.81,729.57,
105598,2,server2,28,1031.35,779.8,847,0.686974,2,2,354182,1276.81,729.57,
105653,2,server2,0,1074.82,779.8,848,0.703408,2,2,389247,1156.3,551086,
105594,2,server2,12,1109.71,779.8,848,0.703408,2,2,389188,1156.3,551086,
105627,2,server2,13,1050.14,770.2,848,0.703408,2,2,389221,1156.3,551086,
105604,2,server2,16,1105.29,776.6,848,0.703408,2,2,389198,1156.3,551086,
105596,2,server2,20,985687,779.8,848,0.703408,2,2,389.19,1156.3,551086,
105605,2,server2,21,1346.16,770.2,848,0.703408,2,2,389199,1156.3,551086,
105598,2,server2,28,1031.35,779.8,848,0.703408,2,2,389192,1156.3,551086,
105605,2,server2,21,1346.16,770.2,849,0.736652,2,2,390204,1324.57,1034.78,
105653,2,server2,0,1074.82,779.8,850,0.793461,2,2,354262,1146.95,604568,
105644,2,server2,12,1109.71,779.8,850,0.793461,2,2,354253,1146.95,604568,
105627,2,server2,13,1050.14,770.2,850,0.793461,2,2,354236,1146.95,604568,
105639,2,server2,16,1105.29,776.6,850,0.793461,2,2,354248,1146.95,604568,
105646,2,server2,20,985687,779.8,850,0.793461,2,2,354255,1146.95,604568,
105.71,2,server2,21,1346.16,770.2,850,0.793461,2,2,354319,1146.95,604568,
105618,2,server2,28,1031.35,779.8,850,0.793461,2,2,354227,1146.95,604568,
105653,2,server2,0,1074.82,779.8,851,0.811603,2,2,389267,866243,760441,
105655,2,server2,1,769583,770.2,851,0.811603,2,2,389269,866243,760441,
105615,2,server2,2,770.2,763599,851,0.811603,2,2,389229,866243,760441,
105621,2,server2,3,779.8,877353,851,0.811603,2,2,389235,866243,760441,
105983,2,server2,5,816035,770.2,851,0.811603,2,2,389597,866243,760441,
105646,2,server2,6,773.4,903849,851,0.811603,2,2,389.26,866243,760441,
105618,2,server2,9,853.51,770.2,851,0.811603,2,2,389232,866243,760441,
105.68,2,server2,11,779.8,828679,851,0.811603,2,2,389294,866243,760441,
105644,2,server2,12,1109.71,779.8,851,0.811603,2,2,389258,866243,760441,
105627,2,server2,13,1050.14,770.2,851,0.811603,2,2,389241,866243,760441,
105622,2,server2,15,779.8,884703,851,0.811603,2,2,389236,866243,760441,
105639,2,server2,16,1105.29,776.6,851,0.811603,2,2,389253,866243,760441,
105.65,2,server2,19,776.6,841359,851,0.811603,2,2,389264,866243,760441,
105646,2,server2,20,985687,779.8,851,0.811603,2,2,389.26,866243,760441,
105615,2,server2,23,779.8,808.09,851,0.811603,2,2,389229,866243,760441,
105658,2,server2,27,776.6,800898,851,0.811603,2,2,389272,866243,760441,
105618,2,server2,28,1031.35,779.8,851,0.811603,2,2,389232,866243,760441,
105831,2,server2,29,853847,773.4,851,0.811603,2,2,389445,866243,760441,
105655,2,server2,1,769583,770.2,852,0.849077,2,2,364279,640211,751152,
105625,2,server2,2,770.2,763599,852,0.849077,2,2,364249,640211,751152,
105631,2,server2,3,779.8,877353,852,0.849077,2,2,364255,640211,751152,
105983,2,server2,5,816035,770.2,852,0.849077,2,2,364607,640211,751152,
105646,2,server2,6,773.4,903849,852,0.849077,2,2,364.27,640211,751152,
105673,2,server2,9,853.51,770.2,852,0.849077,2,2,364297,640211,751152,
105.68,2,server2,11,779.8,828679,852,0.849077,2,2,364304,640211,751152,
105642,2,server2,15,779.8,884703,852,0.849077,2,2,364266,640211,751152,
105.65,2,server2,19,776.6,841359,852,0.849077,2,2,364274,640211,751152,
105.63,2,server2,23,779.8,808.09,852,0.849077,2,2,364254,640211,751152,
105658,2,server2,27,776.6,800898,852,0.849077,2,2,364282,640211,751152,
105831,2,server2,29,853847,773.4,852,0.849077,2,2,364455,640211,751152,
105653,2,server2,0,1074.82,779.8,854,0.852183,2,2,369287,936051,734.98,
105655,2,server2,1,769583,770.2,854,0.852183,2,2,369289,936051,734.98,
105635,2,server2,2,770.2,763599,854,0.852183,2,2,369269,936051,734.98,
105641,2,server2,3,779.8,877353,854,0.852183,2,2,369275,936051,734.98,
105983,2,server2,5,816035,770.2,854,0.852183,2,2,369617,936051,734.98,
105646,2,server2,6,773.4,903849,854,0.852183,2,2,369.28,936051,734.98,
105673,2,server2,9,853.51,770.2,854,0.852183,2,2,369307,936051,734.98,
105.68,2,server2,11,779.8,828679,854,0.852183,2,2,369314,936051,734.98,
105644,2,server2,12,1109.71,779.8,854,0.852183,2,2,369278,936051,734.98,
105682,2,server2,13,1050.14,770.2,854,0.852183,2,2,369316,936051,734.98,
105642,2,server2,15,779.8,884703,854,0.852183,2,2,369276,936051,734.98,
105639,2,server2,16,1105.29,776.6,854,0.852183,2,2,369273,936051,734.98,
105.65,2,server2,19,776.6,841359,854,0.852183,2,2,369284,936051,734.98,
105646,2,server2,20,985687,779.8,854,0.852183,2,2,369.28,936051,734.98,
105645,2,server2,23,779.8,808.09,854,0.852183,2,2,369279,936051,734.98,
105658,2,server2,27,776.6,800898,854,0.852183,2,2,369292,936051,734.98,
105638,2,server2,28,1031.35,779.8,854,0.852183,2,2,369272,936051,734.98,
105831,2,server2,29,853847,773.4,854,0.852183,2,2,369465,936051,734.98,
105653,2,server2,0,1074.82,779.8,855,0.649146,2,2,372288,939363,868553,
105655,2,server2,1,769583,770.2,855,0.649146,2,2,372.29,939363,868553,
105641,2,server2,3,779.8,877353,855,0.649146,2,2,372276,939363,868553,
105639,2,server2,4,1205.49,779.8,855,0.649146,2,2,372274,939363,868553,
105983,2,server2,5,816035,770.2,855,0.649146,2,2,372618,939363,868553,
105646,2,server2,6,773.4,903849,855,0.649146,2,2,372281,939363,868553,
105673,2,server2,9,853.51,770.2,855,0.649146,2,2,372308,939363,868553,
105.68,2,server2,11,779.8,828679,855,0.649146,2,2,372315,939363,868553,
105644,2,server2,12,1109.71,779.8,855,0.649146,2,2,372279,939363,868553,
105682,2,server2,13,1050.14,770.2,855,0.649146,2,2,372317,939363,868553,
105642,2,server2,15,779.8,884703,855,0.649146,2,2,372277,939363,868553,
105639,2,server2,16,1105.29,776.6,855,0.649146,2,2,372274,939363,868553,
105.65,2,server2,19,776.6,841359,855,0.649146,2,2,372285,939363,868553,
105646,2,server2,20,985687,779.8,855,0.649146,2,2,372281,939363,868553,
105645,2,server2,23,779.8,808.09,855,0.649146,2,2,372.28,939363,868553,
105658,2,server2,27,776.6,800898,855,0.649146,2,2,372293,939363,868553,
105638,2,server2,28,1031.35,779.8,855,0.649146,2,2,372273,939363,868553,
105831,2,server2,29,853847,773.4,855,0.649146,2,2,372466,939363,868553,
105653,2,server2,0,1074.82,779.8,856,0.864446,2,2,367292,1315.89,778.3,
105644,2,server2,12,1109.71,779.8,856,0.864446,2,2,367283,1315.89,778.3,
105682,2,server2,13,1050.14,770.2,856,0.864446,2,2,367321,1315.89,778.3,
105639,2,server2,16,1105.29,776.6,856,0.864446,2,2,367278,1315.89,778.3,
105.71,2,server2,21,1346.16,770.2,856,0.864446,2,2,367349,1315.89,778.3,
105648,2,server2,28,1031.35,779.8,856,0.864446,2,2,367287,1315.89,778.3,
105653,2,server2,0,1074.82,779.8,857,0.921043,2,2,375302,990277,1044.74,
105651,2,server2,3,779.8,877353,857,0.921043,2,2,375.3,990277,1044.74,
105656,2,server2,6,773.4,903849,857,0.921043,2,2,375305,990277,1044.74,
105654,2,server2,12,1109.71,779.8,857,0.921043,2,2,375303,990277,1044.74,
105682,2,server2,13,1050.14,770.2,857,0.921043,2,2,375331,990277,1044.74,
105657,2,server2,15,779.8,884703,857,0.921043,2,2,375306,990277,1044.74,
105674,2,server2,16,1105.29,776.6,857,0.921043,2,2,375323,990277,1044.74,
105.65,2,server2,19,776.6,841359,857,0.921043,2,2,375299,990277,1044.74,
105666,2,server2,20,985687,779.8,857,0.921043,2,2,375315,990277,1044.74,
105663,2,server2,28,1031.35,779.8,857,0.921043,2,2,375312,990277,1044.74,
105.73,2,server2,1,769583,770.2,858,0.937773,2,2,353389,607433,582977,
105.66,2,server2,2,770.2,763599,858,0.937773,2,2,353319,607433,582977,
105983,2,server2,5,816035,770.2,858,0.937773,2,2,353642,607433,582977,
105.66,2,server2,23,779.8,808.09,858,0.937773,2,2,353319,607433,582977,
105703,2,server2,27,776.6,800898,858,0.937773,2,2,353362,607433,582977,
105668,2,server2,0,1074.82,779.8,859,0.98761,2,2,380332,1187.84,605184,
105664,2,server2,12,1109.71,779.8,859,0.98761,2,2,380328,1187.84,605184,
105682,2,server2,13,1050.14,770.2,859,0.98761,2,2,380346,1187.84,605184,
105674,2,server2,16,1105.29,776.6,859,0.98761,2,2,380338,1187.84,605184,
105666,2,server2,20,985687,779.8,859,0.98761,2,2,380.33,1187.84,605184,
105.71,2,server2,21,1346.16,770.2,859,0.98761,2,2,380374,1187.84,605184,
105673,2,server2,28,1031.35,779.8,859,0.98761,2,2,380337,1187.84,605184,
105676,2,server2,3,779.8,877353,860,1.04199,2,2,360.35,721434,1075.49,
105676,2,server2,6,773.4,903849,860,1.04199,2,2,360.35,721434,1075.49,
105.68,2,server2,11,779.8,828679,860,1.04199,2,2,360354,721434,1075.49,
105692,2,server2,15,779.8,884703,860,1.04199,2,2,360366,721434,1075.49,
105745,2,server2,19,776.6,841359,860,1.04199,2,2,360419,721434,1075.49,
105675,2,server2,23,779.8,808.09,860,1.04199,2,2,360349,721434,1075.49,
105703,2,server2,27,776.6,800898,860,1.04199,2,2,360377,721434,1075.49,
105698,2,server2,0,1074.82,779.8,861,1.05013,1,2,380382,1244.93,567538,
105684,2,server2,12,1109.71,779.8,861,1.05013,1,2,380368,1244.93,567538,
105747,2,server2,13,1050.14,770.2,861,1.05013,1,2,380431,1244.93,567538,
105709,2,server2,16,1105.29,776.6,861,1.05013,1,2,380393,1244.93,567538,
105.71,2,server2,21,1346.16,770.2,861,1.05013,1,2,380394,1244.93,567538,
105698,2,server2,0,1074.82,779.8,862,1.11145,2,2,386387,1104.43,927717,
105723,2,server2,9,853.51,770.2,862,1.11145,2,2,386412,1104.43,927717,
105694,2,server2,12,1109.71,779.8,862,1.11145,2,2,386383,1104.43,927717,
105747,2,server2,13,1050.14,770.2,862,1.11145,2,2,386436,1104.43,927717,
105709,2,server2,16,1105.29,776.6,862,1.11145,2,2,386398,1104.43,927717,
105731,2,server2,20,985687,779.8,862,1.11145,2,2,386.42,1104.43,927717,
105.71,2,server2,21,1346.16,770.2,862,1.11145,2,2,386399,1104.43,927717,
105693,2,server2,28,1031.35,779.8,862,1.11145,2,2,386382,1104.43,927717,
105831,2,server2,29,853847,773.4,862,1.11145,2,2,386.52,1104.43,927717,
105.73,2,server2,1,769583,770.2,863,1.12389,2,2,368429,890476,542.56,
105.7,2,server2,2,770.2,763599,863,1.12389,2,2,368399,890476,542.56,
105983,2,server2,5,816035,770.2,863,1.12389,2,2,368682,890476,542.56,
105723,2,server2,9,853.51,770.2,863,1.12389,2,2,368422,890476,542.56,
105747,2,server2,13,1050.14,770.2,863,1.12389,2,2,368446,890476,542.56,
105731,2,server2,20,985687,779.8,863,1.12389,2,2,368.43,890476,542.56,
105705,2,server2,23,779.8,808.09,863,1.12389,2,2,368404,890476,542.56,
105703,2,server2,27,776.6,800898,863,1.12389,2,2,368402,890476,542.56,
105703,2,server2,28,1031.35,779.8,863,1.12389,2,2,368402,890476,542.56,
105831,2,server2,29,853847,773.4,863,1.12389,2,2,368.53,890476,542.56,
105773,2,server2,0,1074.82,779.8,864,1.1836,2,1,311507,949465,606158,
105785,2,server2,1,769583,770.2,864,1.1836,2,1,311519,949465,606158,
105745,2,server2,2,770.2,763599,864,1.1836,2,1,311479,949465,606158,
106291,2,server2,3,779.8,853.19,864,1.1836,2,1,312025,949465,606158,
105983,2,server2,5,816035,770.2,864,1.1836,2,1,311717,949465,606158,
105773,2,server2,9,853.51,770.2,864,1.1836,2,1,311507,949465,606158,
105.74,2,server2,11,779.8,828679,864,1.1836,2,1,311474,949465,606158,
105747,2,server2,13,1050.14,770.2,864,1.1836,2,1,311481,949465,606158,
105739,2,server2,16,1105.29,776.6,864,1.1836,2,1,311473,949465,606158,
105745,2,server2,19,776.6,841359,864,1.1836,2,1,311479,949465,606158,
105751,2,server2,20,985687,779.8,864,1.1836,2,1,311485,949465,606158,
105745,2,server2,23,779.8,808.09,864,1.1836,2,1,311479,949465,606158,
105753,2,server2,27,776.6,800898,864,1.1836,2,1,311487,949465,606158,
105738,2,server2,28,1031.35,779.8,864,1.1836,2,1,311472,949465,606158,
105831,2,server2,29,853847,773.4,864,1.1836,2,1,311565,949465,606158,
105773,2,server2,0,1074.82,779.8,865,1.13524,2,2,351517,969162,516443,
105983,2,server2,5,816035,770.2,865,1.13524,2,2,351727,969162,516443,
105773,2,server2,9,853.51,770.2,865,1.13524,2,2,351517,969162,516443,
105744,2,server2,12,1111.12,779.8,865,1.13524,2,2,351488,969162,516443,
105747,2,server2,13,1050.14,770.2,865,1.13524,2,2,351491,969162,516443,
105754,2,server2,16,1105.29,776.6,865,1.13524,2,2,351498,969162,516443,
105751,2,server2,20,985687,779.8,865,1.13524,2,2,351495,969162,516443,
105758,2,server2,28,1031.35,779.8,865,1.13524,2,2,351502,969162,516443,
105831,2,server2,29,853847,773.4,865,1.13524,2,2,351575,969162,516443,
105785,2,server2,1,769583,770.2,866,0.831708,2,1,309529,764652,683156,
105745,2,server2,2,770.2,763599,866,0.831708,2,1,309489,764652,683156,
105754,2,server2,3,779.8,877353,866,0.831708,2,1,309498,764652,683156,
105983,2,server2,5,816035,770.2,866,0.831708,2,1,309727,764652,683156,
105745,2,server2,6,773.4,905242,866,0.831708,2,1,309489,764652,683156,
105773,2,server2,9,853.51,770.2,866,0.831708,2,1,309517,764652,683156,
105755,2,server2,11,779.8,828679,866,0.831708,2,1,309499,764652,683156,
105747,2,server2,13,1050.14,770.2,866,0.831708,2,1,309491,764652,683156,
105757,2,server2,15,779.8,884703,866,0.831708,2,1,309501,764652,683156,
105745,2,server2,19,776.6,841359,866,0.831708,2,1,309489,764652,683156,
105751,2,server2,20,985687,779.8,866,0.831708,2,1,309495,764652,683156,
105745,2,server2,23,779.8,808.09,866,0.831708,2,1,309489,764652,683156,
105753,2,server2,27,776.6,800898,866,0.831708,2,1,309497,764652,683156,
105758,2,server2,28,1031.35,779.8,866,0.831708,2,1,309502,764652,683156,
105831,2,server2,29,853847,773.4,866,0.831708,2,1,309575,764652,683156,
105785,2,server2,1,769583,770.2,867,1.14842,2,2,346534,854944,487376,
105.75,2,server2,2,770.2,763599,867,1.14842,2,2,346499,854944,487376,
105983,2,server2,5,816035,770.2,867,1.14842,2,2,346732,854944,487376,
105773,2,server2,9,853.51,770.2,867,1.14842,2,2,346522,854944,487376,
105831,2,server2,29,853847,773.4,867,1.14842,2,2,346.58,854944,487376,
105.78,2,server2,21,1346.16,770.2,868,1.23224,2,2,389529,1416.59,683.48,
105785,2,server2,1,769583,770.2,869,0.495824,2,1,303544,880361,1014.66,
105765,2,server2,2,770.2,763599,869,0.495824,2,1,303524,880361,1014.66,
105764,2,server2,3,779.8,877353,869,0.495824,2,1,303523,880361,1014.66,
105983,2,server2,5,816035,770.2,869,0.495824,2,1,303742,880361,1014.66,
105761,2,server2,6,773.4,905242,869,0.495824,2,1,303.52,880361,1014.66,
105773,2,server2,9,853.51,770.2,869,0.495824,2,1,303532,880361,1014.66,
105.79,2,server2,11,779.8,828679,869,0.495824,2,1,303549,880361,1014.66,
105787,2,server2,13,1050.14,770.2,869,0.495824,2,1,303546,880361,1014.66,
105772,2,server2,15,779.8,884703,869,0.495824,2,1,303531,880361,1014.66,
105.82,2,server2,19,776.6,841359,869,0.495824,2,1,303579,880361,1014.66,
105771,2,server2,20,985687,779.8,869,0.495824,2,1,303.53,880361,1014.66,
105.77,2,server2,23,779.8,808.09,869,0.495824,2,1,303529,880361,1014.66,
105773,2,server2,27,776.6,800898,869,0.495824,2,1,303532,880361,1014.66,
105778,2,server2,28,1031.35,779.8,869,0.495824,2,1,303537,880361,1014.66,
105831,2,server2,29,853847,773.4,869,0.495824,2,1,303.59,880361,1014.66,
105773,2,server2,0,1074.82,779.8,870,1.27167,2,2,364542,946496,689602,
105785,2,server2,1,769583,770.2,870,1.27167,2,2,364554,946496,689602,
105775,2,server2,2,770.2,763599,870,1.27167,2,2,364544,946496,689602,
105774,2,server2,3,779.8,877353,870,1.27167,2,2,364543,946496,689602,
105983,2,server2,5,816035,770.2,870,1.27167,2,2,364752,946496,689602,
105769,2,server2,6,773.4,906638,870,1.27167,2,2,364538,946496,689602,
105773,2,server2,9,853.51,770.2,870,1.27167,2,2,364542,946496,689602,
105.79,2,server2,11,779.8,828679,870,1.27167,2,2,364559,946496,689602,
105769,2,server2,12,1111.12,779.8,870,1.27167,2,2,364538,946496,689602,
105787,2,server2,13,1050.14,770.2,870,1.27167,2,2,364556,946496,689602,
105772,2,server2,15,779.8,884703,870,1.27167,2,2,364541,946496,689602,
105769,2,server2,16,1105.29,776.6,870,1.27167,2,2,364538,946496,689602,
105.82,2,server2,19,776.6,841359,870,1.27167,2,2,364589,946496,689602,
105771,2,server2,20,985687,779.8,870,1.27167,2,2,364.54,946496,689602,
105.77,2,server2,23,779.8,808.09,870,1.27167,2,2,364539,946496,689602,
105773,2,server2,27,776.6,800898,870,1.27167,2,2,364542,946496,689602,
105778,2,server2,28,1031.35,779.8,870,1.27167,2,2,364547,946496,689602,
105831,2,server2,29,853847,773.4,870,1.27167,2,2,364.6,946496,689602,
105773,2,server2,0,1074.82,779.8,871,2.32262,2,1,303542,1006.91,984026,
105774,2,server2,3,779.8,877353,871,2.32262,2,1,303543,1006.91,984026,
105794,2,server2,4,1205.49,779.8,871,2.32262,2,1,303563,1006.91,984026,
105983,2,server2,5,816035,770.2,871,2.32262,2,1,303752,1006.91,984026,
105.77,2,server2,6,773.4,906638,871,2.32262,2,1,303539,1006.91,984026,
105773,2,server2,9,853.51,770.2,871,2.32262,2,1,303542,1006.91,984026,
105.79,2,server2,11,779.8,828679,871,2.32262,2,1,303559,1006.91,984026,
105787,2,server2,13,1050.14,770.2,871,2.32262,2,1,303556,1006.91,984026,
105772,2,server2,15,779.8,884703,871,2.32262,2,1,303541,1006.91,984026,
105769,2,server2,16,1105.29,776.6,871,2.32262,2,1,303538,1006.91,984026,
105.82,2,server2,19,776.6,841359,871,2.32262,2,1,303589,1006.91,984026,
105771,2,server2,20,985687,779.8,871,2.32262,2,1,303.54,1006.91,984026,
105.77,2,server2,23,779.8,808.09,871,2.32262,2,1,303539,1006.91,984026,
105773,2,server2,27,776.6,800898,871,2.32262,2,1,303542,1006.91,984026,
105778,2,server2,28,1031.35,779.8,871,2.32262,2,1,303547,1006.91,984026,
105831,2,server2,29,853847,773.4,871,2.32262,2,1,303.6,1006.91,984026,
105803,2,server2,0,1074.82,779.8,872,0.412841,2,2,355582,1028.37,1013.62,
105789,2,server2,3,779.8,877353,872,0.412841,2,2,355568,1028.37,1013.62,
105794,2,server2,4,1205.49,779.8,872,0.412841,2,2,355573,1028.37,1013.62,
105.78,2,server2,6,773.4,906638,872,0.412841,2,2,355559,1028.37,1013.62,
105828,2,server2,9,853.51,770.2,872,0.412841,2,2,355607,1028.37,1013.62,
105787,2,server2,13,1050.14,770.2,872,0.412841,2,2,355566,1028.37,1013.62,
105787,2,server2,15,779.8,884703,872,0.412841,2,2,355566,1028.37,1013.62,
105784,2,server2,16,1105.29,776.6,872,0.412841,2,2,355563,1028.37,1013.62,
105786,2,server2,20,985687,779.8,872,0.412841,2,2,355565,1028.37,1013.62,
105803,2,server2,28,1031.35,779.8,872,0.412841,2,2,355582,1028.37,1013.62,
105831,2,server2,29,853847,773.4,872,0.412841,2,2,355.61,1028.37,1013.62,
105803,2,server2,0,1074.82,779.8,873,0.4491,2,2,370592,1228.34,654.78,
105794,2,server2,4,1205.49,779.8,873,0.4491,2,2,370583,1228.34,654.78,
105842,2,server2,13,1050.14,770.2,873,0.4491,2,2,370631,1228.34,654.78,
105799,2,server2,16,1105.29,776.6,873,0.4491,2,2,370588,1228.34,654.78,
105801,2,server2,20,985687,779.8,873,0.4491,2,2,370.59,1228.34,654.78,
105815,2,server2,21,1346.16,770.2,873,0.4491,2,2,370604,1228.34,654.78,
105803,2,server2,28,1031.35,779.8,873,0.4491,2,2,370592,1228.34,654.78,
105803,2,server2,0,1074.82,779.8,874,1.29454,2,2,375597,978382,758766,
105.85,2,server2,1,769583,770.2,874,1.29454,2,2,375644,978382,758766,
105.8,2,server2,2,770.2,763599,874,1.29454,2,2,375594,978382,758766,
105799,2,server2,3,779.8,877353,874,1.29454,2,2,375593,978382,758766,
105983,2,server2,5,816035,770.2,874,1.29454,2,2,375777,978382,758766,
105794,2,server2,6,773.4,906638,874,1.29454,2,2,375588,978382,758766,
105828,2,server2,9,853.51,770.2,874,1.29454,2,2,375622,978382,758766,
105825,2,server2,11,779.8,828679,874,1.29454,2,2,375619,978382,758766,
105799,2,server2,12,1111.12,779.8,874,1.29454,2,2,375593,978382,758766,
105842,2,server2,13,1050.14,770.2,874,1.29454,2,2,375636,978382,758766,
105807,2,server2,15,779.8,884703,874,1.29454,2,2,375601,978382,758766,
105799,2,server2,16,1105.29,776.6,874,1.29454,2,2,375593,978382,758766,
105.82,2,server2,19,776.6,841359,874,1.29454,2,2,375614,978382,758766,
105801,2,server2,20,985687,779.8,874,1.29454,2,2,375595,978382,758766,
105.81,2,server2,23,779.8,808.09,874,1.29454,2,2,375604,978382,758766,
105848,2,server2,27,776.6,800898,874,1.29454,2,2,375642,978382,758766,
105803,2,server2,28,1031.35,779.8,874,1.29454,2,2,375597,978382,758766,
105831,2,server2,29,853847,773.4,874,1.29454,2,2,375625,978382,758766,
105803,2,server2,0,1074.82,779.8,875,0.461813,2,2,339602,960104,788844,
105.85,2,server2,1,769583,770.2,875,0.461813,2,2,339649,960104,788844,
105.8,2,server2,2,770.2,763599,875,0.461813,2,2,339599,960104,788844,
105809,2,server2,3,779.8,877353,875,0.461813,2,2,339608,960104,788844,
105814,2,server2,4,1205.49,779.8,875,0.461813,2,2,339613,960104,788844,
105983,2,server2,5,816035,770.2,875,0.461813,2,2,339782,960104,788844,
105807,2,server2,6,773.4,906638,875,0.461813,2,2,339606,960104,788844,
105828,2,server2,9,853.51,770.2,875,0.461813,2,2,339627,960104,788844,
105825,2,server2,11,779.8,828679,875,0.461813,2,2,339624,960104,788844,
105842,2,server2,13,1050.14,770.2,875,0.461813,2,2,339641,960104,788844,
105807,2,server2,15,779.8,884703,875,0.461813,2,2,339606,960104,788844,
105799,2,server2,16,1105.29,776.6,875,0.461813,2,2,339598,960104,788844,
105.82,2,server2,19,776.6,841359,875,0.461813,2,2,339619,960104,788844,
105801,2,server2,20,985687,779.8,875,0.461813,2,2,339.6,960104,788844,
105.81,2,server2,23,779.8,808.09,875,0.461813,2,2,339609,960104,788844,
105848,2,server2,27,776.6,800898,875,0.461813,2,2,339647,960104,788844,
105803,2,server2,28,1031.35,779.8,875,0.461813,2,2,339602,960104,788844,
105831,2,server2,29,853847,773.4,875,0.461813,2,2,339.63,960104,788844,
105853,2,server2,0,1074.82,779.8,876,1.34854,2,2,386667,981646,752549,
105.85,2,server2,1,769583,770.2,876,1.34854,2,2,386664,981646,752549,
105.82,2,server2,2,770.2,763599,876,1.34854,2,2,386634,981646,752549,
105824,2,server2,3,779.8,877353,876,1.34854,2,2,386638,981646,752549,
105983,2,server2,5,816035,770.2,876,1.34854,2,2,386797,981646,752549,
105814,2,server2,6,773.4,908.03,876,1.34854,2,2,386628,981646,752549,
105828,2,server2,9,853.51,770.2,876,1.34854,2,2,386642,981646,752549,
105825,2,server2,11,779.8,828679,876,1.34854,2,2,386639,981646,752549,
105849,2,server2,12,1111.12,779.8,876,1.34854,2,2,386663,981646,752549,
105842,2,server2,13,1050.14,770.2,876,1.34854,2,2,386656,981646,752549,
105822,2,server2,15,779.8,884703,876,1.34854,2,2,386636,981646,752549,
105814,2,server2,16,1105.29,776.6,876,1.34854,2,2,386628,981646,752549,
105.82,2,server2,19,776.6,841359,876,1.34854,2,2,386634,981646,752549,
105816,2,server2,20,985687,779.8,876,1.34854,2,2,386.63,981646,752549,
105.83,2,server2,23,779.8,808.09,876,1.34854,2,2,386644,981646,752549,
105848,2,server2,27,776.6,800898,876,1.34854,2,2,386662,981646,752549,
105823,2,server2,28,1031.35,779.8,876,1.34854,2,2,386637,981646,752549,
105831,2,server2,29,853847,773.4,876,1.34854,2,2,386645,981646,752549,
105853,2,server2,0,1074.82,779.8,878,0.476404,2,2,340702,984,665078,
105.85,2,server2,1,769583,770.2,878,0.476404,2,2,340699,984,665078,
105855,2,server2,2,770.2,763599,878,0.476404,2,2,340704,984,665078,
105859,2,server2,3,779.8,877353,878,0.476404,2,2,340708,984,665078,
105854,2,server2,4,1205.49,779.8,878,0.476404,2,2,340703,984,665078,
105983,2,server2,5,816035,770.2,878,0.476404,2,2,340832,984,665078,
105878,2,server2,9,853.51,770.2,878,0.476404,2,2,340727,984,665078,
105865,2,server2,11,779.8,828679,878,0.476404,2,2,340714,984,665078,
105892,2,server2,13,1050.14,770.2,878,0.476404,2,2,340741,984,665078,
105857,2,server2,15,779.8,884703,878,0.476404,2,2,340706,984,665078,
105859,2,server2,16,1105.29,776.6,878,0.476404,2,2,340708,984,665078,
105.87,2,server2,19,776.6,841359,878,0.476404,2,2,340719,984,665078,
105851,2,server2,20,985687,779.8,878,0.476404,2,2,340.7,984,665078,
105.85,2,server2,23,779.8,808.09,878,0.476404,2,2,340699,984,665078,
105858,2,server2,27,776.6,800898,878,0.476404,2,2,340707,984,665078,
105858,2,server2,28,1031.35,779.8,878,0.476404,2,2,340707,984,665078,
105881,2,server2,29,853847,773.4,878,0.476404,2,2,340.73,984,665078,
105873,2,server2,0,1074.82,779.8,879,1.6129,2,2,358727,991191,929636,
105.89,2,server2,1,769583,770.2,879,1.6129,2,2,358744,991191,929636,
105855,2,server2,2,770.2,763599,879,1.6129,2,2,358709,991191,929636,
105859,2,server2,3,779.8,877353,879,1.6129,2,2,358713,991191,929636,
105983,2,server2,5,816035,770.2,879,1.6129,2,2,358837,991191,929636,
105854,2,server2,6,773.4,909419,879,1.6129,2,2,358708,991191,929636,
105878,2,server2,9,853.51,770.2,879,1.6129,2,2,358732,991191,929636,
105865,2,server2,11,779.8,828679,879,1.6129,2,2,358719,991191,929636,
105874,2,server2,12,1111.12,779.8,879,1.6129,2,2,358728,991191,929636,
105892,2,server2,13,1050.14,770.2,879,1.6129,2,2,358746,991191,929636,
105857,2,server2,15,779.8,884703,879,1.6129,2,2,358711,991191,929636,
105859,2,server2,16,1105.29,776.6,879,1.6129,2,2,358713,991191,929636,
105.87,2,server2,19,776.6,841359,879,1.6129,2,2,358724,991191,929636,
105856,2,server2,20,985687,779.8,879,1.6129,2,2,358.71,991191,929636,
105875,2,server2,23,779.8,808.09,879,1.6129,2,2,358729,991191,929636,
105858,2,server2,27,776.6,800898,879,1.6129,2,2,358712,991191,929636,
105858,2,server2,28,1031.35,779.8,879,1.6129,2,2,358712,991191,929636,
105881,2,server2,29,853847,773.4,879,1.6129,2,2,358735,991191,929636,
105923,2,server2,0,1074.82,779.8,880,1.63833,2,2,390797,1115.05,704094,
105878,2,server2,9,853.51,770.2,880,1.63833,2,2,390752,1115.05,704094,
105874,2,server2,12,1111.12,779.8,880,1.63833,2,2,390748,1115.05,704094,
105892,2,server2,13,1050.14,770.2,880,1.63833,2,2,390766,1115.05,704094,
105874,2,server2,16,1105.29,776.6,880,1.63833,2,2,390748,1115.05,704094,
105881,2,server2,20,985687,779.8,880,1.63833,2,2,390755,1115.05,704094,
105885,2,server2,21,1346.16,770.2,880,1.63833,2,2,390759,1115.05,704094,
105898,2,server2,28,1031.35,779.8,880,1.63833,2,2,390772,1115.05,704094,
105881,2,server2,29,853847,773.4,880,1.63833,2,2,390755,1115.05,704094,
105923,2,server2,0,1074.82,779.8,881,0.507534,2,2,377797,1258.95,741149,
105899,2,server2,4,1205.49,779.8,881,0.507534,2,2,377773,1258.95,741149,
105892,2,server2,13,1050.14,770.2,881,0.507534,2,2,377766,1258.95,741149,
105874,2,server2,16,1105.29,776.6,881,0.507534,2,2,377748,1258.95,741149,
105881,2,server2,20,985687,779.8,881,0.507534,2,2,377755,1258.95,741149,
105885,2,server2,21,1346.16,770.2,881,0.507534,2,2,377759,1258.95,741149,
105898,2,server2,28,1031.35,779.8,881,0.507534,2,2,377772,1258.95,741149,
105923,2,server2,0,1074.82,779.8,882,1.65169,1,2,353822,805558,897748,
105905,2,server2,2,770.2,763599,882,1.65169,1,2,353804,805558,897748,
105904,2,server2,3,779.8,877353,882,1.65169,1,2,353803,805558,897748,
105983,2,server2,5,816035,770.2,882,1.65169,1,2,353882,805558,897748,
105899,2,server2,6,773.4,910812,882,1.65169,1,2,353798,805558,897748,
105933,2,server2,9,853.51,770.2,882,1.65169,1,2,353832,805558,897748,
105.9,2,server2,11,779.8,828679,882,1.65169,1,2,353799,805558,897748,
105942,2,server2,13,1050.14,770.2,882,1.65169,1,2,353841,805558,897748,
105907,2,server2,15,779.8,884703,882,1.65169,1,2,353806,805558,897748,
105.92,2,server2,19,776.6,841359,882,1.65169,1,2,353819,805558,897748,
105906,2,server2,20,985687,779.8,882,1.65169,1,2,353805,805558,897748,
105915,2,server2,23,779.8,808.09,882,1.65169,1,2,353814,805558,897748,
105928,2,server2,27,776.6,800898,882,1.65169,1,2,353827,805558,897748,
105933,2,server2,28,1031.35,779.8,882,1.65169,1,2,353832,805558,897748,
105936,2,server2,29,853847,773.4,882,1.65169,1,2,353835,805558,897748,
105923,2,server2,0,1074.82,779.8,883,1.77232,2,2,338842,812292,924844,
105925,2,server2,2,770.2,763599,883,1.77232,2,2,338844,812292,924844,
105924,2,server2,3,779.8,877353,883,1.77232,2,2,338843,812292,924844,
105983,2,server2,5,816035,770.2,883,1.77232,2,2,338902,812292,924844,
105919,2,server2,6,773.4,912204,883,1.77232,2,2,338838,812292,924844,
105933,2,server2,9,853.51,770.2,883,1.77232,2,2,338852,812292,924844,
105925,2,server2,11,779.8,828679,883,1.77232,2,2,338844,812292,924844,
105942,2,server2,13,1050.14,770.2,883,1.77232,2,2,338861,812292,924844,
105922,2,server2,15,779.8,884703,883,1.77232,2,2,338841,812292,924844,
105.92,2,server2,19,776.6,841359,883,1.77232,2,2,338839,812292,924844,
105921,2,server2,20,985687,779.8,883,1.77232,2,2,338.84,812292,924844,
105935,2,server2,23,779.8,808.09,883,1.77232,2,2,338854,812292,924844,
105928,2,server2,27,776.6,800898,883,1.77232,2,2,338847,812292,924844,
105933,2,server2,28,1031.35,779.8,883,1.77232,2,2,338852,812292,924844,
105936,2,server2,29,853847,773.4,883,1.77232,2,2,338855,812292,924844,
105953,2,server2,0,1074.82,779.8,884,1.08128,2,1,349883,949319,674064,
105935,2,server2,2,770.2,763599,884,1.08128,2,1,349865,949319,674064,
105939,2,server2,3,779.8,877353,884,1.08128,2,1,349869,949319,674064,
105939,2,server2,4,1205.49,779.8,884,1.08128,2,1,349869,949319,674064,
105983,2,server2,5,816035,770.2,884,1.08128,2,1,349913,949319,674064,
105933,2,server2,9,853.51,770.2,884,1.08128,2,1,349863,949319,674064,
105945,2,server2,11,779.8,828679,884,1.08128,2,1,349875,949319,674064,
105954,2,server2,12,1111.12,779.8,884,1.08128,2,1,349884,949319,674064,
105942,2,server2,13,1050.14,770.2,884,1.08128,2,1,349872,949319,674064,
105937,2,server2,15,779.8,884703,884,1.08128,2,1,349867,949319,674064,
105944,2,server2,16,1105.29,776.6,884,1.08128,2,1,349874,949319,674064,
105975,2,server2,19,776.6,841359,884,1.08128,2,1,349905,949319,674064,
105931,2,server2,20,985687,779.8,884,1.08128,2,1,349861,949319,674064,
105935,2,server2,23,779.8,808.09,884,1.08128,2,1,349865,949319,674064,
105943,2,server2,27,776.6,800898,884,1.08128,2,1,349873,949319,674064,
105933,2,server2,28,1031.35,779.8,884,1.08128,2,1,349863,949319,674064,
105936,2,server2,29,853847,773.4,884,1.08128,2,1,349866,949319,674064,
105953,2,server2,0,1074.82,779.8,885,1.88472,2,2,384892,1069.91,963307,
105988,2,server2,9,853.51,770.2,885,1.88472,2,2,384927,1069.91,963307,
105954,2,server2,12,1111.12,779.8,885,1.88472,2,2,384893,1069.91,963307,
105942,2,server2,13,1050.14,770.2,885,1.88472,2,2,384881,1069.91,963307,
105944,2,server2,16,1105.29,776.6,885,1.88472,2,2,384883,1069.91,963307,
105946,2,server2,20,985687,779.8,885,1.88472,2,2,384885,1069.91,963307,
105968,2,server2,28,1031.35,779.8,885,1.88472,2,2,384907,1069.91,963307,
105986,2,server2,29,853847,773.4,885,1.88472,2,2,384925,1069.91,963307,
106003,2,server2,0,1074.82,779.8,886,0.514984,2,2,352957,804337,707179,
105.96,2,server2,2,770.2,763599,886,0.514984,2,2,352914,804337,707179,
105959,2,server2,3,779.8,877353,886,0.514984,2,2,352913,804337,707179,
105983,2,server2,5,816035,770.2,886,0.514984,2,2,352937,804337,707179,
105955,2,server2,6,773.4,913597,886,0.514984,2,2,352909,804337,707179,
105988,2,server2,9,853.51,770.2,886,0.514984,2,2,352942,804337,707179,
105.97,2,server2,11,779.8,828679,886,0.514984,2,2,352924,804337,707179,
105997,2,server2,13,1050.14,770.2,886,0.514984,2,2,352951,804337,707179,
105957,2,server2,15,779.8,884703,886,0.514984,2,2,352911,804337,707179,
105975,2,server2,19,776.6,841359,886,0.514984,2,2,352929,804337,707179,
105956,2,server2,20,985687,779.8,886,0.514984,2,2,352.91,804337,707179,
105.96,2,server2,23,779.8,808.09,886,0.514984,2,2,352914,804337,707179,
106013,2,server2,27,776.6,800898,886,0.514984,2,2,352967,804337,707179,
105968,2,server2,28,1031.35,779.8,886,0.514984,2,2,352922,804337,707179,
105986,2,server2,29,853847,773.4,886,0.514984,2,2,352.94,804337,707179,
106003,2,server2,0,1074.82,779.8,887,2.18185,2,2,348962,1255.49,677981,
105979,2,server2,12,1111.12,779.8,887,2.18185,2,2,348938,1255.49,677981,
105997,2,server2,13,1050.14,770.2,887,2.18185,2,2,348956,1255.49,677981,
105961,2,server2,20,985687,779.8,887,2.18185,2,2,348.92,1255.49,677981,
105.96,2,server2,21,1346.16,770.2,887,2.18185,2,2,348919,1255.49,677981,
105968,2,server2,28,1031.35,779.8,887,2.18185,2,2,348927,1255.49,677981,
106208,2,server2,0,1074.82,779.8,888,2.00587,2,2,339359,998475,879408,
105.98,2,server2,2,770.2,763599,888,2.47023,2,2,360959,605693,905978,
105989,2,server2,3,779.8,877353,888,2.47023,2,2,360968,605693,905978,
106159,2,server2,3,779.8,876.15,888,2.00587,2,2,339.31,998475,879408,
106154,2,server2,4,1205.49,779.8,888,2.00587,2,2,339305,998475,879408,
105983,2,server2,5,816035,770.2,888,2.47023,2,2,360962,605693,905978,
106173,2,server2,5,816035,770.2,888,2.00587,2,2,339324,998475,879408,
105979,2,server2,6,773.4,914994,888,2.47023,2,2,360958,605693,905978,
106159,2,server2,6,773.4,916384,888,2.00587,2,2,339.31,998475,879408,
105988,2,server2,9,853.51,770.2,888,2.47023,2,2,360967,605693,905978,
106193,2,server2,9,853.51,770.2,888,2.00587,2,2,339344,998475,879408,
105.99,2,server2,11,779.8,828679,888,2.47023,2,2,360969,605693,905978,
106175,2,server2,11,779.8,828679,888,2.00587,2,2,339326,998475,879408,
106164,2,server2,12,1111.12,779.8,888,2.00587,2,2,339315,998475,879408,
106152,2,server2,13,1050.14,770.2,888,2.00587,2,2,339303,998475,879408,
105987,2,server2,15,779.8,884703,888,2.47023,2,2,360966,605693,905978,
106177,2,server2,15,779.8,884703,888,2.00587,2,2,339328,998475,879408,
106.05,2,server2,19,776.6,841359,888,2.47023,2,2,361029,605693,905978,
106215,2,server2,19,776.6,841359,888,2.00587,2,2,339366,998475,879408,
106151,2,server2,20,985687,779.8,888,2.00587,2,2,339302,998475,879408,
105.98,2,server2,23,779.8,808.09,888,2.47023,2,2,360959,605693,905978,
106155,2,server2,23,779.8,808.09,888,2.00587,2,2,339306,998475,879408,
106013,2,server2,27,776.6,800898,888,2.47023,2,2,360992,605693,905978,
106153,2,server2,27,776.6,800898,888,2.00587,2,2,339304,998475,879408,
106158,2,server2,28,1031.35,779.8,888,2.00587,2,2,339309,998475,879408,
105986,2,server2,29,853847,773.4,888,2.47023,2,2,360965,605693,905978,
106186,2,server2,29,853847,773.4,888,2.00587,2,2,339337,998475,879408,
106003,2,server2,0,1074.82,779.8,889,0.544658,2,2,383982,987596,882467,
106208,2,server2,0,1074.82,779.8,889,0.800535,2,2,369.36,1038.6,952031,
105.98,2,server2,2,770.2,763599,889,0.544658,2,2,383959,987596,882467,
105989,2,server2,3,779.8,877353,889,0.544658,2,2,383968,987596,882467,
106159,2,server2,3,779.8,876.15,889,0.800535,2,2,369311,1038.6,952031,
106004,2,server2,4,1205.49,779.8,889,0.544658,2,2,383983,987596,882467,
106154,2,server2,4,1205.49,779.8,889,0.800535,2,2,369306,1038.6,952031,
105983,2,server2,5,816035,770.2,889,0.544658,2,2,383962,987596,882467,
106173,2,server2,5,816035,770.2,889,0.800535,2,2,369325,1038.6,952031,
105.98,2,server2,6,773.4,914994,889,0.544658,2,2,383959,987596,882467,
106159,2,server2,6,773.4,916384,889,0.800535,2,2,369311,1038.6,952031,
105988,2,server2,9,853.51,770.2,889,0.544658,2,2,383967,987596,882467,
106193,2,server2,9,853.51,770.2,889,0.800535,2,2,369345,1038.6,952031,
105.99,2,server2,11,779.8,828679,889,0.544658,2,2,383969,987596,882467,
106175,2,server2,11,779.8,828679,889,0.800535,2,2,369327,1038.6,952031,
106164,2,server2,12,1111.12,779.8,889,0.800535,2,2,369316,1038.6,952031,
105997,2,server2,13,1050.14,770.2,889,0.544658,2,2,383976,987596,882467,
106152,2,server2,13,1050.14,770.2,889,0.800535,2,2,369304,1038.6,952031,
105987,2,server2,15,779.8,884703,889,0.544658,2,2,383966,987596,882467,
106177,2,server2,15,779.8,884703,889,0.800535,2,2,369329,1038.6,952031,
106.05,2,server2,19,776.6,841359,889,0.544658,2,2,384029,987596,882467,
106215,2,server2,19,776.6,841359,889,0.800535,2,2,369367,1038.6,952031,
105986,2,server2,20,985687,779.8,889,0.544658,2,2,383965,987596,882467,
106156,2,server2,20,985687,779.8,889,0.800535,2,2,369308,1038.6,952031,
105.98,2,server2,23,779.8,808.09,889,0.544658,2,2,383959,987596,882467,
106155,2,server2,23,779.8,808.09,889,0.800535,2,2,369307,1038.6,952031,
106013,2,server2,27,776.6,800898,889,0.544658,2,2,383992,987596,882467,
106003,2,server2,28,1031.35,779.8,889,0.544658,2,2,383982,987596,882467,
106158,2,server2,28,1031.35,779.8,889,0.800535,2,2,369.31,1038.6,952031,
105986,2,server2,29,853847,773.4,889,0.544658,2,2,383965,987596,882467,
106186,2,server2,29,853847,773.4,889,0.800535,2,2,369338,1038.6,952031,
106.01,2,server2,2,770.2,763599,890,2.5321,2,2,363014,772572,610424,
106017,2,server2,3,779.8,877353,890,2.5321,2,2,363021,772572,610424,
106159,2,server2,3,779.8,876.15,890,1.8584,2,1,322312,771373,1037.58,
106078,2,server2,5,816035,770.2,890,2.5321,2,2,363082,772572,610424,
106173,2,server2,5,816035,770.2,890,1.8584,2,1,322326,771373,1037.58,
106159,2,server2,6,773.4,916384,890,1.8584,2,1,322312,771373,1037.58,
106038,2,server2,9,853.51,770.2,890,2.5321,2,2,363042,772572,610424,
106193,2,server2,9,853.51,770.2,890,1.8584,2,1,322346,771373,1037.58,
106.01,2,server2,11,779.8,828679,890,2.5321,2,2,363014,772572,610424,
106175,2,server2,11,779.8,828679,890,1.8584,2,1,322328,771373,1037.58,
106007,2,server2,15,779.8,884703,890,2.5321,2,2,363011,772572,610424,
106177,2,server2,15,779.8,884703,890,1.8584,2,1,322.33,771373,1037.58,
106.05,2,server2,19,776.6,841359,890,2.5321,2,2,363054,772572,610424,
106215,2,server2,19,776.6,841359,890,1.8584,2,1,322368,771373,1037.58,
106011,2,server2,20,985687,779.8,890,2.5321,2,2,363015,772572,610424,
106045,2,server2,23,779.8,808.09,890,2.5321,2,2,363049,772572,610424,
106155,2,server2,23,779.8,808.09,890,1.8584,2,1,322308,771373,1037.58,
106013,2,server2,27,776.6,800898,890,2.5321,2,2,363017,772572,610424,
106153,2,server2,27,776.6,800898,890,1.8584,2,1,322306,771373,1037.58,
106031,2,server2,29,853847,773.4,890,2.5321,2,2,363035,772572,610424,
106186,2,server2,29,853847,773.4,890,1.8584,2,1,322339,771373,1037.58,
106078,2,server2,0,1074.82,779.8,891,0.546444,2,2,368137,1114.55,530394,
106069,2,server2,4,1205.49,779.8,891,0.546444,2,2,368128,1114.55,530394,
106169,2,server2,4,1205.49,779.8,891,0.780738,2,2,349333,1253.06,499129,
106097,2,server2,13,1050.14,770.2,891,0.546444,2,2,368156,1114.55,530394,
106061,2,server2,20,985687,779.8,891,0.546444,2,2,368.12,1114.55,530394,
106.17,2,server2,21,1346.16,770.2,891,0.780738,2,2,349334,1253.06,499129,
106068,2,server2,28,1031.35,779.8,891,0.546444,2,2,368127,1114.55,530394,
106273,2,server2,0,1074.82,779.8,892,0.814927,2,2,349507,880436,930853,
106121,2,server2,2,770.2,763599,892,0.547239,2,2,371235,749838,719417,
106.22,2,server2,2,770.2,778483,892,0.803356,2,2,378429,721703,1073.25,
106245,2,server2,2,770.2,778483,892,0.814927,2,2,349479,880436,930853,
106119,2,server2,3,779.8,876.15,892,0.547239,2,2,371233,749838,719417,
106.21,2,server2,3,779.8,876.15,892,0.803356,2,2,378419,721703,1073.25,
106235,2,server2,3,779.8,876.15,892,0.814927,2,2,349469,880436,930853,
106173,2,server2,5,816035,770.2,892,0.547239,2,2,371287,749838,719417,
106268,2,server2,5,816035,770.2,892,0.814927,2,2,349502,880436,930853,
106124,2,server2,6,773.4,916384,892,0.547239,2,2,371238,749838,719417,
106214,2,server2,6,773.4,916384,892,0.803356,2,2,378423,721703,1073.25,
106239,2,server2,6,773.4,916384,892,0.814927,2,2,349473,880436,930853,
106143,2,server2,9,853.51,770.2,892,0.547239,2,2,371257,749838,719417,
106238,2,server2,9,853.51,770.2,892,0.814927,2,2,349472,880436,930853,
106145,2,server2,11,779.8,828679,892,0.547239,2,2,371259,749838,719417,
106.24,2,server2,11,779.8,828679,892,0.803356,2,2,378449,721703,1073.25,
106.24,2,server2,11,779.8,828679,892,0.814927,2,2,349474,880436,930853,
106252,2,server2,13,1050.14,770.2,892,0.814927,2,2,349486,880436,930853,
106142,2,server2,15,779.8,884703,892,0.547239,2,2,371256,749838,719417,
106217,2,server2,15,779.8,884703,892,0.803356,2,2,378426,721703,1073.25,
106252,2,server2,15,779.8,884703,892,0.814927,2,2,349486,880436,930853,
106.13,2,server2,19,776.6,841359,892,0.547239,2,2,371244,749838,719417,
106215,2,server2,19,776.6,841359,892,0.803356,2,2,378424,721703,1073.25,
106255,2,server2,19,776.6,841359,892,0.814927,2,2,349489,880436,930853,
106116,2,server2,20,985687,779.8,892,0.547239,2,2,371.23,749838,719417,
106241,2,server2,20,985687,779.8,892,0.814927,2,2,349475,880436,930853,
106115,2,server2,23,779.8,808.09,892,0.547239,2,2,371229,749838,719417,
106225,2,server2,23,779.8,808.09,892,0.803356,2,2,378434,721703,1073.25,
106245,2,server2,23,779.8,808.09,892,0.814927,2,2,349479,880436,930853,
106118,2,server2,27,776.6,800898,892,0.547239,2,2,371232,749838,719417,
106218,2,server2,27,776.6,800898,892,0.803356,2,2,378427,721703,1073.25,
106243,2,server2,27,776.6,800898,892,0.814927,2,2,349477,880436,930853,
106128,2,server2,28,1031.35,779.8,892,0.547239,2,2,371242,749838,719417,
106243,2,server2,28,1031.35,779.8,892,0.814927,2,2,349477,880436,930853,
106136,2,server2,29,853847,773.4,892,0.547239,2,2,371.25,749838,719417,
106256,2,server2,29,853847,773.4,892,0.814927,2,2,349.49,880436,930853,
106208,2,server2,0,1074.82,779.8,893,0.462743,2,2,338358,970059,552883,
106273,2,server2,0,1074.82,779.8,893,0.843612,2,2,384512,1299.65,802797,
106254,2,server2,4,1205.49,779.8,893,0.843612,2,2,384493,1299.65,802797,
106173,2,server2,5,816035,770.2,893,0.462743,2,2,338323,970059,552883,
106193,2,server2,9,853.51,770.2,893,0.462743,2,2,338343,970059,552883,
106164,2,server2,12,1111.12,779.8,893,0.462743,2,2,338314,970059,552883,
106152,2,server2,13,1050.14,770.2,893,0.462743,2,2,338302,970059,552883,
106252,2,server2,13,1050.14,770.2,893,0.843612,2,2,384491,1299.65,802797,
106151,2,server2,20,985687,779.8,893,0.462743,2,2,338301,970059,552883,
106255,2,server2,21,1346.16,770.2,893,0.843612,2,2,384494,1299.65,802797,
106158,2,server2,28,1031.35,779.8,893,0.462743,2,2,338308,970059,552883,
106243,2,server2,28,1031.35,779.8,893,0.843612,2,2,384482,1299.65,802797,
106186,2,server2,29,853847,773.4,893,0.462743,2,2,338336,970059,552883,
106273,2,server2,0,1074.82,779.8,894,1.02639,2,2,360517,800525,759271,
106245,2,server2,2,770.2,778483,894,1.02639,2,2,360489,800525,759271,
106246,2,server2,3,779.8,876.15,894,1.02639,2,2,360.49,800525,759271,
106268,2,server2,5,816035,770.2,894,1.02639,2,2,360512,800525,759271,
106249,2,server2,6,773.4,916384,894,1.02639,2,2,360493,800525,759271,
106293,2,server2,9,853.51,770.2,894,1.02639,2,2,360537,800525,759271,
106245,2,server2,11,779.8,828679,894,1.02639,2,2,360489,800525,759271,
106252,2,server2,13,1050.14,770.2,894,1.02639,2,2,360496,800525,759271,
106252,2,server2,15,779.8,884703,894,1.02639,2,2,360496,800525,759271,
106255,2,server2,19,776.6,841359,894,1.02639,2,2,360499,800525,759271,
106246,2,server2,20,985687,779.8,894,1.02639,2,2,360.49,800525,759271,
106245,2,server2,23,779.8,808.09,894,1.02639,2,2,360489,800525,759271,
106253,2,server2,27,776.6,800898,894,1.02639,2,2,360497,800525,759271,
106258,2,server2,28,1031.35,779.8,894,1.02639,2,2,360502,800525,759271,
106256,2,server2,29,853847,773.4,894,1.02639,2,2,360.5,800525,759271,
106.29,2,server2,2,770.2,779.25,895,0.946083,2,0,273576,639307,984098,
106289,2,server2,6,773.4,916384,895,0.946083,2,0,273575,639307,984098,
106.29,2,server2,11,779.8,828679,895,0.946083,2,0,273576,639307,984098,
106287,2,server2,15,779.8,884703,895,0.946083,2,0,273573,639307,984098,
106.29,2,server2,19,776.6,841359,895,0.946083,2,0,273576,639307,984098,
106293,2,server2,27,776.6,800898,895,0.946083,2,0,273579,639307,984098,
106.29,2,server2,2,770.2,779.25,896,1.83896,2,2,317579,627909,883748,
106289,2,server2,6,773.4,916384,896,1.83896,2,2,317578,627909,883748,
106293,2,server2,9,853.51,770.2,896,1.83896,2,2,317582,627909,883748,
106.29,2,server2,11,779.8,828679,896,1.83896,2,2,317579,627909,883748,
106.29,2,server2,19,776.6,841359,896,1.83896,2,2,317579,627909,883748,
106293,2,server2,27,776.6,800898,896,1.83896,2,2,317582,627909,883748,
106.29,2,server2,2,770.2,779.25,897,1.27299,2,2,360579,874958,827.38,
106291,2,server2,3,779.8,853.19,897,1.27299,2,2,360.58,874958,827.38,
106293,2,server2,9,853.51,770.2,897,1.27299,2,2,360582,874958,827.38,
106.29,2,server2,11,779.8,828679,897,1.27299,2,2,360579,874958,827.38,
106.29,2,server2,19,776.6,841359,897,1.27299,2,2,360579,874958,827.38,
106293,2,server2,27,776.6,800898,897,1.27299,2,2,360582,874958,827.38,
106293,2,server2,28,1031.35,779.8,897,1.27299,2,2,360582,874958,827.38,
